station_id,mean_abs_error,mean_uncertainty,error_rank,uncertainty_rank,STATION_ID,observed_steps,coverage,sparsity,temporal_entropy,subway_total,subway_norm,MASTER_STATION_ID,cell_total,cell_imbalance,cell_norm,hidden_demand_score,observation_bias_score
150,0.1661297454143919,0.09309492544049307,122.0,114.0,150,817,0.9737783075089392,0.026221692491060766,6.517888069152832,1240576,0.3446848,150.0,180320.64,0.021055714975162895,0.023266902,-0.3214179,0.07508149740712056
151,0.12688573559834845,0.07505214237497145,267.0,195.0,151,817,0.9737783075089392,0.026221692491060766,6.439513683319092,400845,0.11137086,151.0,1114200.62,0.011399066491619493,0.14461617,0.03324531,0.1622270916662237
152,0.13686143574970108,0.06834017731958912,226.0,248.0,152,816,0.9725864123957092,0.0274135876042908,6.451911926269531,925703,0.25719935,152.0,3374631.1100000003,0.020339860988546787,0.43833867,0.18113932,0.21865206322217204
153,0.12170978066703632,0.07382321660998205,280.0,202.0,153,815,0.9713945172824792,0.028605482717520836,6.464125633239746,847850,0.23556839,153.0,1431272.6,0.012730487494816721,0.18581681,-0.04975158,0.14121867939504215
154,0.14185284097043302,0.08330753649185815,205.0,158.0,154,815,0.9713945172824792,0.028605482717520836,6.415229797363281,570022,0.15837562,154.0,3405641.14,0.023022655193379427,0.44236815,0.28399253,0.25264676883491105
155,0.21135260679773865,0.12269770467195602,30.0,38.0,155,817,0.9737783075089392,0.026221692491060766,6.5412116050720215,374282,0.1039905,155.0,1067277.13,0.01931454047600311,0.13851888,0.034528382,0.17461308586216182
156,0.1785812690735809,0.10930542870542956,93.0,68.0,156,814,0.9702026221692491,0.02979737783075087,6.483095169067383,379705,0.10549725,156.0,672699.35,0.015317882493484748,0.087247066,-0.018250182,0.15458684998949604
157,0.204520515997022,0.13773186560350636,40.0,16.0,157,812,0.9678188319427891,0.03218116805721094,6.390804290771484,494651,0.13743427,157.0,1750798.0999999999,0.0682284559433261,0.22733627,0.089902,0.2667584202215697
158,0.19476574618546738,0.1071606437217385,54.0,72.0,158,813,0.9690107270560191,0.030989272943980906,6.503013610839844,660340,0.1834699,158.0,1908428.01,0.007946229273869674,0.24781884,0.064348936,0.1675023618015473
159,0.2209704321217797,0.12330974059600741,20.0,36.0,159,814,0.9702026221692491,0.02979737783075087,6.423712253570557,233747,0.06494374,159.0,1077753.94,0.003977014295759637,0.13988027,0.07493653,0.1641179692069713
201,0.15179898845445775,0.07063568103282403,169.0,229.0,201,814,0.9702026221692491,0.02979737783075087,6.332039833068848,787212,0.2187205,201.0,1866746.33,0.02757973653593136,0.24240269,0.023682192,0.18524022487998246
202,0.1440053641382191,0.06456679264526989,198.0,272.0,202,819,0.9761620977353993,0.023837902264600697,6.449498176574707,1628881,0.4525729,202.0,5125343.04,0.012733483839976936,0.6658279,0.21325496,0.21513062984307796
203,0.1333202583294007,0.06584697511409301,244.0,265.0,203,810,0.965435041716329,0.03456495828367101,6.388672351837158,671141,0.1864709,203.0,1309891.31,0.030946023123068222,0.1700444,-0.016426489,0.18042701524806296
204,0.13041383206016485,0.07886877608788566,258.0,177.0,204,810,0.965435041716329,0.03456495828367101,6.389983177185059,408792,0.113578886,204.0,832209.99,0.012381519625017568,0.10797403,-0.0056048557,0.15534776367060618
205,0.15968908538066198,0.08970664100876698,139.0,128.0,205,815,0.9713945172824792,0.028605482717520836,6.544003963470459,587750,0.16330124,205.0,920816.24,0.01992618152941159,0.11948761,-0.04381363,0.15384807164144743
206,0.1927382451548641,0.14459838065843544,61.0,12.0,206,810,0.965435041716329,0.03456495828367101,6.519913673400879,492665,0.13688247,206.0,1719679.59,0.025451536369819686,0.2232927,0.086410224,0.20160448841564135
207,0.13738382330666932,0.07915191912047918,223.0,175.0,207,809,0.964243146603099,0.035756853396901045,6.483401298522949,367153,0.10200975,207.0,2394614.59,0.08430107807573296,0.31099436,0.20898461,0.32653555180470434
208,0.1738245178250567,0.10513890012100875,100.0,79.0,208,815,0.9713945172824792,0.028605482717520836,6.527463436126709,539666,0.1499414,208.0,1209206.95,0.02189319507370991,0.1569614,0.0070199966,0.1714264002906504
209,0.1862100958232841,0.08687243629468698,80.0,139.0,209,806,0.9606674612634089,0.03933253873659115,6.453526973724365,269416,0.07485414,209.0,1288849.94,0.11381522284145358,0.16731028,0.09245614,0.3390876551113955
210,0.16044609291212888,0.09447059899435513,138.0,110.0,210,814,0.9702026221692491,0.02979737783075087,6.4011006355285645,536347,0.14901924,210.0,1930337.38,0.02725099825361751,0.25066575,0.10164651,0.20712093103130894
211,0.15916264621570472,0.09128725318725979,143.0,124.0,211,817,0.9737783075089392,0.026221692491060766,6.343725204467773,922036,0.2561805,211.0,5903411.87,0.03264441495041462,0.76693094,0.5107504,0.33155177531258473
212,0.14096128387406232,0.09324398451662134,208.0,113.0,212,819,0.9761620977353993,0.023837902264600697,6.526277542114258,1598195,0.444047,212.0,2699850.39,0.025077046850751364,0.35065702,-0.09338999,0.14584820241292507
213,0.13013635876307653,0.07375376533443431,259.0,204.0,213,816,0.9725864123957092,0.0274135876042908,6.484467506408691,822495,0.22852366,213.0,5115434.17,0.02553817543007918,0.6645403,0.43601662,0.29970749578023176
214,0.15067969402150497,0.09002242943286777,172.0,127.0,214,816,0.9725864123957092,0.0274135876042908,6.534555912017822,1604135,0.4456974,214.0,3015636.66,0.01941306007207294,0.3916906,-0.054006785,0.1497457609687668
215,0.15497559925156937,0.08708484903798396,157.0,137.0,215,810,0.965435041716329,0.03456495828367101,6.468648910522461,572647,0.15910496,215.0,3239361.31,0.05234101661119671,0.4207616,0.26165664,0.2927343948911853
216,0.24695415589071448,0.21063842305189212,4.0,1.0,216,817,0.9737783075089392,0.026221692491060766,6.511069297790527,2818996,0.7832388,216.0,5565619.7,0.14157823465551558,0.72303784,-0.06020099,0.33304810521618733
217,0.14776377511166386,0.09104737894025648,183.0,126.0,217,813,0.9690107270560191,0.030989272943980906,6.510327339172363,903229,0.25095508,217.0,3130124.62,0.01956624464840209,0.40656725,0.15561217,0.21134179534244782
218,0.20214038413491037,0.09753479554007452,45.0,102.0,218,815,0.9713945172824792,0.028605482717520836,6.476078987121582,404820,0.11247529,218.0,573812.19,0.07353471182292731,0.07439757,-0.03807772,0.23688592239888737
219,0.13634879204134143,0.07923913302106993,230.0,173.0,219,819,0.9761620977353993,0.023837902264600697,6.443714141845703,1854479,0.5152539,219.0,3980577.13,0.03925181711210096,0.5170759,0.0018219948,0.19469990104993373
220,0.1546263996156908,0.08369626657120768,158.0,156.0,220,820,0.9773539928486293,0.022646007151370662,6.408797264099121,1656037,0.46011803,220.0,3282931.49,0.02685651411906552,0.42642313,-0.033694893,0.16528818415634017
221,0.1359450251603174,0.07236033752412788,231.0,216.0,221,820,0.9773539928486293,0.022646007151370662,6.362265586853027,1561870,0.43395433,221.0,7697065.74,0.014618595582100803,1.0,0.56604564,0.3188647121889609
222,0.1504862252445448,0.08489349379337263,174.0,149.0,222,818,0.9749702026221693,0.02502979737783073,6.500871658325195,3599151,1.0,222.0,4301964.2299999995,0.05673771798622188,0.55883723,-0.44116277,0.09448550774741371
223,0.14965981328416436,0.0810439813527323,176.0,169.0,223,815,0.9713945172824792,0.028605482717520836,6.459560394287109,1283570,0.35663044,223.0,3036713.9499999997,0.011510893689328916,0.3944294,0.03779894,0.16449859092307317
224,0.1480959149521022,0.08295950016620317,181.0,159.0,224,814,0.9702026221692491,0.02979737783075087,6.455469608306885,733317,0.20374611,224.0,2233475.72,0.013747650165082337,0.29005584,0.08630973,0.18221698789000748
225,0.19412455173238868,0.12890626830788005,57.0,25.0,225,813,0.9690107270560191,0.030989272943980906,6.473757266998291,649540,0.1804692,225.0,2885769.6999999997,0.06982903868279387,0.37481555,0.19434635,0.29877219052839527
226,0.18804993369867878,0.13100755192073332,71.0,22.0,226,815,0.9713945172824792,0.028605482717520836,6.51633358001709,1476601,0.41026288,226.0,1962026.16,0.044249378653272234,0.25478342,-0.15547946,0.15872293933900425
227,0.1299780704849769,0.06845764668384892,260.0,246.0,227,816,0.9725864123957092,0.0274135876042908,6.492155075073242,979915,0.2722618,227.0,3177445.44,0.02595491397505182,0.41271618,0.14045438,0.21549843858822404
228,0.1624593497978316,0.0811818750493879,129.0,167.0,228,820,0.9773539928486293,0.022646007151370662,6.535771369934082,1704087,0.47346842,228.0,4975750.47,0.025603882646342873,0.6463897,0.1729213,0.22269599544040541
229,0.1184419327164217,0.061530665223235394,289.0,290.0,229,810,0.965435041716329,0.03456495828367101,6.501458644866943,714431,0.19849876,229.0,3175398.0100000002,0.02754796237494247,0.41245013,0.21395138,0.2413983647258309
230,0.12534690711588142,0.07387645572113494,271.0,200.0,230,820,0.9773539928486293,0.022646007151370662,6.511268615722656,2294860,0.637611,230.0,2221476.54,0.12813380170006664,0.28849664,-0.34911433,0.2285109749141552
231,0.10938801868330862,0.05776365139033821,304.0,301.0,231,815,0.9713945172824792,0.028605482717520836,6.512118339538574,841970,0.23393466,231.0,4217196.19,0.018468448891669154,0.5478224,0.31388777,0.25431380892467725
232,0.20318171432803542,0.14587955978580763,42.0,10.0,232,816,0.9725864123957092,0.0274135876042908,6.443497657775879,2040246,0.56686807,232.0,6608712.0600000005,0.057836194346877555,0.8585783,0.29171026,0.307320638111673
233,0.13559611016914017,0.07789927849228241,233.0,182.0,233,816,0.9725864123957092,0.0274135876042908,6.535367012023926,952409,0.26461944,233.0,2631748.42,0.01776560523352356,0.34180778,0.07718834,0.18490434300049363
234,0.14469281594668118,0.0987974145797096,195.0,97.0,234,821,0.9785458879618594,0.021454112038140627,6.531126022338867,1704595,0.47360957,234.0,1067065.01,0.030918867127204645,0.13849132,-0.33511823,0.08453435494009824
235,0.18865098272051134,0.12999640286988803,70.0,24.0,235,805,0.9594755661501788,0.040524433849821184,6.400815486907959,593724,0.16496107,235.0,2418267.73,0.021157387130241335,0.3140679,0.14910683,0.21506856739473665
236,0.1702332272149977,0.11092159313423233,108.0,64.0,236,816,0.9725864123957092,0.0274135876042908,6.442045211791992,660442,0.18349825,236.0,1735695.3,0.012984230251793554,0.22537379,0.04187554,0.16750838842137872
237,0.16685993543101682,0.10211056261471219,120.0,90.0,237,815,0.9713945172824792,0.028605482717520836,6.46519660949707,740236,0.20566851,237.0,812916.75,0.01113854690082541,0.105467044,-0.100201465,0.1243199678726219
238,0.19450749889134406,0.1777739594158318,56.0,2.0,238,819,0.9761620977353993,0.023837902264600697,6.511862754821777,1020849,0.28363505,238.0,1772412.19,0.023882046165106193,0.23014483,-0.05349022,0.15548719734509975
239,0.14981051809376197,0.10234553041675735,175.0,87.0,239,824,0.9821215733015495,0.017878426698450522,6.525112628936768,2284141,0.63463277,239.0,4721208.08,0.03502702189056963,0.6133142,-0.021318555,0.17965655478755774
240,0.18636754284657178,0.1379369723691886,79.0,15.0,240,816,0.9725864123957092,0.0274135876042908,6.530667781829834,1541612,0.42832577,240.0,3431059.01,0.06435989733588053,0.44567096,0.01734519,0.23846819362187602
241,0.22507712231978536,0.09864259628349883,16.0,99.0,241,807,0.9618593563766389,0.038140643623361115,6.507684707641602,564654,0.15688416,241.0,1303467.72,0.024683318281010357,0.16920972,0.012325555,0.18036386999384865
242,0.13133496544545595,0.07385803408595543,252.0,201.0,242,812,0.9678188319427891,0.03218116805721094,6.525053977966309,300464,0.083480634,242.0,1802849.93,0.023907866099030672,0.23409992,0.1506193,0.2168975627944495
243,0.1770484626843846,0.10423765921529146,95.0,83.0,243,813,0.9690107270560191,0.030989272943980906,6.405294418334961,389312,0.10816649,243.0,439133.49,0.01292321316061022,0.056897294,-0.0512692,0.1418702523085301
244,0.19302847753057167,0.0987562103241327,60.0,98.0,244,794,0.9463647199046484,0.05363528009535157,6.508418083190918,82079,0.022803742,244.0,923946.11,0.07491206765059231,0.11989431,0.09709057,0.2861207063869678
245,0.2016363073362126,0.10948723885008975,47.0,67.0,245,785,0.9356376638855781,0.06436233611442188,6.442587852478027,49101,0.013641014,245.0,1103629.5,0.10648757558383155,0.14324255,0.12960154,0.34696835905822626
246,0.20053280386556355,0.11315032073577483,49.0,57.0,246,801,0.9547079856972587,0.045292014302741324,6.4457502365112305,111818,0.031066537,246.0,1219118.35,0.013209496614871353,0.15824929,0.12718275,0.19829750000501037
247,0.25414316159865213,0.15076652941634028,2.0,7.0,247,785,0.9356376638855781,0.06436233611442188,6.400456428527832,32108,0.008919616,247.0,1828682.56,0.06371925615992882,0.23745663,0.22853702,0.31043484439961627
248,0.14031559221209988,0.07111349094304302,212.0,226.0,248,808,0.9630512514898689,0.03694874851013108,6.499302387237549,215186,0.05978668,248.0,4020671.88,0.09315864444666042,0.5222859,0.4624992,0.4131527967191566
249,0.13651729174667876,0.06295128263614425,228.0,280.0,249,808,0.9630512514898689,0.03694874851013108,6.49571418762207,291487,0.08098643,249.0,4890708.17,0.06972926180345893,0.6353392,0.55435276,0.40394780307380646
250,0.23033646002175312,0.12764280350021429,12.0,29.0,250,796,0.9487485101311085,0.0512514898688915,6.453408241271973,81958,0.022770124,250.0,1420796.41,0.020809392779088394,0.18445551,0.16168539,0.22172662001554577
309,0.23721432680234544,0.12626484015749564,9.0,31.0,309,770,0.9177592371871275,0.08224076281287251,6.410568714141846,38784,0.010774501,309.0,837485.71,0.013696063561647966,0.10865956,0.09788506,0.20294251375826855
310,0.14849993053764582,0.07345312801744079,180.0,209.0,310,812,0.9678188319427891,0.03218116805721094,6.5001959800720215,577506,0.160455,310.0,4073542.62,0.017168403936878813,0.5291559,0.36870092,0.26926614160593604
311,0.11693031054640575,0.06554215993687865,296.0,268.0,311,811,0.966626936829559,0.033373063170440975,6.511116027832031,1260184,0.3501328,311.0,1553316.13,0.03736497233160426,0.20167527,-0.14845753,0.1518755225219753
312,0.1435503493491856,0.07481176239320089,199.0,196.0,312,803,0.9570917759237187,0.042908224076281254,6.5035295486450195,595519,0.16545981,312.0,1538121.19,0.0356926374784298,0.19970083,0.03424102,0.20495888180542332
313,0.11818927428315557,0.06122720470681552,290.0,292.0,313,813,0.9690107270560191,0.030989272943980906,6.469722270965576,400516,0.11127945,313.0,3263621.91,0.0543853953244678,0.42391405,0.3126346,0.30927971950896826
314,0.11774497988914691,0.0690355459279898,292.0,242.0,314,810,0.965435041716329,0.03456495828367101,6.5016303062438965,607551,0.16880283,314.0,4838781.76,0.060045922335437985,0.6285919,0.45978907,0.361306752188129
315,0.1453119702500454,0.0833173544190469,194.0,157.0,315,802,0.9558998808104887,0.04410011918951129,6.493237495422363,135357,0.037606698,315.0,1633086.41,0.024397229783957995,0.2120407,0.17443399,0.2284495800786848
316,0.19245480221533587,0.09587052235091548,62.0,105.0,316,814,0.9702026221692491,0.02979737783075087,6.5210137367248535,234154,0.06505682,316.0,1582439.98,0.02987366867241134,0.20545965,0.14040282,0.2222279169976735
317,0.1312386615467923,0.07633806636172626,253.0,192.0,317,815,0.9713945172824792,0.028605482717520836,6.45768928527832,696166,0.19342394,317.0,3409088.0,0.07361107264818088,0.44281605,0.2493921,0.31952066942723817
318,0.14545127341582895,0.07898544229434,193.0,176.0,318,808,0.9630512514898689,0.03694874851013108,6.4547624588012695,758607,0.21077278,318.0,3702255.1,0.026761508435811245,0.48091045,0.27013767,0.2571273025807569
319,0.1414085776308581,0.07880407726273886,206.0,178.0,319,807,0.9618593563766389,0.038140643623361115,6.428121089935303,262663,0.07297787,319.0,429444.16,0.013710228229287151,0.055638254,-0.017339617,0.15518848854200348
320,0.1389963861377466,0.07601046992709769,219.0,193.0,320,808,0.9630512514898689,0.03694874851013108,6.366876125335693,286190,0.0795147,320.0,575970.72,0.015063051477775901,0.074678056,-0.0048366413,0.16043412207929586
321,0.12128129704958854,0.14425313031773954,281.0,13.0,321,36,0.04290822407628129,0.9570917759237187,3.543470859527588,39,9.446685e-06,321.0,682374.44,0.02153940995443705,0.088504255,0.08849481,0.5037722280918723
322,0.1872845807541456,0.08538810324056868,75.0,147.0,322,807,0.9618593563766389,0.038140643623361115,6.452907562255859,339489,0.094323486,322.0,1141241.79,0.027331121617987217,0.14812993,0.05380644,0.1962910854110748
323,0.1347155196976567,0.08887489851756346,235.0,132.0,323,809,0.964243146603099,0.035756853396901045,6.504798889160156,457975,0.12724407,323.0,715250.37,0.01525701785253125,0.09277619,-0.034467883,0.15182560340404794
324,0.139406601244968,0.0684199962410189,217.0,247.0,324,804,0.9582836710369488,0.04171632896305122,6.50092887878418,271840,0.07552764,324.0,1523224.71,0.030733202428702852,0.19776516,0.12223752,0.22229148669521345
325,0.1327807653843174,0.07204276451153595,245.0,218.0,325,811,0.966626936829559,0.033373063170440975,6.497897148132324,297331,0.08261015,325.0,1096648.9300000002,0.03830183836567039,0.14233547,0.05972532,0.2130572515605317
326,0.1471325817798811,0.08573533298654691,186.0,145.0,326,808,0.9630512514898689,0.03694874851013108,6.4605712890625,1136341,0.31572378,326.0,4895844.5600000005,0.0459054786506276,0.63600665,0.32028288,0.3005870061056643
327,0.14192669878876402,0.07642559251260189,204.0,191.0,327,811,0.966626936829559,0.033373063170440975,6.475877285003662,1015600,0.28217667,327.0,4502147.57,0.020811692153547032,0.5848493,0.30267262,0.25624131340567535
328,0.16744333323357358,0.09538992511714613,116.0,107.0,328,802,0.9558998808104887,0.04410011918951129,6.4972429275512695,193764,0.053834714,328.0,1546146.0999999999,0.06859248584068375,0.20074359,0.14690888,0.28764805645283414
329,0.1874828678600136,0.13017723995098285,74.0,23.0,329,810,0.965435041716329,0.03456495828367101,6.48910665512085,1796133,0.49904284,329.0,2688055.9400000004,0.01702587662258127,0.34912443,-0.1499184,0.12097356013767198
330,0.14774526159264267,0.07142743639877099,184.0,223.0,330,803,0.9570917759237187,0.042908224076281254,6.429892063140869,388461,0.10793005,330.0,1269619.42,0.0860673621634713,0.16481143,0.056881383,0.28793945001570725
331,0.1783715169048972,0.10612560265165348,94.0,74.0,331,810,0.965435041716329,0.03456495828367101,6.471051216125488,1103274,0.30653632,331.0,4406273.36,0.016059075873161553,0.57239133,0.265855,0.23885435653043066
332,0.12948320929020168,0.091287243425373,263.0,125.0,332,811,0.966626936829559,0.033373063170440975,6.422038555145264,1399724,0.38890308,332.0,2997898.37,0.07982193548967144,0.38938564,0.0004825592,0.2590895312903749
333,0.15966832723675495,0.08237101096282932,140.0,163.0,333,804,0.9582836710369488,0.04171632896305122,6.369597434997559,362042,0.10058969,333.0,3305251.88,0.09000941894382797,0.4293235,0.3287338,0.3715630146213405
334,0.17199149617245257,0.09860138634685427,103.0,100.0,334,811,0.966626936829559,0.033373063170440975,6.463098526000977,212565,0.059058454,334.0,1594787.29,0.03200972378373337,0.20706406,0.1480056,0.2288452702639924
335,0.23953580636353725,0.14497567167254313,7.0,11.0,335,810,0.965435041716329,0.03456495828367101,6.512543201446533,401245,0.111482,335.0,2560075.92,0.12231955499517956,0.3324946,0.22101259,0.3873126063973931
336,0.2412562988048035,0.13359633348660455,6.0,21.0,336,792,0.9439809296781884,0.05601907032181164,6.304306507110596,103459,0.02874404,336.0,1722742.28,0.03809875259226222,0.22369066,0.19494662,0.2591131338061536
337,0.16196038512483468,0.09832203186464508,132.0,101.0,337,803,0.9570917759237187,0.042908224076281254,6.481163501739502,303328,0.08427638,337.0,1672152.36,0.06423765802685882,0.21711697,0.13284059,0.27660067962615037
338,0.20452648701353202,0.11644360918721687,39.0,52.0,338,805,0.9594755661501788,0.040524433849821184,6.482430458068848,273015,0.07585411,338.0,3086932.94,0.042128543331743734,0.4009549,0.32510078,0.2974275485669804
339,0.2330014200955038,0.13646039621505354,11.0,18.0,339,810,0.965435041716329,0.03456495828367101,6.5026936531066895,569097,0.15811862,339.0,1861906.65,0.01718402124781496,0.24177381,0.08365519,0.18826146714202838
340,0.17403976539859461,0.10718990576024807,99.0,71.0,340,805,0.9594755661501788,0.040524433849821184,6.491769313812256,320193,0.08896221,340.0,1123094.27,0.020039272718394927,0.14577182,0.056809604,0.18687687178405446
341,0.20813038367925896,0.12099152250023239,32.0,41.0,341,786,0.9368295589988082,0.06317044100119185,6.4223785400390625,243691,0.067706615,341.0,3152541.78,0.06984208265205687,0.40948015,0.34177354,0.3518383529482733
342,0.15885681622321643,0.08410866824311343,144.0,153.0,342,803,0.9570917759237187,0.042908224076281254,6.453709602355957,201666,0.056030236,342.0,551816.42,0.12674669702391825,0.07153942,0.015509181,0.3378250309527749
409,0.1365961597759336,0.05720251419818,227.0,303.0,409,815,0.9713945172824792,0.028605482717520836,6.541503429412842,422585,0.11741119,409.0,1205556.57,0.017363319015071526,0.15648706,0.039075874,0.17375060394080707
410,0.1135668016585802,0.05908797641048239,299.0,297.0,410,815,0.9713945172824792,0.028605482717520836,6.516076564788818,666207,0.18510002,410.0,4235126.22,0.05363706280623679,0.55015224,0.36505222,0.32239554052225977
411,0.13708581904481562,0.08785286685932309,225.0,135.0,411,817,0.9737783075089392,0.026221692491060766,6.543591499328613,824001,0.22894208,411.0,3642897.43,0.052487028097460156,0.47319746,0.24425538,0.2851799179873487
412,0.11764756906186304,0.06555548524410125,293.0,267.0,412,816,0.9725864123957092,0.0274135876042908,6.52304744720459,869876,0.24168816,412.0,3536284.9,0.014961405074241884,0.45934415,0.21765599,0.22096839409216462
413,0.11876870130617473,0.0642540796859456,288.0,276.0,413,812,0.9678188319427891,0.03218116805721094,6.49774169921875,1068490,0.2968718,413.0,5037116.18,0.06453378597799679,0.6543636,0.35749176,0.33796120499825727
414,0.13788887119689397,0.07210227215278245,221.0,217.0,414,811,0.966626936829559,0.033373063170440975,6.508632659912109,1462385,0.40631306,414.0,4259075.79,0.043978358889690095,0.5532643,0.14695126,0.2467140424130784
415,0.1282188000630528,0.06564284375432641,265.0,266.0,415,809,0.964243146603099,0.035756853396901045,6.4924397468566895,580518,0.16129187,415.0,3114041.42,0.053688125052532856,0.40447742,0.24318555,0.2898747911636063
416,0.14889832476952247,0.07355257274900814,178.0,207.0,416,807,0.9618593563766389,0.038140643623361115,6.5041704177856445,1079256,0.29986307,416.0,4735703.14,0.08196624997599519,0.6151977,0.31533465,0.3543132805118591
417,0.13544675043769303,0.06359735737251679,234.0,278.0,417,809,0.964243146603099,0.035756853396901045,6.488346099853516,846136,0.23509216,417.0,3484194.74,0.04432833135654963,0.45257547,0.21748331,0.2682863712890971
418,0.16254969173598857,0.11112678911839978,128.0,62.0,418,807,0.9618593563766389,0.038140643623361115,6.518345832824707,817853,0.2272339,418.0,1734164.26,0.10439805940645269,0.22517484,-0.0020590574,0.2972619298388193
419,0.14284418474528052,0.08475404034021293,202.0,150.0,419,814,0.9702026221692491,0.02979737783075087,6.531100273132324,485842,0.13498674,419.0,2935751.06,0.03530871113239099,0.38131016,0.24632342,0.260884400091571
420,0.1520670295885158,0.08259865422289642,167.0,162.0,420,809,0.964243146603099,0.035756853396901045,6.497058868408203,1293112,0.35928163,420.0,3536529.7800000003,0.0722010078985179,0.45937595,0.10009432,0.27690738346020666
421,0.1616830123884101,0.07950354104432916,135.0,172.0,421,815,0.9713945172824792,0.028605482717520836,6.465100288391113,695372,0.19320333,421.0,2094571.03,0.012116543049461324,0.27200645,0.07880312,0.17718845704865682
422,0.158076442092184,0.07731650435358346,145.0,189.0,422,811,0.966626936829559,0.033373063170440975,6.529763221740723,689420,0.1915496,422.0,428542.3,0.013117078919589551,0.055521067,-0.13602853,0.11862883894427882
423,0.12247217635491067,0.07566394799773302,279.0,194.0,423,811,0.966626936829559,0.033373063170440975,6.439816474914551,954177,0.26511067,423.0,1031933.77,0.0241548426517683,0.13392633,-0.13118434,0.136777497120542
424,0.14792057776912346,0.08394383927955044,182.0,154.0,424,799,0.9523241954707986,0.04767580452920139,6.50701904296875,1148771,0.3191774,424.0,3686689.39,0.07038525003298292,0.47888786,0.15971047,0.2952365233612098
425,0.13460473033584772,0.07330226014619552,236.0,211.0,425,812,0.9678188319427891,0.03218116805721094,6.4351911544799805,870773,0.2419374,425.0,3390532.55,0.02995161380610317,0.44040492,0.19846752,0.23980843837317087
426,0.1632980620488524,0.09261819698463475,126.0,116.0,426,811,0.966626936829559,0.033373063170440975,6.496982097625732,467661,0.12993526,426.0,1399391.93,0.027437184373460793,0.1816742,0.051738933,0.19426943787718084
427,0.1934092651343061,0.11755681936222587,59.0,50.0,427,798,0.9511323003575686,0.04886769964243143,6.479477882385254,499084,0.13866594,427.0,1422175.42,0.07162267656460859,0.18463472,0.04596877,0.2648627649212717
428,0.18322468579539827,0.10528584159467193,83.0,77.0,428,803,0.9570917759237187,0.042908224076281254,6.462161064147949,172633,0.0479636,428.0,2785736.45,0.00870126376089133,0.36181715,0.31385356,0.24424251131224972
429,0.15515535549511988,0.08186514072807595,156.0,164.0,429,811,0.966626936829559,0.033373063170440975,6.4485673904418945,422126,0.11728366,429.0,1058156.81,0.10097283346111388,0.13733378,0.020050123,0.2968188542006837
430,0.21198231420878852,0.12570186919266624,28.0,33.0,430,810,0.965435041716329,0.03456495828367101,6.475496768951416,294145,0.08172494,430.0,1026483.6,0.09256659149710791,0.13321814,0.051493198,0.2934791499606001
431,0.2076257983133906,0.12508500213069576,33.0,34.0,431,801,0.9547079856972587,0.045292014302741324,6.489746570587158,66866,0.018576907,431.0,201801.90000000002,0.014023744816468502,0.026058199,0.007481292,0.16517316613658628
432,0.15119891289495935,0.08644305274799646,170.0,142.0,432,811,0.966626936829559,0.033373063170440975,6.495655059814453,667633,0.18549623,432.0,2925721.61,0.018861197214462163,0.38000694,0.19451071,0.22223184683704642
433,0.17039990650992543,0.09166817934740162,107.0,121.0,433,815,0.9713945172824792,0.028605482717520836,6.516221046447754,824009,0.22894432,433.0,2121407.44,0.02846466646700881,0.2754936,0.046549276,0.19275051578553745
434,0.290972926875665,0.1608659028652168,1.0,4.0,434,779,0.9284862932061978,0.0715137067938022,6.259082317352295,38439,0.010678644,434.0,406970.5,0.017568287720587362,0.052718002,0.042039357,0.1892152186401742
2511,0.16149634445817876,0.07473193136753427,137.0,197.0,2511,796,0.9487485101311085,0.0512514898688915,6.508734703063965,212504,0.059041508,2511.0,1527362.84,0.03832545208626546,0.19830288,0.13926136,0.24188356232349484
2512,0.16216783347790892,0.1052640854044714,131.0,78.0,2512,793,0.9451728247914184,0.0548271752085816,6.477405548095703,170975,0.047502935,2512.0,997256.04,0.07372404073476967,0.12942028,0.081917346,0.28035876872428694
2513,0.15418656112271406,0.08442936907744125,159.0,152.0,2513,801,0.9547079856972587,0.045292014302741324,6.529673099517822,245000,0.068070315,2513.0,380907.22000000003,0.01705916277281512,0.049331315,-0.018739,0.16225511395995182
2514,0.14661898194176576,0.07767778266376507,189.0,187.0,2514,808,0.9630512514898689,0.03694874851013108,6.515271186828613,308604,0.08574229,2514.0,1308891.09,0.03392505317204698,0.16991444,0.08417215,0.21462158132958706
2515,0.18233711425850668,0.0934298650058548,86.0,112.0,2515,807,0.9618593563766389,0.038140643623361115,6.454587459564209,145781,0.040502943,2515.0,3189721.63,0.06594067954941828,0.41431138,0.37380844,0.3467674516925842
2516,0.22024759767310953,0.1268956067831447,21.0,30.0,2516,811,0.966626936829559,0.033373063170440975,6.501707553863525,403320,0.11205853,2516.0,4353673.5600000005,0.08647346014333,0.5655564,0.4534979,0.39922723351701367
2517,0.14449791307930676,0.0704199371767038,197.0,232.0,2517,794,0.9463647199046484,0.05363528009535157,6.488023281097412,500738,0.13912551,2517.0,4121516.84,0.06300512352530692,0.5353897,0.3962642,0.35392137724916567
2518,0.11948845631605576,0.06310126510973546,285.0,279.0,2518,811,0.966626936829559,0.033373063170440975,6.472657203674316,940444,0.26129505,2518.0,5016207.02,0.03526774886951305,0.6516467,0.39035162,0.3033577122170157
2519,0.1191325934278587,0.05812363462256535,286.0,298.0,2519,810,0.965435041716329,0.03456495828367101,6.483782768249512,936465,0.2601895,2519.0,7332156.83,0.062277366446849884,0.95258343,0.6923939,0.4314643297822503
2520,0.14039834178392846,0.062068901245763135,211.0,287.0,2520,801,0.9547079856972587,0.045292014302741324,6.432249069213867,439399,0.12208285,2520.0,1791682.0,0.013370573688055195,0.23264876,0.11056591,0.19377214401030898
2521,0.1561022389691235,0.07144290737785577,149.0,222.0,2521,810,0.965435041716329,0.03456495828367101,6.467263698577881,633905,0.17612511,2521.0,3218461.1,0.05566339885378751,0.4180458,0.24192068,0.2921133492620019
2522,0.20404646133501364,0.1561340474342514,41.0,5.0,2522,797,0.9499404052443385,0.05005959475566146,6.471573829650879,862457,0.23962684,2522.0,4285895.45,0.07926267408211156,0.5567493,0.31712246,0.35469474661525485
2523,0.20667920991157496,0.12141511975491921,36.0,39.0,2523,800,0.9535160905840286,0.04648390941597136,6.352773666381836,203145,0.056441166,2523.0,2104306.03,0.040320340752269375,0.2732714,0.21683025,0.265589432692452
2524,0.19726793579757224,0.10593276271700039,52.0,75.0,2524,788,0.9392133492252682,0.060786650774731776,6.37399959564209,121601,0.03378468,2524.0,1155436.56,0.007981819599916791,0.1499744,0.116189726,0.19236986130404954
2525,0.1802980482445232,0.10473009951242673,87.0,82.0,2525,791,0.9427890345649583,0.05721096543504167,6.463125228881836,298843,0.08303025,2525.0,3508678.71,0.019036033979931987,0.45575696,0.3727267,0.2816005592479751
2526,0.2437853907087138,0.11781774164280963,5.0,49.0,2526,793,0.9451728247914184,0.0548271752085816,6.368477821350098,105561,0.029328069,2526.0,641479.45,0.006711354609230677,0.083190314,0.053862244,0.17056324243335363
2527,0.167111501801345,0.07331397621153249,119.0,210.0,2527,805,0.9594755661501788,0.040524433849821184,6.293845176696777,791900,0.22002302,2527.0,2233224.81,0.16936808201072834,0.29002324,0.07000022,0.4173822736735376
2528,0.21674286541159424,0.09992168170828668,24.0,95.0,2528,790,0.9415971394517283,0.05840286054827171,6.357083797454834,235118,0.065324664,2528.0,2871743.6500000004,0.03547278220164915,0.372993,0.30766833,0.288277857630178
2529,0.19150288207899968,0.1187922228785557,64.0,47.0,2529,804,0.9582836710369488,0.04171632896305122,6.398594856262207,446047,0.123929955,2529.0,2946917.57,0.05122524521946085,0.38276115,0.2588312,0.29261312110702525
2530,0.15596288204607045,0.08705016293319028,150.0,138.0,2530,794,0.9463647199046484,0.05363528009535157,6.376086235046387,415828,0.1155338,2530.0,1902925.6500000001,0.012966220998066883,0.24710386,0.13157006,0.2019686113671504
2531,0.18461931562346834,0.11471066828558425,82.0,56.0,2531,793,0.9451728247914184,0.0548271752085816,6.422550201416016,220623,0.06129732,2531.0,1668130.65,0.02262371972720018,0.21659437,0.15529704,0.22383932493416903
2532,0.23838259097011313,0.10172625563757874,8.0,92.0,2532,791,0.9427890345649583,0.05721096543504167,6.338586807250977,146017,0.040568512,2532.0,1315098.96,0.009984508733647578,0.1707211,0.13015258,0.19822663018449602
2533,0.16365045720031327,0.0928220623852833,124.0,115.0,2533,803,0.9570917759237187,0.042908224076281254,6.3528594970703125,520012,0.14448066,2533.0,2898716.37,0.03575929620858471,0.37649783,0.23201717,0.2618321636021966
2534,0.15049185192892472,0.06868203967839244,173.0,244.0,2534,810,0.965435041716329,0.03456495828367101,6.350575923919678,1243914,0.34561226,2534.0,4262267.6899999995,0.011750322894765925,0.55367905,0.20806679,0.215724345716956
2535,0.1297286392219128,0.0708637880316625,261.0,227.0,2535,805,0.9594755661501788,0.040524433849821184,6.490729331970215,461863,0.12832433,2535.0,1015243.48,0.08252981883434582,0.13175759,0.0034332573,0.2664315736289056
2536,0.1496075365064103,0.0882545157010475,177.0,134.0,2536,791,0.9427890345649583,0.05721096543504167,6.354611396789551,192698,0.053538535,2536.0,479444.95,0.005245946069156262,0.062135402,0.008596867,0.15613946330392814
2537,0.2218896071943972,0.10380215860371081,18.0,85.0,2537,790,0.9415971394517283,0.05840286054827171,6.282055377960205,108257,0.030077135,2537.0,1730509.54,0.007935574696391312,0.22469994,0.19462281,0.21401943453026281
2538,0.22330812085419896,0.11905563548429025,17.0,46.0,2538,788,0.9392133492252682,0.060786650774731776,6.4692230224609375,129109,0.03587073,2538.0,162915.33000000002,0.21954951203629894,0.02100524,-0.014865492,0.4759635780247895
2539,0.18987497604407721,0.08746832752312046,68.0,136.0,2539,802,0.9558998808104887,0.04410011918951129,6.493239879608154,195079,0.05420008,2539.0,2376636.37,0.019152199648934155,0.30865827,0.2544582,0.24345740875141175
2540,0.12740244921740318,0.06916252690374791,266.0,240.0,2540,808,0.9630512514898689,0.03694874851013108,6.46971321105957,257900,0.0716545,2540.0,2072799.2,0.025254176538761188,0.2691774,0.19752291,0.2339945934153427
2541,0.16380305805073558,0.10480402741462934,123.0,81.0,2541,805,0.9594755661501788,0.040524433849821184,6.50261116027832,205796,0.05717773,2541.0,761917.03,0.014891399363620383,0.09884009,0.041662358,0.1747130414838823
2542,0.19396390889564324,0.11488982622016458,58.0,55.0,2542,794,0.9463647199046484,0.05363528009535157,6.483138084411621,203745,0.056607872,2542.0,896993.8,0.06076231942782302,0.1163921,0.059784226,0.25392894306540914
2543,0.11797204695287206,0.07065405341951797,291.0,228.0,2543,803,0.9570917759237187,0.042908224076281254,6.457959175109863,508893,0.14139132,2543.0,3088322.48,0.0171646897490752,0.40113544,0.2597441,0.2415599036912952
2544,0.20176083768407502,0.13662710092400038,46.0,17.0,2544,807,0.9618593563766389,0.038140643623361115,6.419717311859131,615605,0.17104058,2544.0,4435925.02,0.011677282523432652,0.57624424,0.40520364,0.2733938980390261
2545,0.15557798963808822,0.07252471145456799,153.0,215.0,2545,807,0.9618593563766389,0.038140643623361115,6.484396934509277,424792,0.11802439,2545.0,1101116.53,0.012138367485715089,0.14291601,0.024891622,0.16492456702288294
2546,0.12429134869090618,0.06721180783333405,275.0,255.0,2546,797,0.9499404052443385,0.05005959475566146,6.495757579803467,468284,0.13010837,2546.0,3365592.78,0.06271386896923184,0.43716422,0.30705583,0.32667982844686905
2547,0.14689464698589988,0.08647206637136166,187.0,140.0,2547,797,0.9499404052443385,0.05005959475566146,6.4810075759887695,466234,0.12953879,2547.0,2619325.41,0.026635818899842487,0.34019354,0.21065475,0.24423205373859802
2548,0.20483922300830718,0.16285877913968377,38.0,3.0,2548,808,0.9630512514898689,0.03694874851013108,6.520325183868408,742978,0.20643036,2548.0,2994388.1199999996,0.01013616834624175,0.38892952,0.18249916,0.20672900745638503
2549,0.16161506858077782,0.08272462340426585,136.0,161.0,2549,811,0.966626936829559,0.033373063170440975,6.484387397766113,605170,0.16814128,2549.0,3398217.97,0.021235759508765724,0.44140357,0.2732623,0.24844287265126175
2550,0.17011999937868313,0.08969929000540147,110.0,129.0,2550,787,0.9380214541120382,0.06197854588796181,6.481722831726074,262463,0.0729223,2550.0,2844300.62,0.07283623850491207,0.369427,0.2965047,0.3429924041376163
2551,0.15285217020483252,0.07786465575327241,163.0,183.0,2551,795,0.9475566150178785,0.05244338498212153,6.493147373199463,321416,0.08930202,2551.0,3109854.1,0.08846010150088016,0.4039333,0.31463128,0.36873827373218954
2552,0.16239656043933728,0.07698312845332399,130.0,190.0,2552,804,0.9582836710369488,0.04171632896305122,6.498732566833496,279414,0.077632025,2552.0,2178254.42,0.043715406387042674,0.28288034,0.20524831,0.2658301812756095
2553,0.20058918166905643,0.10404301666809866,48.0,84.0,2553,796,0.9487485101311085,0.0512514898688915,6.49260950088501,281134,0.07810992,2553.0,3612072.17,0.02898883694795192,0.469192,0.39108208,0.29999389381909775
2554,0.14615091961468502,0.06374922822828272,191.0,277.0,2554,802,0.9558998808104887,0.04410011918951129,6.42248010635376,354550,0.09850809,2554.0,3402894.0,0.018806783809491086,0.44201118,0.3435031,0.26849349787370713
2555,0.1398310341709663,0.07785314154212501,216.0,185.0,2555,804,0.9582836710369488,0.04171632896305122,6.478947639465332,433604,0.120472744,2555.0,2333335.41,0.0817008908566851,0.3030317,0.18255897,0.3169887634464138
2556,0.20701595790063348,0.11982271109840702,34.0,44.0,2556,793,0.9451728247914184,0.0548271752085816,6.468976020812988,168693,0.046868898,2556.0,477021.19,0.12319313783823423,0.06182046,0.014951561,0.33624273262707827
2557,0.22770122887921482,0.1467018110662817,14.0,8.0,2557,796,0.9487485101311085,0.0512514898688915,6.479539394378662,255401,0.070960164,2557.0,2675183.18,0.023155740018587747,0.34745175,0.27649158,0.25824431709154855
2558,0.20693913347619988,0.11285351913215388,35.0,58.0,2558,789,0.9404052443384983,0.05959475566150174,6.414951324462891,129633,0.036016323,2558.0,928976.07,0.0050600500655069445,0.120547906,0.08453158,0.17844904265205538
2559,0.17442481243421162,0.09217381180404492,97.0,118.0,2559,801,0.9547079856972587,0.045292014302741324,6.473605155944824,239020,0.066408806,2559.0,2464915.12,0.03757928095524627,0.32012928,0.25372046,0.2716199290162758
2560,0.15530710770704206,0.08070625745440047,155.0,170.0,2560,786,0.9368295589988082,0.06317044100119185,6.490000247955322,219397,0.060956683,2560.0,4405141.47,0.04460767534702063,0.5722442,0.51128757,0.36218548582975574
2561,0.1663042499358574,0.0798841260769035,121.0,171.0,2561,788,0.9392133492252682,0.060786650774731776,6.5186686515808105,171674,0.04769715,2561.0,4978383.49,0.014488701404802132,0.64673185,0.5990347,0.3408506392432102
2611,0.10995868055652533,0.05796965659625592,303.0,299.0,2611,809,0.964243146603099,0.035756853396901045,6.496059417724609,551665,0.15327525,2611.0,5049989.01,0.04001267209267071,0.6560363,0.50276107,0.3436236769541133
2612,0.1823624910032822,0.09197536940346396,85.0,119.0,2612,791,0.9427890345649583,0.05721096543504167,6.5005388259887695,131469,0.03652644,2612.0,2029675.66,0.029793973281394423,0.26357388,0.22704744,0.25611629038397926
2613,0.21854745682831558,0.10533501049466729,22.0,76.0,2613,808,0.9630512514898689,0.03694874851013108,6.505168914794922,184686,0.05131245,2613.0,1048611.58,0.009272969986953148,0.13609347,0.08478102,0.1773682499365836
2614,0.16938120112976143,0.08637785655002862,113.0,143.0,2614,794,0.9463647199046484,0.05363528009535157,6.496909141540527,97667,0.02713477,2614.0,1447207.25,0.016177867736321745,0.18788737,0.1607526,0.21522162217657195
2615,0.05555907576566649,0.12314716894253502,307.0,37.0,2615,5,0.0059594755661501785,0.9940405244338498,1.6094328165054321,5,0.0,2615.0,1968029.84,0.049061726956672894,0.25556356,0.25556356,0.6058317540323729
2616,0.15395627622862187,0.07426655116964073,161.0,199.0,2616,799,0.9523241954707986,0.04767580452920139,6.477090358734131,224821,0.06246371,2616.0,3072664.98,0.02272687540660671,0.3991009,0.3366372,0.27366623819987357
2617,0.1326644258204079,0.06622534102006328,247.0,259.0,2617,806,0.9606674612634089,0.03933253873659115,6.504554748535156,412762,0.11468193,2617.0,3675197.89,0.08305594965095259,0.4773946,0.36271268,0.36996499693815227
2618,0.12436372292568049,0.05475094508239261,274.0,305.0,2618,806,0.9606674612634089,0.03933253873659115,6.5059919357299805,325817,0.09052481,2618.0,3017662.28,0.053196142672949566,0.3919538,0.30142897,0.3070386200788052
2619,0.16881893154174554,0.12004107412926497,115.0,43.0,2619,809,0.964243146603099,0.035756853396901045,6.385046005249023,476807,0.13247642,2619.0,722532.41,0.02149424340481845,0.093722425,-0.038753994,0.16006496455113375
2620,0.21371293435582792,0.12005813515057699,26.0,42.0,2620,794,0.9463647199046484,0.05363528009535157,6.505710601806641,193320,0.05371135,2620.0,1126594.22,0.009721231640391698,0.14622661,0.09251526,0.1858311455325328
2621,0.17000543907402996,0.09185281530103924,112.0,120.0,2621,803,0.9570917759237187,0.042908224076281254,6.4859466552734375,420702,0.11688801,2621.0,2511543.08,0.012280078176259734,0.32618818,0.20930016,0.21966378973929426
2622,0.15539072267267676,0.11945757106545248,154.0,45.0,2622,799,0.9523241954707986,0.04767580452920139,6.488908767700195,459836,0.12776114,2622.0,3353961.73,0.05271946804066116,0.43565288,0.30789173,0.3109511488787371
2623,0.17868607459619407,0.12777035389805122,91.0,27.0,2623,798,0.9511323003575686,0.04886769964243143,6.522085666656494,457893,0.12722129,2623.0,1337118.6600000001,0.014828728269706229,0.17358235,0.04636106,0.17874775483855
2624,0.16727459641794362,0.09544799615451631,117.0,106.0,2624,805,0.9594755661501788,0.040524433849821184,6.511012554168701,383123,0.10644692,2624.0,3193523.59,0.047764648172924105,0.41480538,0.30835846,0.30117865761073753
2625,0.19029714410592408,0.11284982313712436,65.0,59.0,2625,792,0.9439809296781884,0.05601907032181164,6.4697136878967285,321827,0.08941621,2625.0,1241070.58,0.009115941029981388,0.16110179,0.071685575,0.17972753654734738
2626,0.20238402301356906,0.12851313113286675,44.0,26.0,2626,806,0.9606674612634089,0.03933253873659115,6.478356838226318,265434,0.07374777,2626.0,3558384.85,0.042276730221191265,0.4622158,0.38846803,0.31544491645121886
2627,0.15726645343478707,0.09607134786330992,147.0,104.0,2627,813,0.9690107270560191,0.030989272943980906,6.439013481140137,510594,0.14186393,2627.0,151512.97,0.014215746678226818,0.019523606,-0.12234032,0.1234315256449406
2628,0.19455736348523736,0.12393352547253939,55.0,35.0,2628,792,0.9439809296781884,0.05601907032181164,6.450827121734619,224862,0.062475096,2628.0,1494426.98,0.015693520624442733,0.19402315,0.13154805,0.2068976222059771
2629,0.17007914636254537,0.08943488719939652,111.0,131.0,2629,792,0.9439809296781884,0.05601907032181164,6.48837423324585,221589,0.061565716,2629.0,426948.49000000005,0.021026066994446813,0.055313963,-0.0062517524,0.1754380622090543
2630,0.20647510073059014,0.11565483338310428,37.0,54.0,2630,805,0.9594755661501788,0.040524433849821184,6.5031023025512695,227674,0.0632564,2630.0,1444365.98,0.027796172749591303,0.18751818,0.12426178,0.2180161114529006
2631,0.17620730661447095,0.10950100354643331,96.0,66.0,2631,808,0.9630512514898689,0.03694874851013108,6.509028434753418,537257,0.14927208,2631.0,2286264.09,0.01681162841323347,0.2969152,0.14764312,0.20685855318475063
2632,0.22154900855532594,0.09413155939814354,19.0,111.0,2632,804,0.9582836710369488,0.04171632896305122,6.442668914794922,249175,0.06923031,2632.0,2388308.07,0.07020578422107657,0.31017488,0.24094456,0.3162959885942969
2633,0.20293130865764047,0.11079615219348364,43.0,65.0,2633,787,0.9380214541120382,0.06197854588796181,6.484080791473389,79883,0.022193598,2633.0,1111326.83,0.07983646159853029,0.14424275,0.12204915,0.30354268256283296
2634,0.19745932954644402,0.10195373716719798,51.0,91.0,2634,794,0.9463647199046484,0.05363528009535157,6.470008850097656,123680,0.03436232,2634.0,1044001.72,0.022841869280773676,0.13549446,0.10113214,0.208225092378859
2635,0.19761608015110205,0.10709004950901821,50.0,73.0,2635,795,0.9475566150178785,0.05244338498212153,6.413859844207764,130391,0.03622693,2635.0,823857.44,0.02906676217912706,0.10688869,0.07066176,0.2085321644468349
2636,0.23684395327572774,0.10225166800572347,10.0,88.0,2636,809,0.964243146603099,0.035756853396901045,6.5206756591796875,276488,0.076819055,2636.0,1249015.35,0.013829594397685658,0.16213413,0.08531507,0.18404236590703613
2637,0.1868895267690753,0.10116010623030543,78.0,94.0,2637,811,0.966626936829559,0.033373063170440975,6.503994941711426,261465,0.07264501,2637.0,686274.03,0.03422253011300665,0.08901097,0.01636596,0.1944174237925238
2638,0.17096123855324494,0.09465666914225689,105.0,108.0,2638,798,0.9511323003575686,0.04886769964243143,6.4603376388549805,97259,0.02702141,2638.0,1180709.44,0.037004331341168845,0.1532584,0.12623699,0.23534449840236096
2639,0.16315592321759415,0.07862723064350172,127.0,180.0,2639,797,0.9499404052443385,0.05005959475566146,6.469865798950195,269119,0.07477163,2639.0,859877.73,0.005712696235401709,0.1115692,0.036797576,0.1625593939739108
2640,0.17441614465935837,0.08469913964832407,98.0,151.0,2640,800,0.9535160905840286,0.04648390941597136,6.510300159454346,370929,0.10305889,2640.0,2267928.64,0.0761019999662996,0.29453272,0.19147383,0.31263646659843497
2641,0.19020402803425754,0.09460192430978791,66.0,109.0,2641,812,0.9678188319427891,0.03218116805721094,6.476717472076416,287907,0.07999175,2641.0,2418562.68,0.051485723261183974,0.31410623,0.23411447,0.28273520683503406
2642,0.13594062801982676,0.07353969996920715,232.0,208.0,2642,809,0.964243146603099,0.035756853396901045,6.483267784118652,387635,0.10770055,2642.0,2968438.3,0.03981707452401957,0.3855576,0.27785704,0.27876753018141076
2643,0.1336733714307821,0.07370388571779052,242.0,205.0,2643,808,0.9630512514898689,0.03694874851013108,6.472323417663574,184322,0.051211316,2643.0,1148680.01,0.05332902746931736,0.14909646,0.09788515,0.24801808366545333
2644,0.14568242453119995,0.07364217916924862,192.0,206.0,2644,796,0.9487485101311085,0.0512514898688915,6.488367080688477,301207,0.083687074,2644.0,2302633.52,0.04706613689684045,0.29904228,0.21535522,0.2769970459908685
2645,0.13348464487445735,0.05997722481880043,243.0,295.0,2645,815,0.9713945172824792,0.028605482717520836,6.497507095336914,415935,0.11556353,2645.0,1097466.31,0.017683876500304965,0.14244169,0.026878163,0.17073591773383048
2646,0.15567830489830137,0.07838157664777509,152.0,181.0,2646,801,0.9547079856972587,0.045292014302741324,6.521602153778076,184774,0.0513369,2646.0,577881.0,0.013886573756766302,0.07492627,0.023589373,0.16958876762851438
2647,0.13202454325935195,0.060978205353095546,249.0,293.0,2647,810,0.965435041716329,0.03456495828367101,6.433008670806885,371398,0.1031892,2647.0,2151445.5700000003,0.09033444887577143,0.27939674,0.17620754,0.3258897119990217
2648,0.12831783072638597,0.06453975712111781,264.0,273.0,2648,809,0.964243146603099,0.035756853396901045,6.464345455169678,309614,0.086022906,2648.0,1201532.21,0.043482369839067454,0.15596412,0.069941215,0.22464970157385156
2711,0.25102633957470216,0.14246479368635584,3.0,14.0,2711,773,0.9213349225268176,0.07866507747318241,6.181387901306152,54222,0.015063851,2711.0,592234.42,0.0024842582815420193,0.076791376,0.061727524,0.1743491604834659
2712,0.1799176105346147,0.07040393124888873,88.0,233.0,2712,809,0.964243146603099,0.035756853396901045,6.4868245124816895,319963,0.08889831,2712.0,1024360.42,0.12686035060926004,0.13294224,0.044043936,0.343804735996726
2713,0.1340132091992668,0.0658516379302397,239.0,264.0,2713,803,0.9570917759237187,0.042908224076281254,6.521610260009766,444969,0.12363044,2713.0,1912335.68,0.012620583991017096,0.2483266,0.12469616,0.1958949897389446
2714,0.14737031543479553,0.06781579833219034,185.0,252.0,2714,800,0.9535160905840286,0.04648390941597136,6.488703727722168,372614,0.10352706,2714.0,2681779.2,0.044788391605828246,0.34830883,0.24478176,0.2803966072955963
2715,0.18995855899143305,0.14596287032057137,67.0,9.0,2715,812,0.9678188319427891,0.03218116805721094,6.509434700012207,727650,0.20217156,2715.0,1921045.9200000002,0.07823899284620991,0.24945842,0.047286853,0.2697241983339812
2716,0.1464397653819077,0.06186057202451461,190.0,288.0,2716,809,0.964243146603099,0.035756853396901045,6.485719680786133,469832,0.13053846,2716.0,3624376.16,0.08035471476391995,0.4707908,0.34025234,0.35822465922276464
2717,0.14868351394044493,0.07192440603431019,179.0,219.0,2717,812,0.9678188319427891,0.03218116805721094,6.499911785125732,637952,0.17724955,2717.0,3518623.1,0.03813166562150924,0.45704913,0.27979958,0.2755743743504709
2718,0.1372636035202988,0.06797382876661326,224.0,250.0,2718,805,0.9594755661501788,0.040524433849821184,6.507223606109619,394878,0.10971297,2718.0,2636244.94,0.10860746723358791,0.34239206,0.23267908,0.37182955304734233
2719,0.17864653754033266,0.08848418077816149,92.0,133.0,2719,816,0.9725864123957092,0.0274135876042908,6.532353401184082,270334,0.075109206,2719.0,925741.61,0.02099294725074934,0.12012762,0.045018412,0.18056981872662126
2720,0.11881051338203835,0.06220240861118317,287.0,285.0,2720,801,0.9547079856972587,0.045292014302741324,6.494630813598633,343331,0.09539096,2720.0,1528600.2,0.03357805212636272,0.19846366,0.1030727,0.22230128759209675
2721,0.12454849237590906,0.06431439520702475,273.0,274.0,2721,812,0.9678188319427891,0.03218116805721094,6.4968976974487305,380172,0.105627,2721.0,1441983.98,0.020347056254434,0.18720867,0.08158167,0.19167395000911014
2722,0.13399962640943983,0.07440749065810078,240.0,198.0,2722,814,0.9702026221692491,0.02979737783075087,6.5055832862854,563839,0.15665773,2722.0,1375936.86,0.010995991849874107,0.17862643,0.021968707,0.1595700478871687
2723,0.12126133796271116,0.06264169230606288,282.0,281.0,2723,809,0.964243146603099,0.035756853396901045,6.482226371765137,495051,0.1375454,2723.0,2499548.06,0.01348669739520494,0.32462952,0.18708411,0.2127347914461323
2724,0.12261106527395665,0.06168368540238588,278.0,289.0,2724,799,0.9523241954707986,0.04767580452920139,6.5058817863464355,516452,0.14349154,2724.0,2592138.23,0.031603540005127266,0.3366608,0.19316927,0.2459604893239377
2725,0.1374366688009884,0.06817374021768395,222.0,249.0,2725,800,0.9535160905840286,0.04648390941597136,6.478947639465332,197691,0.054925807,2725.0,2817602.8,0.0174786400279914,0.3659579,0.3110321,0.25795077957304685
2726,0.13444414808754881,0.0697331858968865,237.0,235.0,2726,795,0.9475566150178785,0.05244338498212153,6.4819159507751465,317010,0.088077836,2726.0,2289414.44,0.042150497913532634,0.29732457,0.20924672,0.268177688074434
2727,0.17146715308347377,0.09927864432600991,104.0,96.0,2727,800,0.9535160905840286,0.04648390941597136,6.493614673614502,396654,0.11020642,2727.0,1984434.77,0.017840944484841876,0.25769523,0.1474888,0.2115553982813395
2728,0.18697401688448972,0.11110710669308896,77.0,63.0,2728,811,0.966626936829559,0.033373063170440975,6.503118515014648,416957,0.11584748,2728.0,2909133.99,0.057084419594666126,0.37785152,0.26200402,0.29963850159232086
2729,0.1793217948327462,0.10910636070997472,90.0,69.0,2729,806,0.9606674612634089,0.03933253873659115,6.518453598022461,551497,0.15322857,2729.0,3025164.12,0.07236837660783281,0.39292857,0.2397,0.318427503073457
2730,0.17236845246885746,0.08147703961077489,102.0,165.0,2730,793,0.9451728247914184,0.0548271752085816,6.514927864074707,236740,0.06577533,2730.0,1984726.75,0.013372801169851485,0.25773317,0.19195783,0.2203176428604964
2731,0.13640483445118343,0.07768826141864767,229.0,186.0,2731,810,0.965435041716329,0.03456495828367101,6.379114627838135,752345,0.20903292,2731.0,2714745.35,0.05086020195033287,0.35259247,0.14355955,0.25658612491997357
2732,0.14139628661500797,0.07296108469581376,207.0,213.0,2732,811,0.966626936829559,0.033373063170440975,6.411568641662598,517956,0.14390941,2732.0,1220614.44,0.013713527610985717,0.15844369,0.01453428,0.16275377625012663
2733,0.13116919859829876,0.07062373550253966,254.0,230.0,2733,805,0.9594755661501788,0.040524433849821184,6.320361137390137,730148,0.20286563,2733.0,3366502.23,0.010033656569128574,0.4372824,0.23441678,0.2226683322087161
2734,0.1565560450629582,0.0664989056250465,148.0,258.0,2734,806,0.9606674612634089,0.03933253873659115,6.434878349304199,692604,0.19243427,2734.0,2274898.37,0.02320738452522748,0.29543832,0.10300405,0.20454978442613594
2735,0.18715203547229367,0.10161568465206537,76.0,93.0,2735,790,0.9415971394517283,0.05840286054827171,6.513401031494141,206214,0.05729387,2735.0,770740.37,0.008547027022309398,0.099986605,0.042692736,0.17133592007430856
2736,0.1520216774018037,0.07785374360262519,168.0,184.0,2736,808,0.9630512514898689,0.03694874851013108,6.537751197814941,640893,0.17806669,2736.0,2185426.47,0.015695739599888726,0.28381228,0.1057456,0.19313757637509002
2737,0.15275225929088063,0.08554119544162872,164.0,146.0,2737,805,0.9594755661501788,0.040524433849821184,6.414003372192383,470259,0.1306571,2737.0,2226049.01,0.02010002633700558,0.2890908,0.1584337,0.21614052464517278
2738,0.1793778070352143,0.13391362030820417,89.0,19.0,2738,805,0.9594755661501788,0.040524433849821184,6.50773811340332,551106,0.15311994,2738.0,1320138.0299999998,0.016154738603751297,0.17137587,0.018255934,0.16991225739272756
2739,0.12543753457093046,0.061399823133759815,270.0,291.0,2739,807,0.9618593563766389,0.038140643623361115,6.488122940063477,365772,0.10162605,2739.0,2636402.33,0.05181809446719296,0.3424125,0.24078645,0.2871415181249013
2740,0.15571305779888037,0.07274977304558788,151.0,214.0,2740,805,0.9594755661501788,0.040524433849821184,6.4856672286987305,448370,0.124575384,2740.0,3166672.35,0.036682406395381374,0.4113163,0.28674093,0.27814764141989073
2741,0.14296596380364568,0.0775402607850819,201.0,188.0,2741,797,0.9499404052443385,0.05005959475566146,6.508218288421631,352287,0.09787933,2741.0,2213862.8,0.05269977768996599,0.28750733,0.189628,0.277767988723282
2742,0.13851125407077017,0.06888093940566277,220.0,243.0,2742,798,0.9511323003575686,0.04886769964243143,6.509044647216797,364211,0.10119234,2742.0,2321392.08,0.03092338823723755,0.30147976,0.20028742,0.2473684142495035
2743,0.13061864709274637,0.06928840690395899,256.0,237.0,2743,810,0.965435041716329,0.03456495828367101,6.472461700439453,519381,0.14430535,2743.0,2542877.21,0.025369705509651636,0.33025977,0.18595442,0.23005462479901587
2744,0.21275153064597682,0.12609671741457926,27.0,32.0,2744,799,0.9523241954707986,0.04767580452920139,6.454201698303223,301007,0.08363151,2744.0,618879.39,0.01245040815907604,0.080253646,-0.0033778623,0.16046190675219277
2745,0.13989824855493177,0.06605763707775625,215.0,262.0,2745,812,0.9678188319427891,0.03218116805721094,6.5100812911987305,339156,0.094230965,2745.0,2670935.56,0.03970106867138036,0.34689978,0.2526688,0.2701691619083907
2746,0.2118430860340594,0.13374755370970226,29.0,20.0,2746,802,0.9558998808104887,0.04410011918951129,6.540833950042725,299646,0.08325336,2746.0,2988997.35,0.03434450828728729,0.38822904,0.3049757,0.2810243412905569
2747,0.22751366445232948,0.12112313281885158,15.0,40.0,2747,810,0.965435041716329,0.03456495828367101,6.404549598693848,481972,0.13391149,2747.0,3767774.85,0.02606787479356508,0.48942414,0.35551265,0.2797866815558302
2748,0.15409403054250614,0.0678604500826507,160.0,251.0,2748,812,0.9678188319427891,0.03218116805721094,6.214789390563965,1139274,0.3165387,2748.0,3750104.76,0.016524672451244966,0.48712808,0.17058939,0.2114204597001896
2749,0.1319258643535986,0.05787330151143824,250.0,300.0,2749,814,0.9702026221692491,0.02979737783075087,6.476302146911621,739607,0.20549375,2749.0,4987831.09,0.0655383263925969,0.6479595,0.44246572,0.3630837012151901
2750,0.11604785568539107,0.06471992389350716,297.0,271.0,2750,811,0.966626936829559,0.033373063170440975,6.494489669799805,805544,0.22381392,2750.0,4853303.45,0.03996308633286505,0.6304788,0.40666488,0.3151691822090175
2751,0.13999916189719766,0.07045831748964412,214.0,231.0,2751,803,0.9570917759237187,0.042908224076281254,6.478355407714844,251094,0.0697635,2751.0,1833811.49,0.009098633063898789,0.2381231,0.16835961,0.2030814596713418
2752,0.14450325118821292,0.062465185745589666,196.0,283.0,2752,811,0.966626936829559,0.033373063170440975,6.425519943237305,346470,0.09626311,2752.0,1027415.88,0.026924566963379602,0.13333927,0.03707616,0.18928218562190002
2753,0.1419703122450128,0.07138295590264042,203.0,224.0,2753,798,0.9511323003575686,0.04886769964243143,6.449831962585449,193828,0.0538525,2753.0,847309.55,0.021013874861078845,0.10993608,0.056083582,0.19092925294884433
2754,0.18467779755296687,0.08944868165999655,81.0,130.0,2754,803,0.9570917759237187,0.042908224076281254,6.447636604309082,150297,0.041757684,2754.0,1263.16,0.005178694232578557,0.0,-0.041757684,0.13681539296615464
2755,0.2182385742013888,0.10756780099537637,23.0,70.0,2755,809,0.964243146603099,0.035756853396901045,6.357736110687256,246107,0.06837789,2755.0,2096944.23,0.05379319639338689,0.27231482,0.20393693,0.2787679076774943
2756,0.15955467016569203,0.1021878638423033,141.0,89.0,2756,802,0.9558998808104887,0.04410011918951129,6.468535423278809,405847,0.11276064,2756.0,3149584.46,0.08181295819953648,0.4090959,0.29633528,0.35061323096887625
2757,0.16895079123713672,0.11599350457545364,114.0,53.0,2757,805,0.9594755661501788,0.040524433849821184,6.478736400604248,358346,0.09956279,2757.0,4412203.51,0.07056514095340692,0.57316184,0.47359905,0.3832282459731134
2758,0.17051876965496288,0.11277452982806915,106.0,60.0,2758,809,0.964243146603099,0.035756853396901045,6.505388259887695,406003,0.11280398,2758.0,2349675.99,0.09091037663110012,0.305155,0.19235103,0.3317954332216609
2759,0.17013776828756652,0.07915452031699556,109.0,174.0,2759,802,0.9558998808104887,0.04410011918951129,6.4790239334106445,143890,0.03997754,2759.0,1319792.19,0.19195246417646203,0.17133094,0.13135341,0.4704745555970704
2760,0.14680078790508325,0.06620323740625901,188.0,260.0,2760,800,0.9535160905840286,0.04648390941597136,6.471559524536133,260777,0.07245386,2760.0,662251.5700000001,0.06672872764602086,0.085889466,0.01343561,0.24729919610015919
2761,0.1592274372185033,0.07188912427666343,142.0,220.0,2761,809,0.964243146603099,0.035756853396901045,6.442511558532715,362248,0.10064693,2761.0,962888.71,0.12748609654983348,0.124954544,0.024307616,0.33908942248265234
2811,0.11146670691668988,0.062181287990616896,301.0,286.0,2811,804,0.9582836710369488,0.04171632896305122,6.458436965942383,561789,0.15608814,2811.0,3128787.8,0.04592778702640914,0.40639356,0.2503054,0.2821228874075446
2812,0.13217229697823757,0.08124131616648461,248.0,166.0,2812,812,0.9678188319427891,0.03218116805721094,6.4972076416015625,662949,0.1841948,2812.0,909176.25,0.02076124094386302,0.1179751,-0.0662197,0.1498760885522391
2813,0.1532414135996193,0.08372356947585351,162.0,155.0,2813,797,0.9499404052443385,0.05005959475566146,6.426572799682617,358475,0.099598624,2813.0,3161341.86,0.04339851521785308,0.41062364,0.31102502,0.2984935916282376
2814,0.1879576248648975,0.11152166973629465,72.0,61.0,2814,795,0.9475566150178785,0.05244338498212153,6.4738640785217285,213135,0.059216827,2814.0,1694595.34,0.011436671652997474,0.22003323,0.1608164,0.20764428496591666
2815,0.1507071218556828,0.09141723148539536,171.0,123.0,2815,803,0.9570917759237187,0.042908224076281254,6.486908912658691,453245,0.12592988,2815.0,3585222.1900000004,0.018035503907735426,0.4657031,0.33977324,0.265854560703122
2816,0.18956523830928496,0.12771389180727832,69.0,28.0,2816,810,0.965435041716329,0.03456495828367101,6.471769332885742,298441,0.08291856,2816.0,1280695.51,0.013205544723954545,0.16625068,0.083332114,0.18212839754732724
2817,0.21376024013799105,0.11713727159085612,25.0,51.0,2817,805,0.9594755661501788,0.040524433849821184,6.486666679382324,169286,0.047033656,2817.0,2538429.1,0.034442156989482074,0.32968175,0.2826481,0.2735715097184213
2818,0.19243616333290464,0.11783954364927635,63.0,48.0,2818,815,0.9713945172824792,0.028605482717520836,6.492365837097168,270092,0.075041965,2818.0,1190722.3800000001,0.01909591853617196,0.15455948,0.07951751,0.18798999711545536
2819,0.16174499340473653,0.09245228990986354,134.0,117.0,2819,809,0.964243146603099,0.035756853396901045,6.366457939147949,320144,0.0889486,2819.0,4194157.64,0.03431041202319463,0.5448288,0.45588017,0.3215089430991837
2820,0.23027066219420672,0.15256030885243993,13.0,6.0,2820,809,0.964243146603099,0.035756853396901045,6.484097003936768,491662,0.13660379,2820.0,4926749.29,0.08140106754561796,0.64002246,0.5034187,0.40665052240928296
2821,0.18237155768576827,0.08594243812064332,84.0,144.0,2821,806,0.9606674612634089,0.03933253873659115,6.448256969451904,204404,0.05679097,2821.0,2362928.32,0.03028807732769475,0.30687702,0.25008604,0.2575202683252525
2822,0.1342179192377934,0.06923061739283776,238.0,238.0,2822,796,0.9487485101311085,0.0512514898688915,6.50677490234375,184176,0.05117075,2822.0,1375712.56,0.04622996529136187,0.17859727,0.12742652,0.2504874033898553
2823,0.13917251047900034,0.06739454776979985,218.0,254.0,2823,804,0.9582836710369488,0.04171632896305122,6.469139099121094,371418,0.10319476,2823.0,4306780.12,0.01437935323255841,0.559463,0.45626825,0.29334643456817006
2824,0.13269398825331813,0.0686422804632919,246.0,245.0,2824,808,0.9630512514898689,0.03694874851013108,6.488918781280518,334174,0.09284675,2824.0,6257275.35,0.013714766493506884,0.8129123,0.72006553,0.3664717974202662
2825,0.15745569478631732,0.08646543171655917,146.0,141.0,2825,805,0.9594755661501788,0.040524433849821184,6.532613754272461,139347,0.038715295,2825.0,2635714.06,0.03201347585260777,0.34232306,0.30360776,0.27590069035641673
2826,0.21079195863936864,0.10280405340812333,31.0,86.0,2826,801,0.9547079856972587,0.045292014302741324,6.528688430786133,131311,0.036482543,2826.0,3579207.36,0.008606112418662302,0.4649215,0.42843896,0.27778463253442803
2827,0.18775251328294712,0.10504748601436852,73.0,80.0,2827,798,0.9511323003575686,0.04886769964243143,6.496109485626221,153562,0.042664845,2827.0,1070812.78,0.1123451848247761,0.1389783,0.09631346,0.3411414017741719
4101,0.13395280344263907,0.07325083954363235,241.0,212.0,4101,775,0.9237187127532777,0.07628128724672234,6.310375213623047,37974,0.010549447,4101.0,999516.5700000001,0.01524302822279376,0.12971401,0.11916456,0.20941304182800266
4102,0.13186935897591331,0.06431159898416983,251.0,275.0,4102,797,0.9499404052443385,0.05005959475566146,6.506451606750488,81425,0.022622034,4102.0,30958.300000000003,0.011664723191788181,0.0038586152,-0.01876342,0.15564716873741546
4103,0.15222252280939194,0.06521672522575253,166.0,270.0,4103,774,0.9225268176400476,0.07747318235995238,6.402407169342041,21263,0.005906401,4103.0,464409.25,0.013851867064194086,0.06018165,0.054275252,0.18907157460173588
4104,0.13045359079445162,0.06915818554171847,257.0,241.0,4104,780,0.929678188319428,0.07032181168057206,6.349919319152832,59124,0.01642584,4104.0,1865182.87,0.027618333642238885,0.24219953,0.22577369,0.25681776750239294
4105,0.16356571255813518,0.06705318441067541,125.0,256.0,4105,776,0.9249106078665077,0.0750893921334923,6.313713073730469,22946,0.006374012,4105.0,1176699.6700000002,0.053046554313097787,0.15273735,0.14636333,0.27421852352484666
4106,0.1409201139392006,0.06245757810520159,209.0,284.0,4106,778,0.9272943980929678,0.07270560190703224,6.43575382232666,58998,0.016390832,4106.0,2400653.09,0.03247923476764185,0.31177902,0.2953882,0.284975436083561
4107,0.11056890402521401,0.06084088498933448,302.0,294.0,4107,805,0.9594755661501788,0.040524433849821184,6.433530330657959,173937,0.048325907,4107.0,4284117.03,0.023732450794288783,0.5565182,0.5081923,0.32205442696762404
4108,0.1265452872592187,0.06921802729382992,268.0,239.0,4108,779,0.9284862932061978,0.0715137067938022,6.372818470001221,54331,0.015094136,4108.0,2258332.65,0.011616411480122185,0.2932858,0.27819166,0.2479667657283999
4109,0.11371447946876291,0.0592407327751437,298.0,296.0,4109,790,0.9415971394517283,0.05840286054827171,6.40256404876709,79476,0.022080516,4109.0,3535063.1,0.08126476607239985,0.45918536,0.43710485,0.39495672596367665
4110,0.1254655924788307,0.06692974350991703,269.0,257.0,4110,792,0.9439809296781884,0.05601907032181164,6.319730281829834,146509,0.04070521,4110.0,3098676.28,0.025988060814221274,0.40248084,0.36177564,0.28861467128809737
4111,0.12294741341518975,0.06598672382607468,277.0,263.0,4111,776,0.9249106078665077,0.0750893921334923,6.335418701171875,28499,0.007916878,4111.0,2465562.75,0.023643250116784503,0.32021347,0.3122966,0.2772083545949519
4112,0.12068854474004295,0.07182455021769757,283.0,221.0,4112,790,0.9415971394517283,0.05840286054827171,6.353446960449219,58929,0.016371662,4112.0,1851832.99,0.03317979257000463,0.24046484,0.22409317,0.26080608678730793
4113,0.10307484772906354,0.05262518208917406,305.0,306.0,4113,808,0.9630512514898689,0.03694874851013108,6.449850082397461,146694,0.040756613,4113.0,2171062.94,0.01405583440165241,0.28194588,0.24118927,0.2295271880365242
4114,0.14083504304289818,0.07379141267802981,210.0,203.0,4114,782,0.932061978545888,0.06793802145411199,5.979718208312988,143885,0.03997615,4114.0,3336700.0,0.006678188270953412,0.43340987,0.39343372,0.27235789382056935
4115,0.12962407968820083,0.06261579912111517,262.0,282.0,4115,785,0.9356376638855781,0.06436233611442188,6.197872161865234,129798,0.036062166,4115.0,2173519.2600000002,0.012660888076092128,0.28226504,0.24620287,0.23798632254712296
4116,0.11739362100405352,0.06523457666681641,294.0,269.0,4116,788,0.9392133492252682,0.060786650774731776,6.405101776123047,44294,0.012305419,4116.0,869596.99,0.014743429885660964,0.11283214,0.10052672,0.19813961078652229
4117,0.12392752139814318,0.0695965077617161,276.0,236.0,4117,808,0.9630512514898689,0.03694874851013108,6.500197410583496,267121,0.07421649,4117.0,1465733.49,0.03664546914388343,0.1902947,0.116078205,0.22791057099271114
4118,0.1196142430993773,0.06748937364845049,284.0,253.0,4118,785,0.9356376638855781,0.06436233611442188,6.404082298278809,34997,0.009722306,4118.0,1019063.65,0.0650776529193512,0.13225397,0.12253167,0.2820681793541959
4119,0.09279512298101235,0.05106024639607069,306.0,307.0,4119,800,0.9535160905840286,0.04648390941597136,6.514822483062744,92618,0.025731938,4119.0,2219447.19,0.026643507948899938,0.28823298,0.26250103,0.2579344354827441
4120,0.14016312468383046,0.07864518640193316,213.0,179.0,4120,784,0.9344457687723481,0.06555423122765192,6.514254570007324,12956,0.0035983536,4120.0,151424.5,0.010854177979563647,0.01951211,0.015913757,0.16953559834798695
4121,0.13077369557604904,0.0712093938733377,255.0,225.0,4121,776,0.9249106078665077,0.0750893921334923,6.453567028045654,32599,0.009056037,4121.0,1432757.28,0.029275814607780094,0.18600972,0.17695369,0.24690954786801936
4122,0.11730768520325897,0.057293698348341485,295.0,302.0,4122,785,0.9356376638855781,0.06436233611442188,6.488733291625977,34372,0.009548654,4122.0,1467792.79,0.15353824537874136,0.19056228,0.18101363,0.43316115568590674
4123,0.11198272051082718,0.05627394759997962,300.0,304.0,4123,806,0.9606674612634089,0.03933253873659115,6.506414413452148,195637,0.054355115,4123.0,2023691.54,0.01587106471574364,0.26279628,0.20844117,0.2236773570023409
4124,0.12482911463649508,0.06614467871730169,272.0,261.0,4124,791,0.9427890345649583,0.05721096543504167,6.484460830688477,23624,0.00656239,4124.0,2410698.08,0.01688632183569644,0.31308427,0.3065219,0.25933252473021007
4125,0.14316467944798722,0.07001679966758409,200.0,234.0,4125,792,0.9439809296781884,0.05601907032181164,6.4340057373046875,263899,0.07332128,,,,,-0.07332128,0.12426270133074568
4126,0.15239908930860352,0.08105278303403227,165.0,168.0,4126,811,0.966626936829559,0.033373063170440975,6.426399230957031,195487,0.05431344,4126.0,2304499.7600000002,0.012648196538986944,0.2992848,0.24497135,0.2272837813077794
4127,0.19566083231401288,0.09150161350308549,53.0,122.0,4127,791,0.9427890345649583,0.05721096543504167,6.421567916870117,159945,0.04443832,4127.0,706635.6,0.017126223693793245,0.091656774,0.047218453,0.18526314148649034
4128,0.1730616660197339,0.09633436350831906,101.0,103.0,4128,796,0.9487485101311085,0.0512514898688915,6.370605945587158,119663,0.03324622,4128.0,2386818.22,0.04342299582197936,0.30998132,0.2767351,0.28908506663346695
4129,0.16177513298120294,0.08283176318934517,133.0,160.0,4129,796,0.9487485101311085,0.0512514898688915,6.439192771911621,280282,0.07787319,4129.0,3757660.85,0.06847663952011857,0.48810992,0.41023672,0.36544476580326163
4130,0.16713124680377192,0.08529344862474812,118.0,148.0,4130,791,0.9427890345649583,0.05721096543504167,6.444266319274902,138400,0.03845218,4130.0,2048252.14,0.015355773578170515,0.26598772,0.22753555,0.2343355536395754
