station_id,station_name,map_image_path,satellite_image_path,mobility_score,observed_subway_score,hidden_gap_score,temporal_score,visual_morphology_score,mobility_minus_subway_gap,hidden_demand_reconstruction_score_norm,station_type
2519,까치산,images/station_tiles/satellite/2519_까치산.png,images/station_tiles/satellite/2519_까치산.png,1.0,0.5191759807144423,1.0,0.9032435671534366,0.5384615384615384,0.6781251119007279,0.5191759807144423,diverse_living_area_hidden
2824,단대오거리,images/station_tiles/satellite/2824_단대오거리.png,images/station_tiles/satellite/2824_단대오거리.png,0.7309191035312452,0.5860179706333553,0.9550663589599737,0.65646565240817,0.6346153846153846,0.6170014051339521,0.5860179706333553,diverse_living_area_hidden
2561,마천,images/station_tiles/satellite/2561_마천.png,images/station_tiles/satellite/2561_마천.png,0.6864666466682824,0.5283804514573746,0.9379351142585681,0.2378030044256104,1.0,0.6130045307725955,0.5283804514573746,diverse_living_area_hidden
249,신정네거리,images/station_tiles/satellite/249_신정네거리.png,images/station_tiles/satellite/249_신정네거리.png,0.6475210272049827,0.021696252465483234,0.8546130951290728,0.856763475944789,0.5384615384615384,0.5425260948670856,0.021696252465483234,diverse_living_area_hidden
2716,중계,images/station_tiles/satellite/2716_중계.png,images/station_tiles/satellite/2716_중계.png,0.6584275740169632,0.5623493315801008,0.8147955535114167,0.8582414089133855,0.2980769230769231,0.4975985742990838,0.5623493315801008,diverse_living_area_hidden
2611,응암,images/station_tiles/satellite/2611_응암.png,images/station_tiles/satellite/2611_응암.png,0.651248672119426,0.5393381547227701,0.7724136235695923,0.794116611063808,0.40384615384615385,0.4555391027043245,0.5393381547227701,diverse_living_area_hidden
314,홍제,images/station_tiles/satellite/314_홍제.png,images/station_tiles/satellite/314_홍제.png,0.6450835753648976,0.03594126671049748,0.7614778427612868,0.7562587876760914,0.6730769230769231,0.4455647332370832,0.03594126671049748,diverse_living_area_hidden
2560,거여,images/station_tiles/satellite/2560_거여.png,images/station_tiles/satellite/2560_거여.png,0.5673544385665344,0.5281612973920666,0.7519905855471304,0.8416292658676787,0.34615384615384615,0.4661641865978613,0.5281612973920666,diverse_living_area_hidden
4107,가양,images/station_tiles/satellite/4107_가양.png,images/station_tiles/satellite/4107_가양.png,0.5739929882339125,0.8671926364234056,0.7437305744536337,0.6397829916271444,0.375,0.4526489811880185,0.8671926364234056,directional_mismatch
2823,남한산성입구(성남법원.검찰청),images/station_tiles/satellite/2823_남한산성입구(성남법원.검찰청).png,images/station_tiles/satellite/2823_남한산성입구(성남법원.검찰청).png,0.5795568043245648,0.5857988165680473,0.7399074652441086,0.19199262144355816,0.7403846153846154,0.4453042667318112,0.5857988165680473,diverse_living_area_hidden
2820,장지,images/station_tiles/satellite/2820_장지.png,images/station_tiles/satellite/2820_장지.png,0.6067313674647434,0.5851413543721236,0.7244129601104524,0.865272681537551,0.3557692307692308,0.41638559992996,0.5851413543721236,diverse_living_area_hidden
213,구의(광진구청),images/station_tiles/satellite/213_구의(광진구청).png,images/station_tiles/satellite/213_구의(광진구청).png,0.6854257456276165,0.013806706114398421,0.7238749279705647,0.8624694511127644,0.3076923076923077,0.4015905084243417,0.013806706114398421,diverse_living_area_hidden
2750,광명사거리,images/station_tiles/satellite/2750_광명사거리.png,images/station_tiles/satellite/2750_광명사거리.png,0.6379630969398088,0.5698005698005698,0.721127976809111,0.6027487394039465,0.875,0.4044886096444441,0.5698005698005698,diverse_living_area_hidden
2749,철산,images/station_tiles/satellite/2749_철산.png,images/station_tiles/satellite/2749_철산.png,0.6196110611241834,0.5695814157352619,0.7063054245211593,0.629801531517469,0.6730769230769231,0.3926176697707448,0.5695814157352619,diverse_living_area_hidden
2757,부천시청,images/station_tiles/satellite/2757_부천시청.png,images/station_tiles/satellite/2757_부천시청.png,0.5128370185166942,0.5713346482577252,0.7039129406840848,0.7620702897152126,0.36538461538461536,0.443622091424271,0.5713346482577252,diverse_living_area_hidden
248,양천구청,images/station_tiles/satellite/248_양천구청.png,images/station_tiles/satellite/248_양천구청.png,0.506455732270834,0.021477098400175323,0.691877204069441,0.8013869309406345,0.33653846153846156,0.4328531971143211,0.021477098400175323,mobility_high_subway_low
4709,북한산보국문,images/station_tiles/satellite/4709_북한산보국문.png,images/station_tiles/satellite/4709_북한산보국문.png,0.4700721591271928,0.9991233837387683,0.6676632295251166,0.3711787009991147,0.625,0.4332417352075597,0.9991233837387683,directional_mismatch
410,상계,images/station_tiles/satellite/410_상계.png,images/station_tiles/satellite/410_상계.png,0.5652753941094445,0.05698005698005698,0.6503933903563234,0.43858476913992883,0.33653846153846156,0.3455111786684361,0.05698005698005698,diverse_living_area_hidden
211,성수,images/station_tiles/satellite/211_성수.png,images/station_tiles/satellite/211_성수.png,0.7366494455108651,0.0133683979837826,0.647111956742156,0.8705981276802599,0.27884615384615385,0.3323505225323114,0.0133683979837826,diverse_living_area_hidden
2518,화곡,images/station_tiles/satellite/2518_화곡.png,images/station_tiles/satellite/2518_화곡.png,0.6516337135196727,0.5189568266491343,0.6461557860051436,0.8819234622550212,0.49038461538461536,0.3240581992377714,0.5189568266491343,diverse_living_area_hidden
2626,대흥(서강대앞),images/station_tiles/satellite/2626_대흥(서강대앞).png,images/station_tiles/satellite/2626_대흥(서강대앞).png,0.4821722835165388,0.5426254657023888,0.6377069430744836,0.9121319444750491,0.1346153846153846,0.3790406994660885,0.5426254657023888,mobility_high_subway_low
310,구파발,images/station_tiles/satellite/310_구파발.png,images/station_tiles/satellite/310_구파발.png,0.551537790886734,0.035064650449265836,0.6346016477773316,0.3369471325889044,0.6153846153846154,0.331791330212683,0.035064650449265836,diverse_living_area_hidden
2517,우장산,images/station_tiles/satellite/2517_우장산.png,images/station_tiles/satellite/2517_우장산.png,0.5161479794759287,0.5187376725838264,0.6326641305086436,0.672374947027141,0.3269230769230769,0.3473542446488776,0.5187376725838264,diverse_living_area_hidden
333,매봉,images/station_tiles/satellite/333_매봉.png,images/station_tiles/satellite/333_매봉.png,0.4864262134837933,0.040105193951347796,0.6297570964931035,0.9369322235356707,0.2692307692307692,0.3643684166210259,0.040105193951347796,diverse_living_area_hidden
2544,장한평,images/station_tiles/satellite/2544_장한평.png,images/station_tiles/satellite/2544_장한평.png,0.5420922773703547,0.52465483234714,0.6295609359224876,0.8090543367721974,0.3173076923076923,0.3296354650204781,0.52465483234714,diverse_living_area_hidden
413,쌍문,images/station_tiles/satellite/413_쌍문.png,images/station_tiles/satellite/413_쌍문.png,0.6489432286861445,0.057637519175980714,0.6239695834757816,0.9101555274049988,0.3942307692307692,0.3009716726439251,0.057637519175980714,mobility_high_subway_low
4109,등촌,images/station_tiles/satellite/4109_등촌.png,images/station_tiles/satellite/4109_등촌.png,0.4506657740024357,0.8676309445540215,0.6225351024266211,0.8334506007505139,0.3173076923076923,0.3874058380324631,0.8676309445540215,directional_mismatch
2739,남성,images/station_tiles/satellite/2739_남성.png,images/station_tiles/satellite/2739_남성.png,0.4830228675914082,0.5673898750821827,0.622380729646549,0.8207773192466971,0.25,0.3567951675261577,0.5673898750821827,mobility_high_subway_low
2826,수진,images/station_tiles/satellite/2826_수진.png,images/station_tiles/satellite/2826_수진.png,0.4434031002773647,0.5864562787639711,0.6212890183405572,0.6353263530746692,0.3173076923076923,0.3935806809513338,0.5864562787639711,diverse_living_area_hidden
221,역삼,images/station_tiles/satellite/221_역삼.png,images/station_tiles/satellite/221_역삼.png,0.8712475890568503,0.015559938636861713,0.6159000505716852,0.9635893193547715,0.19230769230769232,0.3506260068103084,0.015559938636861713,diverse_living_area_hidden
2553,고덕,images/station_tiles/satellite/2553_고덕.png,images/station_tiles/satellite/2553_고덕.png,0.4723292315172559,0.5266272189349113,0.6143962912852291,0.5946485800595483,0.34615384615384615,0.3544206329764241,0.5266272189349113,mobility_high_subway_low
4129,봉은사,images/station_tiles/satellite/4129_봉은사.png,images/station_tiles/satellite/4129_봉은사.png,0.4964111304340277,0.8720140258601797,0.6103378962354991,0.7758814272655197,0.125,0.3301665174659014,0.8720140258601797,directional_mismatch
2516,발산,images/station_tiles/satellite/2516_발산.png,images/station_tiles/satellite/2516_발산.png,0.518034333510175,0.5185185185185185,0.6030065741862033,0.9289438404775887,0.20192307692307693,0.3073910887393377,0.5185185185185185,mobility_high_subway_low
2617,새절(신사),images/station_tiles/satellite/2617_새절(신사).png,images/station_tiles/satellite/2617_새절(신사).png,0.4752517849972031,0.5406530791146176,0.6009144051753194,0.7639124320079944,0.3269230769230769,0.3326818065481394,0.5406530791146176,normal
2522,오목교(목동운동장앞),images/station_tiles/satellite/2522_오목교(목동운동장앞).png,images/station_tiles/satellite/2522_오목교(목동운동장앞).png,0.5534047805646101,0.519833442910366,0.5978097265404568,0.8403497413630148,0.23076923076923078,0.2859423406702397,0.519833442910366,normal
424,명동,images/station_tiles/satellite/424_명동.png,images/station_tiles/satellite/424_명동.png,0.6037996718211065,0.06004821389436774,0.5959619465261267,0.6873834336905554,0.11538461538461539,0.273122264292377,0.06004821389436774,normal
2554,상일동,images/station_tiles/satellite/2554_상일동.png,images/station_tiles/satellite/2554_상일동.png,0.4823763981344098,0.5268463730002192,0.5941116670742688,0.6905959313658822,0.5,0.3175790371408212,0.5268463730002192,diverse_living_area_hidden
2525,영등포시장,images/station_tiles/satellite/2525_영등포시장.png,images/station_tiles/satellite/2525_영등포시장.png,0.457858934563542,0.5204909051062897,0.5922674057008883,0.9267139536012138,0.125,0.3350535690832928,0.5204909051062897,normal
326,압구정,images/station_tiles/satellite/326_압구정.png,images/station_tiles/satellite/326_압구정.png,0.6170193248822405,0.03857111549419242,0.5884440392725249,0.7708937664894996,0.25,0.2637392311917464,0.03857111549419242,normal
416,미아사거리,images/station_tiles/satellite/416_미아사거리.png,images/station_tiles/satellite/416_미아사거리.png,0.5844113089385039,0.05829498137190445,0.5762850979598839,0.778049907137504,0.3269230769230769,0.2531071239640315,0.05829498137190445,normal
2819,문정,images/station_tiles/satellite/2819_문정.png,images/station_tiles/satellite/2819_문정.png,0.4855340133326956,0.5849222003068157,0.5711544079722336,0.9089581171199281,0.21153846153846154,0.2832415604523063,0.5849222003068157,diverse_living_area_hidden
341,경찰병원,images/station_tiles/satellite/341_경찰병원.png,images/station_tiles/satellite/341_경찰병원.png,0.4183075246263106,0.04185842647381109,0.5673778002056256,0.9207576448420149,0.1346153846153846,0.3380928777541145,0.04185842647381109,normal
2815,잠실(송파구청),images/station_tiles/satellite/2815_잠실(송파구청).png,images/station_tiles/satellite/2815_잠실(송파구청).png,0.4708692065926567,0.584045584045584,0.5649395927621262,0.8829228734339316,0.057692307692307696,0.2844703493201392,0.584045584045584,normal
2740,숭실대입구(살피재),images/station_tiles/satellite/2740_숭실대입구(살피재).png,images/station_tiles/satellite/2740_숭실대입구(살피재).png,0.4454428660283213,0.5676090291474907,0.5538596836631396,0.7888494037191001,0.3173076923076923,0.2886175773222462,0.5676090291474907,normal
231,신대방,images/station_tiles/satellite/231_신대방.png,images/station_tiles/satellite/231_신대방.png,0.5282505363267971,0.01775147928994083,0.5536800192249727,0.8699581262683107,0.2980769230769231,0.2390199519244265,0.01775147928994083,normal
331,남부터미널(예술의전당),images/station_tiles/satellite/331_남부터미널(예술의전당).png,images/station_tiles/satellite/331_남부터미널(예술의전당).png,0.5661447654209815,0.039666885820731974,0.5512370163703098,0.5307731118974262,0.27884615384615385,0.2264134568253413,0.039666885820731974,diverse_living_area_hidden
4114,국회의사당,images/station_tiles/satellite/4114_국회의사당.png,images/station_tiles/satellite/4114_국회의사당.png,0.408058783570596,0.8687267148805611,0.5474614619221216,0.6632045601897797,0.19230769230769232,0.3178477161326796,0.8687267148805611,directional_mismatch
2616,구산,images/station_tiles/satellite/2616_구산.png,images/station_tiles/satellite/2616_구산.png,0.4025729460075328,0.5404339250493096,0.5471107828892962,0.5436217521572612,0.3557692307692308,0.3241688072007402,0.5404339250493096,directional_mismatch
2551,굽은다리(강동구민회관앞),images/station_tiles/satellite/2551_굽은다리(강동구민회관앞).png,images/station_tiles/satellite/2551_굽은다리(강동구민회관앞).png,0.4195053328761322,0.5261889108042954,0.5470317684645122,0.702496678652769,0.19230769230769232,0.3037753293025735,0.5261889108042954,normal
2546,아차산(어린이대공원후문),images/station_tiles/satellite/2546_아차산(어린이대공원후문).png,images/station_tiles/satellite/2546_아차산(어린이대공원후문).png,0.451104428666314,0.5250931404777559,0.5462816139297281,0.7679993800653057,0.3269230769230769,0.2723051463596229,0.5250931404777559,normal
2618,증산(명지대앞),images/station_tiles/satellite/2618_증산(명지대앞).png,images/station_tiles/satellite/2618_증산(명지대앞).png,0.416002119425105,0.5408722331799255,0.5440391272564882,0.8399784094683498,0.28846153846153844,0.302840375343174,0.5408722331799255,outer_hidden_demand
318,안국,images/station_tiles/satellite/318_안국.png,images/station_tiles/satellite/318_안국.png,0.4966870036714859,0.036817882971729124,0.5437382250543107,0.5731346703350035,0.2692307692307692,0.2390509914224815,0.036817882971729124,normal
2550,길동,images/station_tiles/satellite/2550_길동.png,images/station_tiles/satellite/2550_길동.png,0.4084946738761736,0.5259697567389875,0.5431541446749792,0.9091746343219986,0.14423076923076922,0.3101624034503287,0.5259697567389875,normal
327,신사,images/station_tiles/satellite/327_신사.png,images/station_tiles/satellite/327_신사.png,0.5480894479861357,0.03879026955950033,0.5408064890266365,0.9089899918277938,0.15384615384615385,0.2172036997480206,0.03879026955950033,normal
154,종로5가,images/station_tiles/satellite/154_종로5가.png,images/station_tiles/satellite/154_종로5가.png,0.4489892040662137,0.0008766162612316459,0.5395789574002321,0.9312733284591063,0.09615384615384616,0.2639353933121137,0.0008766162612316459,normal
2528,여의나루,images/station_tiles/satellite/2528_여의나루.png,images/station_tiles/satellite/2528_여의나루.png,0.4227448094929092,0.5211483673022135,0.5388647173747998,0.5319959699102761,0.23076923076923078,0.2871379103980769,0.5211483673022135,normal
225,방배,images/station_tiles/satellite/225_방배.png,images/station_tiles/satellite/225_방배.png,0.4602825256197513,0.01643655489809336,0.538296577426671,0.665482355228448,0.3076923076923077,0.2533441920641576,0.01643655489809336,normal
2747,남구로,images/station_tiles/satellite/2747_남구로.png,images/station_tiles/satellite/2747_남구로.png,0.4251328455331334,0.569143107604646,0.5368045903347957,0.9368312750610845,0.21153846153846154,0.2813844306890896,0.569143107604646,normal
417,길음,images/station_tiles/satellite/417_길음.png,images/station_tiles/satellite/417_길음.png,0.4838145710381261,0.05851413543721236,0.5311448768362569,0.8726033684568513,0.23076923076923078,0.2282788774091335,0.05851413543721236,normal
2825,신흥,images/station_tiles/satellite/2825_신흥.png,images/station_tiles/satellite/2825_신흥.png,0.3761800585130332,0.5862371246986632,0.5274572044433042,0.5547126132337208,0.3173076923076923,0.327006578131878,0.5862371246986632,normal
2728,어린이대공원(세종대),images/station_tiles/satellite/2728_어린이대공원(세종대).png,images/station_tiles/satellite/2728_어린이대공원(세종대).png,0.4274961299427751,0.5649791803637958,0.5272385361715404,0.8025837560868804,0.21153846153846154,0.2638398212589081,0.5649791803637958,normal
317,경복궁(정부서울청사),images/station_tiles/satellite/317_경복궁(정부서울청사).png,images/station_tiles/satellite/317_경복궁(정부서울청사).png,0.4754229380263399,0.03659872890642121,0.5231992916814173,0.5863192065672488,0.375,0.2216944151467518,0.03659872890642121,normal
4110,염창,images/station_tiles/satellite/4110_염창.png,images/station_tiles/satellite/4110_염창.png,0.3954441663886568,0.8678500986193294,0.5225799854780908,0.6425286749648927,0.25961538461538464,0.2915873927907348,0.8678500986193294,directional_mismatch
313,녹번,images/station_tiles/satellite/313_녹번.png,images/station_tiles/satellite/313_녹번.png,0.4194601624659042,0.03572211264518957,0.5221825706048149,0.672767694504428,0.5288461538461539,0.2636526408226141,0.03572211264518957,outer_hidden_demand
4132,석촌고분,images/station_tiles/satellite/4132_석촌고분.png,images/station_tiles/satellite/4132_석촌고분.png,0.3709275647501651,0.8726714880561034,0.5189181949152044,0.7996157641852365,0.20192307692307693,0.3196072867093837,0.8726714880561034,normal
2717,하계,images/station_tiles/satellite/2717_하계.png,images/station_tiles/satellite/2717_하계.png,0.4444313922001852,0.5625684856454087,0.5182830018487614,0.5532735762847012,0.27884615384615385,0.2352412332535103,0.5625684856454087,normal
2622,망원,images/station_tiles/satellite/2622_망원.png,images/station_tiles/satellite/2622_망원.png,0.4248795488252577,0.5417488494411571,0.51808193850827,0.7646233503275146,0.20192307692307693,0.2517594810226004,0.5417488494411571,normal
2813,강동구청,images/station_tiles/satellite/2813_강동구청.png,images/station_tiles/satellite/2813_강동구청.png,0.397631283936526,0.5836072759149682,0.5146968162090634,0.7389408041404283,0.25961538461538464,0.2754013442581255,0.5836072759149682,normal
428,삼각지,images/station_tiles/satellite/428_삼각지.png,images/station_tiles/satellite/428_삼각지.png,0.3697072552944673,0.06092483015559939,0.5102327835289885,0.8025443253401838,0.0673076923076923,0.3055873562960804,0.06092483015559939,normal
2624,상수,images/station_tiles/satellite/2624_상수.png,images/station_tiles/satellite/2624_상수.png,0.392463031022958,0.5421871575717729,0.5079182501926652,0.5135019429905415,0.14423076923076922,0.2700797567322762,0.5421871575717729,normal
2534,광화문(세종문화회관),images/station_tiles/satellite/2534_광화문(세종문화회관).png,images/station_tiles/satellite/2534_광화문(세종문화회관).png,0.5511419634521477,0.5224632916940609,0.5044533585976394,0.9866200883976366,0.0673076923076923,0.1718214125455266,0.5224632916940609,normal
2725,용마산,images/station_tiles/satellite/2725_용마산.png,images/station_tiles/satellite/2725_용마산.png,0.3673290452507449,0.564321718167872,0.504418036243774,0.3913275937101764,0.25,0.2985337558367532,0.564321718167872,outer_hidden_demand
412,창동,images/station_tiles/satellite/412_창동.png,images/station_tiles/satellite/412_창동.png,0.4732514067019993,0.0574183651106728,0.5040189643850245,0.8288594506650945,0.21153846153846154,0.1954635581788218,0.0574183651106728,normal
2549,강동,images/station_tiles/satellite/2549_강동.png,images/station_tiles/satellite/2549_강동.png,0.4352585848499538,0.5257506026736796,0.4996644778606107,0.9199636424732509,0.14423076923076922,0.2137269293143177,0.5257506026736796,normal
419,한성대입구(삼선교),images/station_tiles/satellite/419_한성대입구(삼선교).png,images/station_tiles/satellite/419_한성대입구(삼선교).png,0.4056699417785107,0.05895244356782818,0.49760411009985,0.7972080884928388,0.4326923076923077,0.2374738495670708,0.05895244356782818,outer_hidden_demand
2515,마곡,images/station_tiles/satellite/2515_마곡.png,images/station_tiles/satellite/2515_마곡.png,0.3706609499746785,0.5182993644532106,0.4932820489464346,0.8414283917613646,0.22115384615384615,0.2731216614773952,0.5182993644532106,normal
2729,건대입구,images/station_tiles/satellite/2729_건대입구.png,images/station_tiles/satellite/2729_건대입구.png,0.4005632934741953,0.5651983344291036,0.4915124082736549,0.8686193163477423,0.09615384615384616,0.2326587757394479,0.5651983344291036,normal
338,일원,images/station_tiles/satellite/338_일원.png,images/station_tiles/satellite/338_일원.png,0.3720552751405032,0.04120096427788735,0.49094630627363095,0.3716289121765513,0.5,0.266876666272049,0.04120096427788735,outer_hidden_demand
4111,신목동,images/station_tiles/satellite/4111_신목동.png,images/station_tiles/satellite/4111_신목동.png,0.3403111043169743,0.8680692526846373,0.49032348188092206,0.5049614753550924,0.23076923076923078,0.3173602273110782,0.8680692526846373,directional_mismatch
415,미아(서울사이버대학),images/station_tiles/satellite/415_미아(서울사이버대학).png,images/station_tiles/satellite/415_미아(서울사이버대학).png,0.4045348856704415,0.058075827306596536,0.48841350694750074,0.8555964631243482,0.28846153846153844,0.2232664111449114,0.058075827306596536,outer_hidden_demand
202,을지로입구,images/station_tiles/satellite/202_을지로입구.png,images/station_tiles/satellite/202_을지로입구.png,0.6799473325816341,0.011396011396011397,0.4878669517947138,0.9738361304904999,0.057692307692307696,0.1665068283330752,0.011396011396011397,normal
2642,월곡(동덕여대),images/station_tiles/satellite/2642_월곡(동덕여대).png,images/station_tiles/satellite/2642_월곡(동덕여대).png,0.3816676887205701,0.5461319307473154,0.4859300449824533,0.837692294147716,0.2403846153846154,0.2450401351392764,0.5461319307473154,normal
411,노원,images/station_tiles/satellite/411_노원.png,images/station_tiles/satellite/411_노원.png,0.4469322600027325,0.05719921104536489,0.48256959338394784,0.895950674199039,0.14423076923076922,0.1791294827124508,0.05719921104536489,normal
2543,답십리,images/station_tiles/satellite/2543_답십리.png,images/station_tiles/satellite/2543_답십리.png,0.3964476391230788,0.5244356782818321,0.48136136013145636,0.8801415240726649,0.20192307692307693,0.2198179760630624,0.5244356782818321,normal
2756,신중동,images/station_tiles/satellite/2756_신중동.png,images/station_tiles/satellite/2756_신중동.png,0.3526057356143784,0.5711154941924173,0.47920241874648367,0.9733347066644411,0.2980769230769231,0.2741993485751872,0.5711154941924173,diverse_living_area_hidden
152,종각,yunsoyoung_cikm_kdd../images/station_tiles/satellite/152_종각.jpg,yunsoyoung_cikm_kdd../images/station_tiles/satellite/152_종각.jpg,0.4358212195919981,0.00043830813061582295,0.4771264419215368,0.9465366208376589,0.04807692307692308,0.1782160532390078,0.00043830813061582295,normal
2733,학동,images/station_tiles/satellite/2733_학동.png,images/station_tiles/satellite/2733_학동.png,0.4221709918143564,0.5660749506903353,0.47688523177328496,0.9483218195490102,0.15384615384615385,0.1881825308124421,0.5660749506903353,normal
2811,암사,images/station_tiles/satellite/2811_암사.png,images/station_tiles/satellite/2811_암사.png,0.4070996328907575,0.5831689677843525,0.4766988710821287,0.3749002191834082,0.2403846153846154,0.2011594874774215,0.5831689677843525,normal
2521,목동,images/station_tiles/satellite/2521_목동.png,images/station_tiles/satellite/2521_목동.png,0.4083945323933969,0.5196142888450581,0.4762397262433483,0.8510634505972403,0.2692307692307692,0.1991742613914635,0.5196142888450581,outer_hidden_demand
2529,마포,images/station_tiles/satellite/2529_마포.png,images/station_tiles/satellite/2529_마포.png,0.3759759772939218,0.5213675213675214,0.47164143571646355,0.5899515176663321,0.18269230769230768,0.2266470857892819,0.5213675213675214,normal
414,수유(강북구청),images/station_tiles/satellite/414_수유(강북구청).png,images/station_tiles/satellite/414_수유(강북구청).png,0.5507540786770231,0.057856673241288625,0.46937862475308123,0.9088457263758255,0.28846153846153844,0.1286843106220707,0.057856673241288625,subway_high_mobility_low
425,회현(남대문시장),images/station_tiles/satellite/425_회현(남대문시장).png,images/station_tiles/satellite/425_회현(남대문시장).png,0.4410394675974066,0.060267367959675654,0.4681453595150244,0.7891117422123543,0.09615384615384616,0.1608415434440969,0.060267367959675654,normal
229,봉천,images/station_tiles/satellite/229_봉천.png,images/station_tiles/satellite/229_봉천.png,0.4267052560343518,0.017313171159325007,0.464173150706918,0.9272176923161843,0.22115384615384615,0.1643747956359496,0.017313171159325007,normal
215,잠실나루,images/station_tiles/satellite/215_잠실나루.png,images/station_tiles/satellite/215_잠실나루.png,0.3736537140009808,0.014245014245014245,0.4563203120180672,0.5760384443536639,0.18269230769230768,0.2018062280932524,0.014245014245014245,normal
2718,공릉(서울과학기술대),images/station_tiles/satellite/2718_공릉(서울과학기술대).png,images/station_tiles/satellite/2718_공릉(서울과학기술대).png,0.35976225722041,0.5627876397107167,0.45558431944676786,0.8439439375202846,0.23076923076923078,0.2185048334762091,0.5627876397107167,normal
2714,마들,images/station_tiles/satellite/2714_마들.png,images/station_tiles/satellite/2714_마들.png,0.3576390444516441,0.561911023449485,0.4552966251214072,0.7509216936300084,0.22115384615384615,0.2209342568965576,0.561911023449485,normal
2557,방이,images/station_tiles/satellite/2557_방이.png,images/station_tiles/satellite/2557_방이.png,0.3344589412581848,0.5275038351961429,0.4492756528523614,0.8562468382431774,0.14423076923076922,0.2453782344266534,0.5275038351961429,normal
4106,양천향교,images/station_tiles/satellite/4106_양천향교.png,images/station_tiles/satellite/4106_양천향교.png,0.3189592553545918,0.8669734823580978,0.4466542640177725,0.406489163668636,0.41346153846153844,0.2685710558689385,0.8669734823580978,directional_mismatch
2640,안암(고대병원앞),images/station_tiles/satellite/2640_안암(고대병원앞).png,images/station_tiles/satellite/2640_안암(고대병원앞).png,0.3492196425707738,0.5456936226166995,0.44445936983941,0.8452563480762137,0.14423076923076922,0.2122840959014438,0.5456936226166995,normal
2641,고려대(종암),images/station_tiles/satellite/2641_고려대(종암).png,images/station_tiles/satellite/2641_고려대(종암).png,0.3306241899705521,0.5459127766820074,0.43889418819324133,0.8532793610283097,0.23076923076923078,0.2308159469851542,0.5459127766820074,normal
2748,가산디지털단지,images/station_tiles/satellite/2748_가산디지털단지.png,images/station_tiles/satellite/2748_가산디지털단지.png,0.4514256632028451,0.569362261669954,0.43801872670326375,0.9457829106731191,0.15384615384615385,0.1094110687131117,0.569362261669954,subway_high_mobility_low
2746,대림(구로구청),images/station_tiles/satellite/2746_대림(구로구청).png,images/station_tiles/satellite/2746_대림(구로구청).png,0.3259295745862287,0.5689239535393381,0.43763891514765385,0.8960415229982053,0.1346153846153846,0.23647578286872,0.5689239535393381,normal
2817,송파,images/station_tiles/satellite/2817_송파.png,images/station_tiles/satellite/2817_송파.png,0.3253637705191366,0.5844838921761999,0.43599773006822734,0.9085928454388285,0.18269230769230768,0.2340728410442165,0.5844838921761999,normal
2745,신풍,images/station_tiles/satellite/2745_신풍.png,images/station_tiles/satellite/2745_신풍.png,0.3354579651692291,0.5687047994740303,0.4342936310201594,0.9160054820278055,0.23076923076923078,0.2133784431782975,0.5687047994740303,normal
420,혜화,images/station_tiles/satellite/420_혜화.png,images/station_tiles/satellite/420_혜화.png,0.4913502094846197,0.05917159763313609,0.43258585927824206,0.6705401490133822,0.21153846153846154,0.0883731242350262,0.05917159763313609,subway_high_mobility_low
2548,천호(풍납토성),images/station_tiles/satellite/2548_천호(풍납토성).png,images/station_tiles/satellite/2548_천호(풍납토성).png,0.3893978152306184,0.5255314486083716,0.43161251796013944,0.7610066166095799,0.1346153846153846,0.1410386195482601,0.5255314486083716,normal
2559,개롱,images/station_tiles/satellite/2559_개롱.png,images/station_tiles/satellite/2559_개롱.png,0.3163951861834003,0.5279421433267587,0.4285165080515351,0.8822237229808985,0.25,0.2348282650144906,0.5279421433267587,normal
4710,정릉,images/station_tiles/satellite/4710_정릉.png,images/station_tiles/satellite/4710_정릉.png,0.2957096171386302,0.9993425378040762,0.42426690003541273,0.7808445625156314,0.2403846153846154,0.2686439499689728,0.9993425378040762,directional_mismatch
217,잠실새내,images/station_tiles/satellite/217_잠실새내.png,images/station_tiles/satellite/217_잠실새내.png,0.3990482308696025,0.014683322375630067,0.4219086617255153,0.6683962225603195,0.19230769230769232,0.1160213592080486,0.014683322375630067,normal
2547,광나루(장신대),images/station_tiles/satellite/2547_광나루(장신대).png,images/station_tiles/satellite/2547_광나루(장신대).png,0.3393592378251199,0.5253122945430638,0.41879963609410714,0.5239688421301436,0.33653846153846156,0.1762262461033857,0.5253122945430638,normal
2723,면목,images/station_tiles/satellite/2723_면목.png,images/station_tiles/satellite/2723_면목.png,0.3440006044267455,0.5638834100372562,0.4168454595283086,0.8554607900020741,0.2692307692307692,0.165724084706675,0.5638834100372562,normal
2644,돌곶이,images/station_tiles/satellite/2644_돌곶이.png,images/station_tiles/satellite/2644_돌곶이.png,0.3153794332410303,0.5465702388779312,0.4151068158486357,0.9078746362924164,0.25,0.20793717885971,0.5465702388779312,normal
2533,서대문,images/station_tiles/satellite/2533_서대문.png,images/station_tiles/satellite/2533_서대문.png,0.3481426119196923,0.522244137628753,0.4132978583353442,0.9639235239197302,0.1346153846153846,0.1531795331013981,0.522244137628753,normal
2631,이태원,images/station_tiles/satellite/2631_이태원.png,images/station_tiles/satellite/2631_이태원.png,0.332878930258292,0.5437212360289283,0.4115886478039789,0.8529220380562692,0.17307692307692307,0.1713477322115209,0.5437212360289283,normal
335,대치,images/station_tiles/satellite/335_대치.png,images/station_tiles/satellite/335_대치.png,0.3215935178568427,0.04054350208196362,0.41025687187046345,0.9116113028647731,0.09615384615384616,0.1866777676862926,0.04054350208196362,normal
4138,중앙보훈병원,images/station_tiles/satellite/4138_중앙보훈병원.png,images/station_tiles/satellite/4138_중앙보훈병원.png,0.3001856705520992,0.8739864124479509,0.4100960639058395,0.4722735096892782,0.7019230769230769,0.2266004414994352,0.8739864124479509,directional_mismatch
2632,한강진,images/station_tiles/satellite/2632_한강진.png,images/station_tiles/satellite/2632_한강진.png,0.3117375415966228,0.5439403900942362,0.4095549369237476,0.7608399850355465,0.23076923076923078,0.2026455984462016,0.5439403900942362,normal
232,구로디지털단지,images/station_tiles/satellite/232_구로디지털단지.png,images/station_tiles/satellite/232_구로디지털단지.png,0.7857419193668822,0.01797063335524874,0.40762645473826437,0.9146136465889753,0.33653846153846156,0.1375390278319765,0.01797063335524874,normal
2539,신금호,images/station_tiles/satellite/2539_신금호.png,images/station_tiles/satellite/2539_신금호.png,0.2983315100437328,0.5235590620206004,0.40714441036268795,0.9201002459725796,0.125,0.2237947599581669,0.5235590620206004,normal
432,총신대입구(이수),images/station_tiles/satellite/432_총신대입구(이수).png,images/station_tiles/satellite/432_총신대입구(이수).png,0.3502079744527673,0.06180144641683103,0.4054727988466411,0.923278456189037,0.14423076923076922,0.1353451133778091,0.06180144641683103,normal
4128,삼성중앙,images/station_tiles/satellite/4128_삼성중앙.png,images/station_tiles/satellite/4128_삼성중앙.png,0.2919797928600931,0.8717948717948718,0.40437772561760543,0.9357765183396443,0.10576923076923077,0.2311498900386909,0.8717948717948718,normal
2621,마포구청,images/station_tiles/satellite/2621_마포구청.png,images/station_tiles/satellite/2621_마포구청.png,0.3236753188791895,0.5415296953758493,0.4028007770845476,0.6765058503934107,0.21153846153846154,0.1675744551494806,0.5415296953758493,normal
227,낙성대,images/station_tiles/satellite/227_낙성대.png,images/station_tiles/satellite/227_낙성대.png,0.4030839521868631,0.01687486302870918,0.4017265606944262,0.659924421785258,0.3173076923076923,0.0789254672023567,0.01687486302870918,subway_high_mobility_low
2821,복정,images/station_tiles/satellite/2821_복정.png,images/station_tiles/satellite/2821_복정.png,0.2933776341549949,0.5853605084374315,0.401648704493523,0.48102470825090543,0.3557692307692308,0.2217649444690368,0.5853605084374315,outer_hidden_demand
2555,둔촌동,images/station_tiles/satellite/2555_둔촌동.png,images/station_tiles/satellite/2555_둔촌동.png,0.3069693605025959,0.5270655270655271,0.4004925967598599,0.9007963538022307,0.16346153846153846,0.1916963786927271,0.5270655270655271,normal
2742,장승배기,images/station_tiles/satellite/2742_장승배기.png,images/station_tiles/satellite/2742_장승배기.png,0.3038525287195955,0.5680473372781065,0.3974262691925257,0.9231741024679322,0.18269230769230768,0.1908115229532015,0.5680473372781065,normal
228,서울대입구(관악구청),images/station_tiles/satellite/228_서울대입구(관악구청).png,images/station_tiles/satellite/228_서울대입구(관악구청).png,0.6131873622824113,0.017094017094017096,0.3968866075667768,0.9079202911520928,0.2403846153846154,0.0521050434399781,0.017094017094017096,subway_high_mobility_low
2726,중곡,images/station_tiles/satellite/2726_중곡.png,images/station_tiles/satellite/2726_중곡.png,0.3023622998848109,0.56454087223318,0.39513389475762106,0.6197075567023251,0.25,0.1885515394175224,0.56454087223318,normal
2724,사가정,images/station_tiles/satellite/2724_사가정.png,images/station_tiles/satellite/2724_사가정.png,0.3232676627715913,0.5641025641025641,0.3884426679155954,0.5330606444358216,0.33653846153846156,0.1381117006467868,0.5641025641025641,normal
4119,흑석(중앙대입구),images/station_tiles/satellite/4119_흑석(중앙대입구).png,images/station_tiles/satellite/4119_흑석(중앙대입구).png,0.2776328908545712,0.8698224852071006,0.3854820250577548,0.5122948345341524,0.18269230769230768,0.2191821452436614,0.8698224852071006,directional_mismatch
4704,가오리,images/station_tiles/satellite/4704_가오리.png,images/station_tiles/satellite/4704_가오리.png,0.2662964338256297,0.9980276134122288,0.38306017487031907,0.5445794653565101,0.21153846153846154,0.2417609573901456,0.9980276134122288,directional_mismatch
4124,사평,images/station_tiles/satellite/4124_사평.png,images/station_tiles/satellite/4124_사평.png,0.2640184615508639,0.8709182555336401,0.38126525535369554,0.9180619551435272,0.09615384615384616,0.2432891626672509,0.8709182555336401,directional_mismatch
2552,명일,images/station_tiles/satellite/2552_명일.png,images/station_tiles/satellite/2552_명일.png,0.2870584995248993,0.5264080648696033,0.3782488936130085,0.9236743770261043,0.1346153846153846,0.1806048454166683,0.5264080648696033,normal
4131,삼전,images/station_tiles/satellite/4131_삼전.png,images/station_tiles/satellite/4131_삼전.png,0.2713492954642988,0.8724523339907956,0.3777007347031067,0.7586410274247195,0.1346153846153846,0.2152557557603419,0.8724523339907956,normal
2758,상동,images/station_tiles/satellite/2758_상동.png,images/station_tiles/satellite/2758_상동.png,0.2765781625374028,0.5715538023230331,0.3763653446080408,0.8230411862772568,0.125,0.1993653742478315,0.5715538023230331,normal
2741,상도,images/station_tiles/satellite/2741_상도.png,images/station_tiles/satellite/2741_상도.png,0.2922240976172364,0.5678281832127986,0.375554608709178,0.9035732568848579,0.18269230769230768,0.1637231051676797,0.5678281832127986,normal
4118,노들,images/station_tiles/satellite/4118_노들.png,images/station_tiles/satellite/4118_노들.png,0.2605758847424402,0.8696033311417927,0.37404547861124865,0.6597698478367078,0.21153846153846154,0.2339953256470659,0.8696033311417927,directional_mismatch
4108,증미,images/station_tiles/satellite/4108_증미.png,images/station_tiles/satellite/4108_증미.png,0.2640195957781668,0.8674117904887135,0.3739851262970245,0.4249695303124814,0.23076923076923078,0.2245873326989651,0.8674117904887135,directional_mismatch
2731,청담,images/station_tiles/satellite/2731_청담.png,images/station_tiles/satellite/2731_청담.png,0.3258884202274851,0.5656366425597195,0.3732545396169139,0.7757344329661245,0.19230769230769232,0.1025753496633014,0.5656366425597195,normal
4130,종합운동장,images/station_tiles/satellite/4130_종합운동장.png,images/station_tiles/satellite/4130_종합운동장.png,0.2655785547253502,0.8722331799254877,0.37185761761797975,0.5972821937676628,0.125,0.2150753573535209,0.8722331799254877,normal
2743,신대방삼거리,images/station_tiles/satellite/2743_신대방삼거리.png,images/station_tiles/satellite/2743_신대방삼거리.png,0.3044907796922552,0.5682664913434144,0.37038309908530814,0.9330104188947143,0.16346153846153846,0.129363312013967,0.5682664913434144,normal
2647,화랑대(서울여대입구),images/station_tiles/satellite/2647_화랑대(서울여대입구).png,images/station_tiles/satellite/2647_화랑대(서울여대입구).png,0.287803835853968,0.5472277010738549,0.37013814766736863,0.6371619334905853,0.22115384615384615,0.1599255435473296,0.5472277010738549,normal
2615,연신내,images/station_tiles/satellite/2615_연신내.png,images/station_tiles/satellite/2615_연신내.png,0.2507569543319379,0.5402147709840017,0.369779779470321,0.45188606697840145,0.15384615384615385,0.2507569543319379,0.5402147709840017,directional_mismatch
4134,송파나루,images/station_tiles/satellite/4134_송파나루.png,images/station_tiles/satellite/4134_송파나루.png,0.2591899949899705,0.8731097961867192,0.3657210003278363,0.9037828266473394,0.10576923076923077,0.2160347770632787,0.8731097961867192,normal
207,상왕십리,images/station_tiles/satellite/207_상왕십리.png,images/station_tiles/satellite/207_상왕십리.png,0.2921429146280184,0.012491781722550954,0.3628150269241852,0.9231889493067733,0.11538461538461539,0.1343128541095234,0.012491781722550954,normal
2612,역촌,images/station_tiles/satellite/2612_역촌.png,images/station_tiles/satellite/2612_역촌.png,0.2571324553152784,0.5395573087880781,0.3615799658504931,0.914926072781696,0.1346153846153846,0.2107127977997916,0.5395573087880781,normal
2540,행당,images/station_tiles/satellite/2540_행당.png,images/station_tiles/satellite/2540_행당.png,0.2675474900706985,0.5237782160859084,0.3589380846930983,0.9234379293509117,0.11538461538461539,0.1773109447142884,0.5237782160859084,normal
240,신촌,images/station_tiles/satellite/240_신촌.png,images/station_tiles/satellite/240_신촌.png,0.4415392348769413,0.01972386587771203,0.35773288022185823,0.8494847950759961,0.08653846153846154,-0.0090471903619677,0.01972386587771203,subway_high_mobility_low
4126,언주,images/station_tiles/satellite/4126_언주.png,images/station_tiles/satellite/4126_언주.png,0.2662481718035651,0.871356563664256,0.35734801784085574,0.924335913394865,0.08653846153846154,0.1764015183760985,0.871356563664256,normal
2523,양평,images/station_tiles/satellite/2523_양평.png,images/station_tiles/satellite/2523_양평.png,0.2617064117071882,0.5200525969756739,0.3563572401071912,0.7545572030329043,0.15384615384615385,0.185087660748578,0.5200525969756739,normal
2737,내방,images/station_tiles/satellite/2737_내방.png,images/station_tiles/satellite/2737_내방.png,0.2862771908582727,0.5669515669515669,0.3561453643826517,0.8854916098283809,0.18269230769230768,0.1299040070599037,0.5669515669515669,normal
4115,여의도,images/station_tiles/satellite/4115_여의도.png,images/station_tiles/satellite/4115_여의도.png,0.2761273515396747,0.8689458689458689,0.35556946291271946,0.9751084756226532,0.04807692307692308,0.1493497269461354,0.8689458689458689,directional_mismatch
2730,뚝섬유원지,images/station_tiles/satellite/2730_뚝섬유원지.png,images/station_tiles/satellite/2730_뚝섬유원지.png,0.2686295331152823,0.5654174884944115,0.35473591300914775,0.46712338909924567,0.2403846153846154,0.1641205385711154,0.5654174884944115,normal
4123,고속터미널,images/station_tiles/satellite/4123_고속터미널.png,images/station_tiles/satellite/4123_고속터미널.png,0.2719209969920195,0.8706991014683323,0.35196364728813195,0.7865691369094966,0.09615384615384616,0.149658980974395,0.8706991014683323,directional_mismatch
4122,신반포,images/station_tiles/satellite/4122_신반포.png,images/station_tiles/satellite/4122_신반포.png,0.2406846754319058,0.8704799474030244,0.3470764958543917,0.7200024898499655,0.15384615384615385,0.2185669904028065,0.8704799474030244,directional_mismatch
223,교대(법원.검찰청),images/station_tiles/satellite/223_교대(법원.검찰청).png,images/station_tiles/satellite/223_교대(법원.검찰청).png,0.3764643085395197,0.015998246767477537,0.33592213537381166,0.8490722016985729,0.09615384615384616,-0.0184391910139197,0.015998246767477537,subway_high_mobility_low
247,도림천,images/station_tiles/satellite/247_도림천.png,images/station_tiles/satellite/247_도림천.png,0.2288061700317389,0.021257944334867412,0.3328906669580891,0.8418564952544241,0.17307692307692307,0.2154120852059157,0.021257944334867412,normal
2755,춘의,images/station_tiles/satellite/2755_춘의.png,images/station_tiles/satellite/2755_춘의.png,0.2354800509705669,0.5708963401271093,0.3298563424720311,0.9387157949324432,0.22115384615384615,0.1853858634929601,0.5708963401271093,normal
235,문래,images/station_tiles/satellite/235_문래.png,images/station_tiles/satellite/235_문래.png,0.2860072443257228,0.018628095551172473,0.32951310533390155,0.964157020369873,0.1346153846153846,0.0672850471104252,0.018628095551172473,normal
2734,논현,images/station_tiles/satellite/2734_논현.png,images/station_tiles/satellite/2734_논현.png,0.2809262117837964,0.5662941047556432,0.3261557306023234,0.9270362700905861,0.08653846153846154,0.0682304291701834,0.5662941047556432,normal
4113,당산,images/station_tiles/satellite/4113_당산.png,images/station_tiles/satellite/4113_당산.png,0.2489258228656148,0.8685075608152532,0.32524941170855753,0.7956696057177126,0.09615384615384616,0.1349720802263187,0.8685075608152532,directional_mismatch
158,청량리(서울시립대입구),images/station_tiles/satellite/158_청량리(서울시립대입구).png,images/station_tiles/satellite/158_청량리(서울시립대입구).png,0.2697309077963133,0.0017532325224632918,0.3244009639044091,0.8543282209118881,0.09615384615384616,0.085300920686724,0.0017532325224632918,normal
315,무악재,images/station_tiles/satellite/315_무악재.png,images/station_tiles/satellite/315_무악재.png,0.2275887642859139,0.03616042077580539,0.32001601874826374,0.44863840826777684,0.2980769230769231,0.1811107854831757,0.03616042077580539,outer_hidden_demand
2537,동대문역사문화공원,images/station_tiles/satellite/2537_동대문역사문화공원.png,images/station_tiles/satellite/2537_동대문역사문화공원.png,0.2242662354898329,0.5231207538899847,0.31922792342455963,0.9434340149715857,0.038461538461538464,0.18953178614795,0.5231207538899847,normal
4112,선유도,images/station_tiles/satellite/4112_선유도.png,images/station_tiles/satellite/4112_선유도.png,0.2256816748354903,0.8682884067499452,0.3184745256825104,0.536553773833656,0.16346153846153846,0.1826294355405223,0.8682884067499452,directional_mismatch
242,아현,images/station_tiles/satellite/242_아현.png,images/station_tiles/satellite/242_아현.png,0.2442315073098298,0.020162174008327854,0.3169759819102879,0.92312182328439,0.11538461538461539,0.1243365173897717,0.020162174008327854,normal
4104,신방화,images/station_tiles/satellite/4104_신방화.png,images/station_tiles/satellite/4104_신방화.png,0.2215776136282476,0.8665351742274819,0.31377137618828327,0.921861983760709,0.14423076923076922,0.1818562541677692,0.8665351742274819,directional_mismatch
233,대림(구로구청),images/station_tiles/satellite/233_대림(구로구청).png,images/station_tiles/satellite/233_대림(구로구청).png,0.2989022820812617,0.01818978742055665,0.31364898530806096,0.911063922115257,0.15384615384615385,0.0104835111658705,0.01818978742055665,subway_high_mobility_low
2814,몽촌토성(평화의문),images/station_tiles/satellite/2814_몽촌토성(평화의문).png,images/station_tiles/satellite/2814_몽촌토성(평화의문).png,0.2277088789871617,0.5838264299802761,0.31006988344368697,0.8942963993901134,0.08653846153846154,0.1511079811326285,0.5838264299802761,normal
421,동대문,images/station_tiles/satellite/421_동대문.png,images/station_tiles/satellite/421_동대문.png,0.2654716667474636,0.05939075169844401,0.30944114724644184,0.871576578803207,0.04807692307692308,0.055913129575202,0.05939075169844401,normal
2727,군자(능동),images/station_tiles/satellite/2727_군자(능동).png,images/station_tiles/satellite/2727_군자(능동).png,0.2446072717837498,0.5647600262984879,0.30762148780094467,0.9103337638767703,0.11538461538461539,0.0974267906674988,0.5647600262984879,normal
214,강변(동서울터미널),images/station_tiles/satellite/214_강변(동서울터미널).png,images/station_tiles/satellite/214_강변(동서울터미널).png,0.3720391046287578,0.014025860179706334,0.3059450953652594,0.5882362885227612,0.23076923076923078,-0.0703070104736582,0.014025860179706334,subway_high_mobility_low
2713,수락산,images/station_tiles/satellite/2713_수락산.png,images/station_tiles/satellite/2713_수락산.png,0.2420605154161852,0.561691869384177,0.3034634869780523,0.33578698691146347,0.21153846153846154,0.0922041694151022,0.561691869384177,normal
2736,고속터미널,images/station_tiles/satellite/2736_고속터미널.png,images/station_tiles/satellite/2736_고속터미널.png,0.2526234488392626,0.5667324128862591,0.3015067807041006,0.9055773921373332,0.09615384615384616,0.0619676341998557,0.5667324128862591,normal
336,학여울,images/station_tiles/satellite/336_학여울.png,images/station_tiles/satellite/336_학여울.png,0.2088330859160561,0.04076265614727153,0.29942592078646,0.7372481605272736,0.125,0.1811322556027756,0.04076265614727153,normal
2531,애오개,images/station_tiles/satellite/2531_애오개.png,images/station_tiles/satellite/2531_애오개.png,0.2172937258426429,0.5218058294981371,0.29631074616713204,0.9378975473918579,0.11538461538461539,0.1420132828513244,0.5218058294981371,normal
4705,화계,images/station_tiles/satellite/4705_화계.png,images/station_tiles/satellite/4705_화계.png,0.2043179745812612,0.9982467674775367,0.2955028460049696,0.37508856558384773,0.19230769230769232,0.1850828873344729,0.9982467674775367,directional_mismatch
332,양재(서초구청),images/station_tiles/satellite/332_양재(서초구청).png,images/station_tiles/satellite/332_양재(서초구청).png,0.3597477020138716,0.039886039886039885,0.2949838913520586,0.8993075680154983,0.14423076923076922,-0.0842070940495268,0.039886039886039885,subway_high_mobility_low
2527,여의도,images/station_tiles/satellite/2527_여의도.png,images/station_tiles/satellite/2527_여의도.png,0.2783141186721038,0.5209292132369056,0.29364111824122463,0.9971275479866484,0.038461538461538464,-0.0062158321760413,0.5209292132369056,subway_high_mobility_low
4708,솔샘,images/station_tiles/satellite/4708_솔샘.png,images/station_tiles/satellite/4708_솔샘.png,0.2049573792231033,0.9989042296734605,0.2917602201594952,0.2577686350343995,0.16346153846153846,0.1702796949835527,0.9989042296734605,directional_mismatch
219,삼성(무역센터),images/station_tiles/satellite/219_삼성(무역센터).png,images/station_tiles/satellite/219_삼성(무역센터).png,0.4910488253514465,0.015121630506245891,0.2900219314199252,0.9546630681328205,0.09615384615384616,-0.1084387519642239,0.015121630506245891,subway_high_mobility_low
2751,천왕,images/station_tiles/satellite/2751_천왕.png,images/station_tiles/satellite/2751_천왕.png,0.2199040384746132,0.5700197238658777,0.28955931402568535,0.485195488374478,0.33653846153846156,0.1128273498772569,0.5700197238658777,normal
2530,공덕,images/station_tiles/satellite/2530_공덕.png,images/station_tiles/satellite/2530_공덕.png,0.2320139264074962,0.5215866754328293,0.28944959200122217,0.9420405450758172,0.07692307692307693,0.0780107163618559,0.5215866754328293,normal
209,한양대,images/station_tiles/satellite/209_한양대.png,images/station_tiles/satellite/209_한양대.png,0.2211097535413253,0.012930089853166776,0.2879388249905249,0.8528340544965198,0.125,0.1041940353967167,0.012930089853166776,normal
4137,둔촌오륜,images/station_tiles/satellite/4137_둔촌오륜.png,images/station_tiles/satellite/4137_둔촌오륜.png,0.1961535917795781,0.873767258382643,0.28582283459515867,0.7894454627050643,0.34615384615384615,0.1842753994670399,0.873767258382643,normal
206,신당,images/station_tiles/satellite/206_신당.png,images/station_tiles/satellite/206_신당.png,0.2336710173997341,0.012272627657243042,0.2853621861008464,0.9190228201351139,0.09615384615384616,0.06180651548266,0.012272627657243042,normal
433,사당,images/station_tiles/satellite/433_사당.png,images/station_tiles/satellite/433_사당.png,0.2646776521880495,0.06202060048213894,0.28497637339169385,0.9213082587789865,0.07692307692307693,-0.0051903041817421,0.06202060048213894,subway_high_mobility_low
210,뚝섬,images/station_tiles/satellite/210_뚝섬.png,images/station_tiles/satellite/210_뚝섬.png,0.2547133603294724,0.013149243918474688,0.2840567523870498,0.9489735577164862,0.10576923076923077,0.0109595845144281,0.013149243918474688,normal
328,잠원,images/station_tiles/satellite/328_잠원.png,images/station_tiles/satellite/328_잠원.png,0.2042374382789179,0.03900942362480824,0.2820085120220748,0.623061088577011,0.15384615384615385,0.1405841501426032,0.03900942362480824,normal
2613,불광,images/station_tiles/satellite/2613_불광.png,images/station_tiles/satellite/2613_불광.png,0.2018607997690201,0.539776462853386,0.2804291577968754,0.9091487908388854,0.04807692307692308,0.1439260954026011,0.539776462853386,normal
2520,신정(은행정),images/station_tiles/satellite/2520_신정(은행정).png,images/station_tiles/satellite/2520_신정(은행정).png,0.2217992827970263,0.5193951347797502,0.2787947991938456,0.9188137266232482,0.125,0.0741814547163045,0.5193951347797502,normal
316,독립문,images/station_tiles/satellite/316_독립문.png,images/station_tiles/satellite/316_독립문.png,0.2053443852035513,0.0363795748411133,0.27644291445176444,0.6772272389896438,0.2403846153846154,0.1182638308019306,0.0363795748411133,normal
337,대청,images/station_tiles/satellite/337_대청.png,images/station_tiles/satellite/337_대청.png,0.2102022082693569,0.04098181021257944,0.2757444686179674,0.6488038280321287,0.16346153846153846,0.0997706394342403,0.04098181021257944,normal
224,서초,images/station_tiles/satellite/224_서초.png,images/station_tiles/satellite/224_서초.png,0.2461720674221118,0.016217400832785448,0.2757313684160513,0.7325867772314931,0.125,0.0057235755185197,0.016217400832785448,normal
2715,노원,images/station_tiles/satellite/2715_노원.png,images/station_tiles/satellite/2715_노원.png,0.2465564158931362,0.5621301775147929,0.2741161374987751,0.6508022539619371,0.08653846153846154,0.0004813776175942,0.5621301775147929,normal
2511,방화,images/station_tiles/satellite/2511_방화.png,images/station_tiles/satellite/2511_방화.png,0.1984993618525906,0.517422748191979,0.271129421910554,0.19322860869995315,0.22115384615384615,0.124747526364131,0.517422748191979,normal
212,건대입구,images/station_tiles/satellite/212_건대입구.png,images/station_tiles/satellite/212_건대입구.png,0.3661831899932134,0.01358755204909051,0.27087794336868126,0.8869887383761851,0.10576923076923077,-0.1321850019990776,0.01358755204909051,subway_high_mobility_low
157,제기동,images/station_tiles/satellite/157_제기동.png,images/station_tiles/satellite/157_제기동.png,0.2172930282158716,0.0015340784571553803,0.2705406482012836,0.8852111930660524,0.09615384615384616,0.0615925846329816,0.0015340784571553803,normal
4117,노량진,images/station_tiles/satellite/4117_노량진.png,images/station_tiles/satellite/4117_노량진.png,0.2157411043508026,0.8693841770764847,0.2684737806910237,0.9276809932263796,0.08653846153846154,0.0596174399306831,0.8693841770764847,directional_mismatch
2628,효창공원앞,images/station_tiles/satellite/2628_효창공원앞.png,images/station_tiles/satellite/2628_효창공원앞.png,0.1968444904658786,0.5430637738330046,0.2668453993970781,0.8227829085815959,0.07692307692307693,0.116121255073649,0.5430637738330046,normal
4703,4.19민주묘지,images/station_tiles/satellite/4703_4.19민주묘지.png,images/station_tiles/satellite/4703_4.19민주묘지.png,0.1839610259507251,0.9978084593469209,0.2662851528616299,0.13340430739153727,0.22115384615384615,0.1655529047118442,0.9978084593469209,directional_mismatch
2720,먹골,images/station_tiles/satellite/2720_먹골.png,images/station_tiles/satellite/2720_먹골.png,0.2031292074842471,0.5632259478413325,0.263982147994784,0.760769157371911,0.14423076923076922,0.0844053462819632,0.5632259478413325,normal
2630,녹사평(용산구청),images/station_tiles/satellite/2630_녹사평(용산구청).png,images/station_tiles/satellite/2630_녹사평(용산구청).png,0.1918725713182057,0.5435020819636204,0.26378178990708734,0.5234857343379232,0.16346153846153846,0.1241426429037076,0.5435020819636204,normal
322,동대입구,images/station_tiles/satellite/322_동대입구.png,images/station_tiles/satellite/322_동대입구.png,0.2014430661152388,0.03769449923296077,0.26374057745458673,0.725993167969096,0.09615384615384616,0.0892825537094193,0.03769449923296077,normal
220,선릉,images/station_tiles/satellite/220_선릉.png,images/station_tiles/satellite/220_선릉.png,0.3840604440326635,0.015340784571553802,0.2630375610312656,0.9486825999325667,0.0673076923076923,-0.1515012669430928,0.015340784571553802,subway_high_mobility_low
4711,성신여대입구(돈암),images/station_tiles/satellite/4711_성신여대입구(돈암).png,images/station_tiles/satellite/4711_성신여대입구(돈암).png,0.1807846323949541,0.9995616918693842,0.2608409088606381,0.8817613237353781,0.0673076923076923,0.1592017033934338,0.9995616918693842,directional_mismatch
334,도곡,images/station_tiles/satellite/334_도곡.png,images/station_tiles/satellite/334_도곡.png,0.1867990134458063,0.04032434801665571,0.25765666992358705,0.9171337279479412,0.028846153846153848,0.1221543715970513,0.04032434801665571,normal
4121,구반포,images/station_tiles/satellite/4121_구반포.png,images/station_tiles/satellite/4121_구반포.png,0.1760298065959358,0.8702607933377164,0.25572866285235607,0.7432894968758563,0.15384615384615385,0.1611813071656205,0.8702607933377164,directional_mismatch
2532,충정로(경기대입구),images/station_tiles/satellite/2532_충정로(경기대입구).png,images/station_tiles/satellite/2532_충정로(경기대입구).png,0.1821470267175,0.5220249835634451,0.25554666131034426,0.9716309856297239,0.057692307692307696,0.1335356462292634,0.5220249835634451,normal
2614,독바위,images/station_tiles/satellite/2614_독바위.png,images/station_tiles/satellite/2614_독바위.png,0.17901064922015,0.5399956169186938,0.25520074203955523,0.08557939536871877,0.28846153846153844,0.1457577813412834,0.5399956169186938,normal
201,시청,images/station_tiles/satellite/201_시청.png,images/station_tiles/satellite/201_시청.png,0.2343663201333518,0.011176857330703484,0.25411973495233986,0.9953157651561473,0.04807692307692308,-0.030353228295416,0.011176857330703484,subway_high_mobility_low
236,영등포구청,images/station_tiles/satellite/236_영등포구청.png,images/station_tiles/satellite/236_영등포구청.png,0.2217834011438203,0.018847249616480384,0.2528448311530481,0.9443527174093,0.07692307692307693,-0.005118032710582,0.018847249616480384,normal
339,수서,images/station_tiles/satellite/339_수서.png,images/station_tiles/satellite/339_수서.png,0.2179036896409167,0.04142011834319527,0.24937141257097972,0.8820713142789883,0.08653846153846154,-0.0060423695873312,0.04142011834319527,normal
2759,삼산체육관,images/station_tiles/satellite/2759_삼산체육관.png,images/station_tiles/satellite/2759_삼산체육관.png,0.1724935465115284,0.571772956388341,0.24739797108169814,0.6755816330405086,0.125,0.1450909579316543,0.571772956388341,normal
418,성신여대입구(돈암),images/station_tiles/satellite/418_성신여대입구(돈암).png,images/station_tiles/satellite/418_성신여대입구(돈암).png,0.2261255476618134,0.05873328950252027,0.2467897873917447,0.903653265709949,0.09615384615384616,-0.0337796071450469,0.05873328950252027,subway_high_mobility_low
239,홍대입구,images/station_tiles/satellite/239_홍대입구.png,images/station_tiles/satellite/239_홍대입구.png,0.6289717388045813,0.01950471181240412,0.24349931860556048,0.8646439671328471,0.10576923076923077,-0.1084997682762007,0.01950471181240412,subway_high_mobility_low
2822,산성,images/station_tiles/satellite/2822_산성.png,images/station_tiles/satellite/2822_산성.png,0.1753176191873424,0.5855796625027394,0.24255621650119213,0.46708169521301457,0.3076923076923077,0.1135203065129269,0.5855796625027394,normal
4707,삼양사거리,images/station_tiles/satellite/4707_삼양사거리.png,images/station_tiles/satellite/4707_삼양사거리.png,0.1660217195685712,0.9986850756081526,0.24127326940539537,0.9090349004497599,0.10576923076923077,0.1515160466925091,0.9986850756081526,directional_mismatch
4105,마곡나루,images/station_tiles/satellite/4105_마곡나루.png,images/station_tiles/satellite/4105_마곡나루.png,0.1707951698463999,0.8667543282927899,0.2386406462202827,0.5936216524350366,0.1346153846153846,0.1182939490433007,0.8667543282927899,directional_mismatch
208,왕십리(성동구청),images/station_tiles/satellite/208_왕십리(성동구청).png,images/station_tiles/satellite/208_왕십리(성동구청).png,0.1937269256479911,0.012710935787858865,0.23557856309236602,0.8837696416144831,0.038461538461538464,0.0183502397488824,0.012710935787858865,normal
427,숙대입구(갈월),images/station_tiles/satellite/427_숙대입구(갈월).png,images/station_tiles/satellite/427_숙대입구(갈월).png,0.1895906907097432,0.060705676090291476,0.23332934197738486,0.7674517257920581,0.15384615384615385,0.0241595482090629,0.060705676090291476,normal
2721,중화,images/station_tiles/satellite/2721_중화.png,images/station_tiles/satellite/2721_중화.png,0.1803648467268205,0.5634451019066403,0.2313648733936989,0.848223254317206,0.1346153846153846,0.050236850652458,0.5634451019066403,normal
4701,북한산우이,images/station_tiles/satellite/4701_북한산우이.png,images/station_tiles/satellite/4701_북한산우이.png,0.1587094640002131,0.997370151216305,0.2298677911699127,0.0,0.33653846153846156,0.1408759818662233,0.997370151216305,normal
250,용두(동대문구청),images/station_tiles/satellite/250_용두(동대문구청).png,images/station_tiles/satellite/250_용두(동대문구청).png,0.1587779607014439,0.021915406530791146,0.22722544876600315,0.923023227602956,0.10576923076923077,0.1292355871277905,0.021915406530791146,normal
324,금호,images/station_tiles/satellite/324_금호.png,images/station_tiles/satellite/324_금호.png,0.1700019638628069,0.0381328073635766,0.2269595679353999,0.9180420950120056,0.10576923076923077,0.0753266960367139,0.0381328073635766,normal
330,교대(법원.검찰청),images/station_tiles/satellite/330_교대(법원.검찰청).png,images/station_tiles/satellite/330_교대(법원.검찰청).png,0.176897610582435,0.03944773175542406,0.22633699693419207,0.9445916408520341,0.038461538461538464,0.0445452903217224,0.03944773175542406,normal
426,서울역,images/station_tiles/satellite/426_서울역.png,images/station_tiles/satellite/426_서울역.png,0.1836752436271682,0.060486522024983565,0.22571078977593326,0.9372286455029225,0.08653846153846154,0.0169947022075224,0.060486522024983565,directional_mismatch
2638,창신,images/station_tiles/satellite/2638_창신.png,images/station_tiles/satellite/2638_창신.png,0.156514386713354,0.5452553144860837,0.22193150763974895,0.9158542559176842,0.11538461538461539,0.1180702641812071,0.5452553144860837,normal
2620,월드컵경기장(성산),images/station_tiles/satellite/2620_월드컵경기장(성산).png,images/station_tiles/satellite/2620_월드컵경기장(성산).png,0.1620131431881218,0.5413105413105413,0.2210403753305637,0.4069670628747061,0.18269230769230768,0.087203694435985,0.5413105413105413,normal
329,고속터미널,images/station_tiles/satellite/329_고속터미널.png,images/station_tiles/satellite/329_고속터미널.png,0.3668771694028119,0.03922857769011615,0.2205550300718826,0.7843762481543192,0.009615384615384616,-0.2254553142695354,0.03922857769011615,subway_high_mobility_low
2514,송정,images/station_tiles/satellite/2514_송정.png,images/station_tiles/satellite/2514_송정.png,0.162850177169039,0.5180802103879028,0.21963144148236435,0.6686998094528964,0.23076923076923078,0.0774183920844502,0.5180802103879028,normal
4702,솔밭공원,images/station_tiles/satellite/4702_솔밭공원.png,images/station_tiles/satellite/4702_솔밭공원.png,0.1508550403410112,0.9975893052816129,0.21923348429578843,0.29900732757298526,0.2403846153846154,0.1363556290810444,0.9975893052816129,normal
2633,버티고개,images/station_tiles/satellite/2633_버티고개.png,images/station_tiles/satellite/2633_버티고개.png,0.1525958819810819,0.5441595441595442,0.21905973370406348,0.7666428100083449,0.15384615384615385,0.1260815652279487,0.5441595441595442,normal
238,합정,images/station_tiles/satellite/238_합정.png,images/station_tiles/satellite/238_합정.png,0.2318963437395195,0.01928555774709621,0.2178433131166829,0.8869596683291018,0.04807692307692308,-0.1310732542201189,0.01928555774709621,subway_high_mobility_low
2816,석촌,images/station_tiles/satellite/2816_석촌.png,images/station_tiles/satellite/2816_석촌.png,0.1625494896308056,0.584264738110892,0.21604104695601797,0.889291498521725,0.038461538461538464,0.0638310591697086,0.584264738110892,normal
241,이대,images/station_tiles/satellite/241_이대.png,images/station_tiles/satellite/241_이대.png,0.1807166731422163,0.019943019943019943,0.21540489295621307,0.9099834993934974,0.08653846153846154,-0.0109933965482309,0.019943019943019943,normal
2643,상월곡(한국과학기술연구원),images/station_tiles/satellite/2643_상월곡(한국과학기술연구원).png,images/station_tiles/satellite/2643_상월곡(한국과학기술연구원).png,0.1566595898024325,0.5463510848126233,0.2148287455754162,0.6202210991295702,0.15384615384615385,0.0865788326431924,0.5463510848126233,normal
2648,봉화산(서울의료원),images/station_tiles/satellite/2648_봉화산(서울의료원).png,images/station_tiles/satellite/2648_봉화산(서울의료원).png,0.1619368307427153,0.5474468551391628,0.21376418089587446,0.5816035566574603,0.21153846153846154,0.0570936547063287,0.5474468551391628,normal
2636,신당,images/station_tiles/satellite/2636_신당.png,images/station_tiles/satellite/2636_신당.png,0.1565203273208353,0.5448170063554679,0.2083020980492607,0.8423703817252322,0.028846153846153848,0.0589902235105297,0.5448170063554679,normal
153,종로3가,yunsoyoung_cikm_kdd../images/station_tiles/map/153_종로3가_tmp.png,yunsoyoung_cikm_kdd../images/station_tiles/map/153_종로3가_tmp.png,0.1841920729209455,0.0006574621959237344,0.20818606535716594,0.8969809508824955,0.019230769230769232,-0.0493460667627708,0.0006574621959237344,subway_high_mobility_low
244,용답,images/station_tiles/satellite/244_용답.png,images/station_tiles/satellite/244_용답.png,0.1444239881513848,0.020600482138943676,0.20590393446873578,0.6686955814559643,0.125,0.1112206428459865,0.020600482138943676,normal
309,지축,images/station_tiles/satellite/309_지축.png,images/station_tiles/satellite/309_지축.png,0.1443317200595856,0.034845496383957925,0.2049834523754489,0.46973975892336656,0.4807692307692308,0.1074216529067277,0.034845496383957925,normal
2722,상봉(시외버스터미널),images/station_tiles/satellite/2722_상봉(시외버스터미널).png,images/station_tiles/satellite/2722_상봉(시외버스터미널).png,0.1708898186452209,0.5636642559719482,0.2032909874407387,0.9063898328069984,0.0673076923076923,-0.0224107261177148,0.5636642559719482,normal
2524,영등포구청,images/station_tiles/satellite/2524_영등포구청.png,images/station_tiles/satellite/2524_영등포구청.png,0.1445059383616999,0.5202717510409818,0.20293241976984616,0.9649402235119909,0.057692307692307696,0.0968098465946208,0.5202717510409818,normal
245,신답,images/station_tiles/satellite/245_신답.png,images/station_tiles/satellite/245_신답.png,0.1397495563434102,0.02081963620425159,0.20184385518009848,0.9173470230157948,0.11538461538461539,0.1191829832670075,0.02081963620425159,normal
2827,모란,images/station_tiles/satellite/2827_모란.png,images/station_tiles/satellite/2827_모란.png,0.143852847288368,0.586675432829279,0.19969370585940005,0.7742825330647715,0.0673076923076923,0.0852128494322155,0.586675432829279,normal
2625,광흥창(서강),images/station_tiles/satellite/2625_광흥창(서강).png,images/station_tiles/satellite/2625_광흥창(서강).png,0.1507304157754009,0.5424063116370809,0.1984402037572233,0.5744673641384777,0.09615384615384616,0.0434983729671679,0.5424063116370809,normal
2623,합정,images/station_tiles/satellite/2623_합정.png,images/station_tiles/satellite/2623_합정.png,0.1596498506867482,0.541968003506465,0.19572710369346585,0.5106317431572162,0.125,-0.0089841096758967,0.541968003506465,normal
246,신설동,images/station_tiles/satellite/246_신설동.png,images/station_tiles/satellite/246_신설동.png,0.1380736363253251,0.0210387902695595,0.19554759328525856,0.911242426897304,0.057692307692307696,0.0984722837980562,0.0210387902695595,normal
312,불광,images/station_tiles/satellite/312_불광.png,images/station_tiles/satellite/312_불광.png,0.1638688686320213,0.03550295857988166,0.19544489947233074,0.907423643906419,0.125,-0.0273375183314502,0.03550295857988166,normal
2818,가락시장,images/station_tiles/satellite/2818_가락시장.png,images/station_tiles/satellite/2818_가락시장.png,0.1452750869472987,0.5847030462415078,0.1944239745423949,0.897777829058215,0.038461538461538464,0.0528207801780628,0.5847030462415078,normal
2634,약수,images/station_tiles/satellite/2634_약수.png,images/station_tiles/satellite/2634_약수.png,0.1375634180308772,0.5443786982248521,0.19406443200158452,0.9135877431294597,0.038461538461538464,0.094212842353025,0.5443786982248521,normal
2738,이수,images/station_tiles/satellite/2738_이수.png,images/station_tiles/satellite/2738_이수.png,0.160910175956486,0.5671707210168748,0.1940140559806173,0.9166756819926175,0.07692307692307693,-0.021454751307351,0.5671707210168748,normal
409,불암산,images/station_tiles/satellite/409_불암산.png,images/station_tiles/satellite/409_불암산.png,0.1475329798063997,0.05676090291474907,0.18928317958504143,0.14614093017479377,0.34615384615384615,0.017559990075353,0.05676090291474907,normal
4135,한성백제,images/station_tiles/satellite/4135_한성백제.png,images/station_tiles/satellite/4135_한성백제.png,0.130302394910515,0.8733289502520272,0.18802379941435132,0.5034979679617372,0.07692307692307693,0.1088236270445825,0.8733289502520272,normal
2535,종로3가,images/station_tiles/satellite/2535_종로3가.png,images/station_tiles/satellite/2535_종로3가.png,0.1520787035209239,0.5226824457593688,0.18620916600821663,0.6688571127393881,0.028846153846153848,-0.0176070669861234,0.5226824457593688,normal
2645,석계,images/station_tiles/satellite/2645_석계.png,images/station_tiles/satellite/2645_석계.png,0.1473332310852306,0.5467893929432391,0.18613127752973502,0.7877577704609838,0.07692307692307693,0.004032649630257,0.5467893929432391,normal
159,동묘앞,images/station_tiles/satellite/159_동묘앞.png,images/station_tiles/satellite/159_동묘앞.png,0.1352996368347112,0.0019723865877712033,0.18178155713839725,0.8669929891055327,0.028846153846153848,0.0463932780287216,0.0019723865877712033,normal
325,옥수,images/station_tiles/satellite/325_옥수.png,images/station_tiles/satellite/325_옥수.png,0.1364460642428615,0.03835196142888451,0.18112069125816083,0.922252433452952,0.07692307692307693,0.036600199933904,0.03835196142888451,normal
4133,석촌,images/station_tiles/satellite/4133_석촌.png,images/station_tiles/satellite/4133_석촌.png,0.1305401828093851,0.8728906421214113,0.18072509497734374,0.9247790738834073,0.04807692307692308,0.0693639427985573,0.8728906421214113,normal
2712,도봉산,images/station_tiles/satellite/2712_도봉산.png,images/station_tiles/satellite/2712_도봉산.png,0.1373745650711917,0.5614727153188692,0.17876122426700827,0.6865708399798198,0.1346153846153846,0.0197975605271182,0.5614727153188692,normal
2732,강남구청,images/station_tiles/satellite/2732_강남구청.png,images/station_tiles/satellite/2732_강남구청.png,0.1470283979463407,0.5658557966250274,0.17844874653768902,0.9337631266281877,0.04807692307692308,-0.0299294013314633,0.5658557966250274,normal
203,을지로3가,images/station_tiles/satellite/203_을지로3가.png,images/station_tiles/satellite/203_을지로3가.png,0.1593092268941214,0.011615165461319308,0.1769388890667569,1.0,0.019230769230769232,-0.0875221946924672,0.011615165461319308,subway_high_mobility_low
2545,군자(능동),images/station_tiles/satellite/2545_군자(능동).png,images/station_tiles/satellite/2545_군자(능동).png,0.1404284600145845,0.524873986412448,0.1767142445637325,0.849003980334487,0.08653846153846154,-0.0062233877890012,0.524873986412448,normal
155,동대문,images/station_tiles/satellite/155_동대문.png,images/station_tiles/satellite/155_동대문.png,0.1344629380632947,0.0010957703265395574,0.17586999145817653,0.8496563270788031,0.038461538461538464,0.0214126013334575,0.0010957703265395574,normal
429,신용산,images/station_tiles/satellite/429_신용산.png,images/station_tiles/satellite/429_신용산.png,0.1460556750696312,0.0611439842209073,0.17410308022933912,0.8140849160453677,0.057692307692307696,-0.0455972976307047,0.0611439842209073,normal
4706,삼양,images/station_tiles/satellite/4706_삼양.png,images/station_tiles/satellite/4706_삼양.png,0.1195284243928633,0.9984659215428446,0.1740559283147448,0.746642492595606,0.08653846153846154,0.1070064779600843,0.9984659215428446,normal
204,을지로4가,images/station_tiles/satellite/204_을지로4가.png,images/station_tiles/satellite/204_을지로4가.png,0.1374683867755298,0.011834319526627219,0.17385591532938371,0.9045199501391595,0.019230769230769232,-0.0049085276356898,0.011834319526627219,normal
151,시청,yunsoyoung_cikm_kdd../images/station_tiles/satellite/151_시청.jpg,yunsoyoung_cikm_kdd../images/station_tiles/satellite/151_시청.jpg,0.1359714223070207,0.00021915406530791147,0.17381325661472438,0.9962147832764866,0.028846153846153848,0.0028236776695365,0.00021915406530791147,normal
2752,온수(성공회대입구),images/station_tiles/satellite/2752_온수(성공회대입구).png,images/station_tiles/satellite/2752_온수(성공회대입구).png,0.1313570095904407,0.5702388779311857,0.172961204435267,0.7491824711049109,0.17307692307692307,0.0242620511854627,0.5702388779311857,normal
226,사당,images/station_tiles/satellite/226_사당.png,images/station_tiles/satellite/226_사당.png,0.2301973084671459,0.01665570896340127,0.17281381141064436,0.7138095787817327,0.19230769230769232,-0.2607203482978983,0.01665570896340127,subway_high_mobility_low
311,연신내,images/station_tiles/satellite/311_연신내.png,images/station_tiles/satellite/311_연신내.png,0.1963664570625092,0.03528380451457375,0.17267204934744684,0.8058425430025742,0.17307692307692307,-0.2073338768056563,0.03528380451457375,subway_high_mobility_low
205,동대문역사문화공원,images/station_tiles/satellite/205_동대문역사문화공원.png,images/station_tiles/satellite/205_동대문역사문화공원.png,0.142748482902447,0.01205347359193513,0.17089039989055066,0.7891234773654264,0.028846153846153848,-0.0454385353250277,0.01205347359193513,normal
2512,개화산,images/station_tiles/satellite/2512_개화산.png,images/station_tiles/satellite/2512_개화산.png,0.1225691238393772,0.5176419022572869,0.1700180765014882,0.46324485453768605,0.07692307692307693,0.063209992773111,0.5176419022572869,normal
4136,올림픽공원(한국체대),images/station_tiles/satellite/4136_올림픽공원(한국체대).png,images/station_tiles/satellite/4136_올림픽공원(한국체대).png,0.1221341997626268,0.8735481043173351,0.16918974084426933,0.6117814855178549,0.07692307692307693,0.0615255591481355,0.8735481043173351,normal
4101,개화,images/station_tiles/satellite/4101_개화.png,images/station_tiles/satellite/4101_개화.png,0.1139063176373501,0.8658777120315582,0.16445170414099333,0.17957249270113804,0.33653846153846156,0.0929462215338598,0.8658777120315582,outer_hidden_demand
340,가락시장,images/station_tiles/satellite/340_가락시장.png,images/station_tiles/satellite/340_가락시장.png,0.1244837809599385,0.04163927240850318,0.16381653532507218,0.8235540990169945,0.08653846153846154,0.0168739822525438,0.04163927240850318,normal
2541,왕십리(성동구청),images/station_tiles/satellite/2541_왕십리(성동구청).png,images/station_tiles/satellite/2541_왕십리(성동구청).png,0.1184078407547308,0.5239973701512163,0.16282718174361047,0.8649979290157265,0.019230769230769232,0.0509237969326962,0.5239973701512163,normal
4116,샛강,images/station_tiles/satellite/4116_샛강.png,images/station_tiles/satellite/4116_샛강.png,0.1139404586095961,0.8691650230111768,0.1626138447434336,0.9586496944262858,0.019230769230769232,0.0817488473846907,0.8691650230111768,normal
2761,부평구청,images/station_tiles/satellite/2761_부평구청.png,images/station_tiles/satellite/2761_부평구청.png,0.116046057524291,0.5722112645189569,0.1596115262600366,0.8804211172075088,0.07692307692307693,0.0487497306592182,0.5722112645189569,normal
2719,태릉입구,images/station_tiles/satellite/2719_태릉입구.png,images/station_tiles/satellite/2719_태릉입구.png,0.1195771799291179,0.5630067937760246,0.1582444075939877,0.9000824367184965,0.057692307692307696,0.0169850856093449,0.5630067937760246,normal
430,이촌(국립중앙박물관),images/station_tiles/satellite/430_이촌(국립중앙박물관).png,images/station_tiles/satellite/430_이촌(국립중앙박물관).png,0.1187304503969351,0.06136313828621521,0.15794256150139327,0.5405818706086775,0.10576923076923077,0.0208142615334312,0.06136313828621521,normal
2558,오금,images/station_tiles/satellite/2558_오금.png,images/station_tiles/satellite/2558_오금.png,0.1106397972847184,0.5277229892614508,0.15577452383516607,0.9450620095616397,0.038461538461538464,0.0654012755181467,0.5277229892614508,normal
218,종합운동장,images/station_tiles/satellite/218_종합운동장.png,images/station_tiles/satellite/218_종합운동장.png,0.1224682524986684,0.01490247644093798,0.15336833973963024,0.6167342598794933,0.10576923076923077,-0.0283082105761481,0.01490247644093798,normal
321,충무로,images/station_tiles/satellite/321_충무로.png,images/station_tiles/satellite/321_충무로.png,0.1025081553412687,0.03747534516765286,0.15116355370683032,0.9546906174828458,0.019230769230769232,0.1025047061667961,0.03747534516765286,directional_mismatch
2639,보문,images/station_tiles/satellite/2639_보문.png,images/station_tiles/satellite/2639_보문.png,0.1122548274541576,0.5454744685513916,0.1507274556209407,0.919677725144004,0.04807692307692308,0.0227909266807463,0.5454744685513916,normal
423,충무로,images/station_tiles/satellite/423_충무로.png,images/station_tiles/satellite/423_충무로.png,0.146127567365717,0.05982905982905983,0.15010901061879087,0.8034479353864052,0.125,-0.1572708846976359,0.05982905982905983,subway_high_mobility_low
2542,마장,images/station_tiles/satellite/2542_마장.png,images/station_tiles/satellite/2542_마장.png,0.1077946592238447,0.5242165242165242,0.14791941749116713,0.9187475391210089,0.0673076923076923,0.0383404975866761,0.5242165242165242,normal
2635,청구,images/station_tiles/satellite/2635_청구.png,images/station_tiles/satellite/2635_청구.png,0.1012147110198649,0.54459785229016,0.14264350958680633,0.902079178232754,0.038461538461538464,0.0569072672282286,0.54459785229016,normal
2735,반포,images/station_tiles/satellite/2735_반포.png,images/station_tiles/satellite/2735_반포.png,0.1037599674301336,0.5665132588209512,0.14227775388615047,0.8955746827148919,0.038461538461538464,0.0336187575265733,0.5665132588209512,normal
2753,까치울,images/station_tiles/satellite/2753_까치울.png,images/station_tiles/satellite/2753_까치울.png,0.0980651858428845,0.5704580319964936,0.13819837702907062,0.47808726131872753,0.25961538461538464,0.0537130957697017,0.5704580319964936,normal
2637,동묘앞,images/station_tiles/satellite/2637_동묘앞.png,images/station_tiles/satellite/2637_동묘앞.png,0.0976470495575539,0.5450361604207759,0.13055644088658924,0.8192775741475661,0.028846153846153848,0.0043165443014453,0.5450361604207759,normal
2812,천호(풍납토성),images/station_tiles/satellite/2812_천호(풍납토성).png,images/station_tiles/satellite/2812_천호(풍납토성).png,0.1101554297115749,0.5833881218496603,0.12825374429039377,0.7998720698469328,0.0673076923076923,-0.1003048723694608,0.5833881218496603,subway_high_mobility_low
4713,신설동,images/station_tiles/satellite/4713_신설동.png,images/station_tiles/satellite/4713_신설동.png,0.0856440938627021,1.0,0.12483876006872299,0.9328169388657004,0.04807692307692308,0.0741103654174597,1.0,normal
156,신설동,images/station_tiles/satellite/156_신설동.png,images/station_tiles/satellite/156_신설동.png,0.0922644713193494,0.0013149243918474688,0.11926778566037836,0.9290969011071184,0.038461538461538464,-0.0311415446631588,0.0013149243918474688,normal
2711,장암,images/station_tiles/satellite/2711_장암.png,images/station_tiles/satellite/2711_장암.png,0.0794546008078079,0.5612535612535613,0.11471685315896984,0.07544363859431509,0.18269230769230768,0.0585342021703164,0.5612535612535613,normal
237,당산,images/station_tiles/satellite/237_당산.png,images/station_tiles/satellite/237_당산.png,0.1014029873214567,0.0190664036817883,0.11359086957342099,0.39456364741543143,0.07692307692307693,-0.1389663235333729,0.0190664036817883,subway_high_mobility_low
2526,신길,images/station_tiles/satellite/2526_신길.png,images/station_tiles/satellite/2526_신길.png,0.0802931222554281,0.5207100591715976,0.11279576742256431,0.7450019504148194,0.057692307692307696,0.0329231889008174,0.5207100591715976,normal
230,신림,images/station_tiles/satellite/230_신림.png,images/station_tiles/satellite/230_신림.png,0.2654419986294101,0.017532325224632918,0.1127433521271306,0.8897711971333334,0.11538461538461539,-0.4465323736551617,0.017532325224632918,subway_high_mobility_low
2760,굴포천,images/station_tiles/satellite/2760_굴포천.png,images/station_tiles/satellite/2760_굴포천.png,0.0803748375611348,0.571992110453649,0.11248120032950548,0.9138704833552074,0.07692307692307693,0.0293823736840742,0.571992110453649,normal
2619,디지털미디어시티,images/station_tiles/satellite/2619_디지털미디어시티.png,images/station_tiles/satellite/2619_디지털미디어시티.png,0.0890747256998319,0.5410913872452334,0.11097303159146248,0.9054725905946729,0.07692307692307693,-0.066088550137619,0.5410913872452334,normal
320,을지로3가,images/station_tiles/satellite/320_을지로3가.png,images/station_tiles/satellite/320_을지로3가.png,0.082118687940673,0.037256191102344946,0.10805008685005925,0.9494714892430014,0.019230769230769232,-0.0256181856804077,0.037256191102344946,normal
4127,선정릉,images/station_tiles/satellite/4127_선정릉.png,images/station_tiles/satellite/4127_선정릉.png,0.0791233940262232,0.8715757177295639,0.10705993209219652,0.7431685208290169,0.038461538461538464,-0.0033220783451474,0.8715757177295639,normal
2744,보라매,images/station_tiles/satellite/2744_보라매.png,images/station_tiles/satellite/2744_보라매.png,0.0796856862001784,0.5684856454087224,0.10638709153071958,0.9070280176390825,0.028846153846153848,-0.0149602685597534,0.5684856454087224,normal
234,신도림,images/station_tiles/satellite/234_신도림.png,images/station_tiles/satellite/234_신도림.png,0.1360223819441738,0.018408941485864562,0.0960713593986378,0.9005489716836701,0.07692307692307693,-0.3850240781200641,0.018408941485864562,subway_high_mobility_low
4712,보문,images/station_tiles/satellite/4712_보문.png,images/station_tiles/satellite/4712_보문.png,0.0624532230721046,0.9997808459346921,0.09126948483195696,0.8794435303134067,0.04807692307692308,0.0534690036881957,0.9997808459346921,normal
342,오금,images/station_tiles/satellite/342_오금.png,images/station_tiles/satellite/342_오금.png,0.0653017674806046,0.042077580539119,0.08990293393520819,0.925915545271874,0.0673076923076923,-0.0011027191494971,0.042077580539119,normal
2536,을지로4가,images/station_tiles/satellite/2536_을지로4가.png,images/station_tiles/satellite/2536_을지로4가.png,0.0651710675720295,0.5229015998246768,0.08924326283912011,0.9465619585875489,0.019230769230769232,-0.0062251845719516,0.5229015998246768,normal
2646,태릉입구,images/station_tiles/satellite/2646_태릉입구.png,images/station_tiles/satellite/2646_태릉입구.png,0.0630538424133893,0.5470085470085471,0.08634476673842338,0.7724838554976273,0.04807692307692308,-0.0083341592462511,0.5470085470085471,normal
4103,공항시장,images/station_tiles/satellite/4103_공항시장.png,images/station_tiles/satellite/4103_공항시장.png,0.0563041662754714,0.866316020162174,0.08169819496486727,0.8866212047203785,0.04807692307692308,0.0402739373858811,0.866316020162174,normal
323,약수,images/station_tiles/satellite/323_약수.png,images/station_tiles/satellite/323_약수.png,0.0639670009649026,0.037913653298268686,0.07987858446299997,0.9168728890974963,0.028846153846153848,-0.0892264705069833,0.037913653298268686,normal
319,종로3가,images/station_tiles/satellite/319_종로3가.png,images/station_tiles/satellite/319_종로3가.png,0.058929090050114,0.037037037037037035,0.07840735670000842,0.6016995627528402,0.009615384615384616,-0.0388001046342577,0.037037037037037035,normal
2513,김포공항,images/station_tiles/satellite/2513_김포공항.png,images/station_tiles/satellite/2513_김포공항.png,0.0548120453059246,0.5178610563225948,0.0734497133390263,0.04538023849198143,0.08653846153846154,-0.0364808484529609,0.5178610563225948,normal
2629,삼각지,images/station_tiles/satellite/2629_삼각지.png,images/station_tiles/satellite/2629_삼각지.png,0.0539332883727487,0.5432829278983126,0.07315565185499047,0.851599933752985,0.0673076923076923,-0.0262510264148835,0.5432829278983126,normal
2556,올림픽공원(한국체대),images/station_tiles/satellite/2556_올림픽공원(한국체대).png,images/station_tiles/satellite/2556_올림픽공원(한국체대).png,0.0492081975707634,0.5272846811308349,0.06799984939164734,0.7971092860097596,0.09615384615384616,-0.0137039236945604,0.5272846811308349,normal
216,잠실(송파구청),images/station_tiles/satellite/216_잠실(송파구청).png,images/station_tiles/satellite/216_잠실(송파구청).png,0.7066032761459131,0.014464168310322156,0.06580381048260203,0.8780464364308774,0.14423076923076922,-0.2302449980506048,0.014464168310322156,subway_high_mobility_low
243,충정로(경기대입구),images/station_tiles/satellite/243_충정로(경기대입구).png,images/station_tiles/satellite/243_충정로(경기대입구).png,0.0462100705725981,0.020381328073635765,0.059963980181604384,0.9999093553682902,0.028846153846153848,-0.0738284780208315,0.020381328073635765,normal
434,남태령,images/station_tiles/satellite/434_남태령.png,images/station_tiles/satellite/434_남태령.png,0.0379339618876794,0.06223975454744685,0.05508125614349927,0.11074482299903754,0.20192307692307693,0.0225920657931065,0.06223975454744685,normal
422,동대문역사문화공원,images/station_tiles/satellite/422_동대문역사문화공원.png,images/station_tiles/satellite/422_동대문역사문화공원.png,0.0442993164908082,0.05960990576375192,0.05195634421013392,0.8969634945019839,0.009615384615384616,-0.1603633166502611,0.05960990576375192,subway_high_mobility_low
431,동작(현충원),images/station_tiles/satellite/431_동작(현충원).png,images/station_tiles/satellite/431_동작(현충원).png,0.0351284363033062,0.06158229235152312,0.0506250660590799,0.5429356221767989,0.0673076923076923,0.0124030377083271,0.06158229235152312,normal
2538,청구,images/station_tiles/satellite/2538_청구.png,images/station_tiles/satellite/2538_청구.png,0.0305818119355678,0.5233399079552926,0.04308113811019648,0.9231159967814353,0.019230769230769232,-0.0141313769579177,0.5233399079552926,normal
4120,동작(현충원),images/station_tiles/satellite/4120_동작(현충원).png,images/station_tiles/satellite/4120_동작(현충원).png,0.014067868186431,0.8700416392724085,0.0205091075570183,0.22249554777268438,0.07692307692307693,0.0026853810020348,0.8700416392724085,normal
2627,공덕,images/station_tiles/satellite/2627_공덕.png,images/station_tiles/satellite/2627_공덕.png,0.0162389876198913,0.5428446197676967,0.01962164839331917,0.9577570348359841,0.0,-0.1643791134680297,0.5428446197676967,normal
150,서울역,yunsoyoung_cikm_kdd../images/station_tiles/satellite/150_서울역.jpg,yunsoyoung_cikm_kdd../images/station_tiles/satellite/150_서울역.jpg,0.018871355815103,0.0,0.01630185152972704,0.770641997074715,0.0,-0.3953363460004744,0.0,subway_high_mobility_low
4102,김포공항,images/station_tiles/satellite/4102_김포공항.png,images/station_tiles/satellite/4102_김포공항.png,0.009068842171102,0.8660968660968661,0.012693281520181468,0.7403376510917338,0.0,-0.04178761901102,0.8660968660968661,normal
2754,부천종합운동장,images/station_tiles/satellite/2754_부천종합운동장.png,images/station_tiles/satellite/2754_부천종합운동장.png,0.0,0.5706771860618014,0.0,0.25170344829801594,0.009615384615384616,-0.02774880899397,0.5706771860618014,normal
222,강남,images/station_tiles/satellite/222_강남.png,images/station_tiles/satellite/222_강남.png,0.4900734862385771,0.015779092702169626,0.0,0.9321361600311516,0.057692307692307696,-0.5099265137614228,0.015779092702169626,subway_high_mobility_low
