STATION_ID,observed_steps,coverage,sparsity,temporal_entropy,subway_total,subway_norm,MASTER_STATION_ID,cell_total,cell_imbalance,cell_norm,hidden_demand_score,observation_bias_score
2824,12038,0.9460117878192534,0.053988212180746564,9.188374519348145,4997642,0.10217581,2824.0,44000848.94,0.01094897242503318,0.83649206,0.73431623,0.36682847558876314
2519,12127,0.9530058939096268,0.046994106090373244,9.183084487915039,13777168,0.2816776,2519.0,52599700.79,0.06050270507968692,1.0,0.7183224,0.430225933961175
2561,11840,0.9304518664047151,0.06954813359528489,9.201509475708008,2594955,0.053051677,2561.0,38298709.32,0.014668244862075434,0.7280654,0.6750137,0.3608941522185991
249,12105,0.9512770137524558,0.04872298624754423,9.195657730102539,4231233,0.086506195,249.0,35884118.43,0.08220924594677098,0.68215173,0.59564555,0.42763297884543894
2560,11858,0.9318664047151277,0.06813359528487228,9.166807174682617,3299329,0.06745295,2560.0,32366589.66,0.04386295929771779,0.61526555,0.5478126,0.36660352935296064
2611,12090,0.950098231827112,0.04990176817288805,9.192573547363281,8289517,0.16947983,2611.0,37427282.2,0.04143034609902926,0.71149516,0.5420153,0.3554807800733739
221,12167,0.9561493123772102,0.043850687622789764,9.03575611114502,21269762,0.43486744,221.0,51371297.59,0.013692611583797233,0.9766418,0.54177433,0.31413174958022577
4107,11947,0.938860510805501,0.061139489194498964,9.132490158081055,2535022,0.051826313,4107.0,30829443.41,0.01942620130898439,0.58603656,0.53421026,0.32592109672915487
314,12117,0.9522200392927308,0.0477799607072692,9.193611145019531,9073979,0.18551855,314.0,37339486.62,0.05356853603917016,0.7098257,0.52430713,0.36706334295386805
2823,12028,0.9452259332023576,0.05477406679764241,9.151923179626465,5960570,0.12186335,2823.0,33591054.72,0.012300602260197888,0.6385489,0.51668555,0.30887003441378424
211,12215,0.9599214145383104,0.04007858546168963,9.051267623901367,12994158,0.26566857,211.0,41103433.33,0.030204548023854194,0.7813974,0.51572883,0.3290519582284535
4709,2151,0.16903732809430255,0.8309626719056975,7.3597917556762695,136797,0.0027934073,4709.0,27247379.330000002,0.021745758506186548,0.5179233,0.51512986,0.5805402519206011
2820,12092,0.9502554027504911,0.04974459724950886,9.174093246459961,7726096,0.15796041,2820.0,34744185.55,0.06364741415359605,0.66047573,0.5025153,0.37596452937301034
248,12026,0.9450687622789784,0.0549312377210216,9.1897554397583,3093188,0.0632383,248.0,29422721.3,0.08265842321845462,0.55928767,0.49604937,0.4028187243221785
213,12150,0.9548133595284872,0.04518664047151277,9.182868957519531,11543684,0.2360129,213.0,37908880.31,0.02701398308985778,0.72065276,0.48463985,0.3176478699347359
2757,12058,0.9475834970530452,0.05241650294695477,9.173019409179688,5236362,0.10705656,2757.0,30840498.92,0.07142251811799107,0.5862468,0.47919023,0.3814166087290783
4109,11794,0.9268369351669941,0.07316306483300594,9.095048904418945,1153036,0.023570921,4109.0,25820599.85,0.08802572501235138,0.49079296,0.46722203,0.40852862679810015
2826,11976,0.941139489194499,0.05886051080550103,9.205121040344238,2005554,0.041001078,2826.0,26542230.16,0.014266658656340437,0.5045148,0.46351373,0.29832337555595684
2516,12108,0.9515127701375246,0.048487229862475445,9.191373825073242,6422532,0.13130839,2516.0,30931615.26,0.08677937866375089,0.5879794,0.456671,0.3956236586698771
2749,12132,0.9533988212180746,0.04660117878192538,9.175548553466797,10924223,0.22334772,2749.0,34987016.08,0.07674925831251457,0.66509324,0.44174552,0.37667230849025607
2819,12059,0.9476620825147348,0.05233791748526517,9.02248764038086,5701094,0.11655824,2819.0,28986398.43,0.035673931764188184,0.5509909,0.43443263,0.3184178232479189
2544,12050,0.9469548133595285,0.05304518664047153,9.121028900146484,9026198,0.18454164,2544.0,32236553.509999998,0.014939195518072311,0.6127929,0.42825127,0.28759358185584355
2517,11934,0.9378388998035363,0.0621611001964637,9.167325973510742,7465215,0.15262657,2517.0,30527547.28,0.06709292847901208,0.580296,0.4276694,0.3643000961302462
4129,11920,0.9367387033398821,0.06326129666011793,9.135791778564453,4217941,0.086234435,4129.0,26712698.810000002,0.06481109229653906,0.5077563,0.42152184,0.359738020867246
2750,12186,0.9576424361493123,0.042357563850687674,9.197669982910156,11775990,0.24076252,2750.0,34759386.71,0.03775060664915306,0.6607649,0.42000234,0.3140435168734546
2553,11920,0.9367387033398821,0.06326129666011793,9.173001289367676,4772060,0.09756368,2553.0,27174560.8,0.04359983296159807,0.5165386,0.41897494,0.32900769886388137
2626,12015,0.944204322200393,0.055795677799607035,9.166926383972168,4161362,0.08507765,2626.0,26384100.07,0.05375093026899423,0.501508,0.41643035,0.3401859181783678
2518,12166,0.9560707269155206,0.04392927308447936,9.169105529785156,13977670,0.28577697,2518.0,36772011.64,0.0394674397692048,0.6990351,0.41325814,0.3151342650902529
410,12210,0.9595284872298625,0.0404715127701375,9.203449249267578,9995268,0.20435476,410.0,32479629.42,0.0581064725949805,0.617415,0.41306025,0.340312353006827
310,12159,0.9555206286836935,0.044479371316306526,9.186446189880371,8643760,0.17672251,310.0,30637397.25,0.020986261677375717,0.5823848,0.4056623,0.2870569382134652
2617,12048,0.9467976424361493,0.05320235756385072,9.191816329956055,6334114,0.12950064,2617.0,28119659.21,0.08729678914052796,0.5345098,0.40500915,0.383653083335518
4114,11657,0.9160707269155206,0.0839292730844794,8.680948257446289,2090861,0.04274522,4114.0,23336982.19,0.007397226050115994,0.44356674,0.4008215,0.27963274430754376
413,12139,0.9539489194499018,0.04605108055009821,9.192423820495605,15933846,0.32577196,413.0,37991404.58,0.0719215751718757,0.7222219,0.39644995,0.35713921835864376
4110,11866,0.9324950884086444,0.06750491159135563,9.02513313293457,2127836,0.043501195,4110.0,22819357.44,0.03008761582178078,0.43372408,0.39022288,0.30334986215490256
2716,12087,0.9498624754420433,0.050137524557956725,9.174280166625977,7162301,0.14643334,2716.0,27600177.68,0.08044904456416095,0.5246318,0.37819844,0.3655297473910281
2525,11887,0.9341453831041258,0.06585461689587424,9.16200065612793,4470959,0.091407515,2525.0,24656578.43,0.011209908327875493,0.46865898,0.37725148,0.27249241634725196
2616,11933,0.9377603143418468,0.06223968565815319,9.169815063476562,3416261,0.06984369,2616.0,23509116.09,0.02731590993925786,0.4468399,0.37699622,0.2940165082625337
2554,12047,0.9467190569744597,0.05328094302554032,9.112739562988281,5421959,0.11085118,2554.0,25623894.81,0.019784801705483752,0.4870526,0.3762014,0.2801496290132042
2515,12004,0.9433398821218074,0.056660117878192584,9.126304626464844,2522913,0.05157874,2515.0,22060665.599999998,0.047035325307673584,0.4192975,0.36771876,0.3175079382703284
2815,11962,0.9400392927308447,0.059960707269155256,9.182021141052246,6763370,0.138277,2815.0,26055536.4,0.01801598225721749,0.4952603,0.3569833,0.2745621226701615
416,12113,0.9519056974459725,0.04809430255402747,9.200970649719238,15882320,0.32471848,416.0,35742433.25,0.07571152149418899,0.67945755,0.35473907,0.35166016225652436
313,12108,0.9515127701375246,0.048487229862475445,9.164738655090332,5804558,0.11867361,313.0,24700328.38,0.05841553093175707,0.4694909,0.35081726,0.3262233580876271
2618,12082,0.9494695481335953,0.0505304518664047,9.202115058898926,4880931,0.0997896,2618.0,23657334.62,0.06113755250282578,0.44965827,0.34986869,0.3304956218707616
333,12005,0.943418467583497,0.05658153241650299,9.070878982543945,4999822,0.10222038,333.0,23567978.48,0.060525557931838614,0.44795915,0.34573877,0.33050515435065175
2725,11926,0.9372102161100196,0.06278978388998036,9.177534103393555,2995514,0.061241303,2725.0,21406661.64,0.019743287776205685,0.40686154,0.34562024,0.27481056286723454
2740,12053,0.9471905697445973,0.052809430255402745,9.174240112304688,7287943,0.14900216,2740.0,25759162.21,0.0528779306053493,0.4896247,0.34062254,0.3170081668740874
341,11801,0.9273870333988212,0.07261296660117877,9.116262435913086,3429758,0.07011964,341.0,21517543.650000002,0.06878411228556221,0.40896997,0.33885032,0.34563638617731657
4710,2151,0.16903732809430255,0.8309626719056975,7.357496738433838,94169,0.0019218564,4710.0,17923818.8,0.01818371059616228,0.34063494,0.33871308,0.5267519575257901
2528,11874,0.9331237721021611,0.06687622789783887,8.986456871032715,5469029,0.11181355,2528.0,23509559.27,0.02632230246615576,0.44684833,0.3350348,0.28256108454281625
2546,11922,0.9368958742632613,0.06310412573673874,9.184427261352539,7477228,0.15287219,2546.0,25625774.3,0.0614721698494264,0.48708832,0.33421612,0.3308355519766892
