station_id,mean_abs_error,mean_uncertainty,error_rank,uncertainty_rank
150,0.1661297454143919,0.09309492544049307,122.0,114.0
151,0.12688573559834845,0.07505214237497145,267.0,195.0
152,0.13686143574970108,0.06834017731958912,226.0,248.0
153,0.12170978066703632,0.07382321660998205,280.0,202.0
154,0.14185284097043302,0.08330753649185815,205.0,158.0
155,0.21135260679773865,0.12269770467195602,30.0,38.0
156,0.1785812690735809,0.10930542870542956,93.0,68.0
157,0.204520515997022,0.13773186560350636,40.0,16.0
158,0.19476574618546738,0.1071606437217385,54.0,72.0
159,0.2209704321217797,0.12330974059600741,20.0,36.0
201,0.15179898845445775,0.07063568103282403,169.0,229.0
202,0.1440053641382191,0.06456679264526989,198.0,272.0
203,0.1333202583294007,0.06584697511409301,244.0,265.0
204,0.13041383206016485,0.07886877608788566,258.0,177.0
205,0.15968908538066198,0.08970664100876698,139.0,128.0
206,0.1927382451548641,0.14459838065843544,61.0,12.0
207,0.13738382330666932,0.07915191912047918,223.0,175.0
208,0.1738245178250567,0.10513890012100875,100.0,79.0
209,0.1862100958232841,0.08687243629468698,80.0,139.0
210,0.16044609291212888,0.09447059899435513,138.0,110.0
211,0.15916264621570472,0.09128725318725979,143.0,124.0
212,0.14096128387406232,0.09324398451662134,208.0,113.0
213,0.13013635876307653,0.07375376533443431,259.0,204.0
214,0.15067969402150497,0.09002242943286777,172.0,127.0
215,0.15497559925156937,0.08708484903798396,157.0,137.0
216,0.24695415589071448,0.21063842305189212,4.0,1.0
217,0.14776377511166386,0.09104737894025648,183.0,126.0
218,0.20214038413491037,0.09753479554007452,45.0,102.0
219,0.13634879204134143,0.07923913302106993,230.0,173.0
220,0.1546263996156908,0.08369626657120768,158.0,156.0
221,0.1359450251603174,0.07236033752412788,231.0,216.0
222,0.1504862252445448,0.08489349379337263,174.0,149.0
223,0.14965981328416436,0.0810439813527323,176.0,169.0
224,0.1480959149521022,0.08295950016620317,181.0,159.0
225,0.19412455173238868,0.12890626830788005,57.0,25.0
226,0.18804993369867878,0.13100755192073332,71.0,22.0
227,0.1299780704849769,0.06845764668384892,260.0,246.0
228,0.1624593497978316,0.0811818750493879,129.0,167.0
229,0.1184419327164217,0.061530665223235394,289.0,290.0
230,0.12534690711588142,0.07387645572113494,271.0,200.0
231,0.10938801868330862,0.05776365139033821,304.0,301.0
232,0.20318171432803542,0.14587955978580763,42.0,10.0
233,0.13559611016914017,0.07789927849228241,233.0,182.0
234,0.14469281594668118,0.0987974145797096,195.0,97.0
235,0.18865098272051134,0.12999640286988803,70.0,24.0
236,0.1702332272149977,0.11092159313423233,108.0,64.0
237,0.16685993543101682,0.10211056261471219,120.0,90.0
238,0.19450749889134406,0.1777739594158318,56.0,2.0
239,0.14981051809376197,0.10234553041675735,175.0,87.0
240,0.18636754284657178,0.1379369723691886,79.0,15.0
241,0.22507712231978536,0.09864259628349883,16.0,99.0
242,0.13133496544545595,0.07385803408595543,252.0,201.0
243,0.1770484626843846,0.10423765921529146,95.0,83.0
244,0.19302847753057167,0.0987562103241327,60.0,98.0
245,0.2016363073362126,0.10948723885008975,47.0,67.0
246,0.20053280386556355,0.11315032073577483,49.0,57.0
247,0.25414316159865213,0.15076652941634028,2.0,7.0
248,0.14031559221209988,0.07111349094304302,212.0,226.0
249,0.13651729174667876,0.06295128263614425,228.0,280.0
250,0.23033646002175312,0.12764280350021429,12.0,29.0
309,0.23721432680234544,0.12626484015749564,9.0,31.0
310,0.14849993053764582,0.07345312801744079,180.0,209.0
311,0.11693031054640575,0.06554215993687865,296.0,268.0
312,0.1435503493491856,0.07481176239320089,199.0,196.0
313,0.11818927428315557,0.06122720470681552,290.0,292.0
314,0.11774497988914691,0.0690355459279898,292.0,242.0
315,0.1453119702500454,0.0833173544190469,194.0,157.0
316,0.19245480221533587,0.09587052235091548,62.0,105.0
317,0.1312386615467923,0.07633806636172626,253.0,192.0
318,0.14545127341582895,0.07898544229434,193.0,176.0
319,0.1414085776308581,0.07880407726273886,206.0,178.0
320,0.1389963861377466,0.07601046992709769,219.0,193.0
321,0.12128129704958854,0.14425313031773954,281.0,13.0
322,0.1872845807541456,0.08538810324056868,75.0,147.0
323,0.1347155196976567,0.08887489851756346,235.0,132.0
324,0.139406601244968,0.0684199962410189,217.0,247.0
325,0.1327807653843174,0.07204276451153595,245.0,218.0
326,0.1471325817798811,0.08573533298654691,186.0,145.0
327,0.14192669878876402,0.07642559251260189,204.0,191.0
328,0.16744333323357358,0.09538992511714613,116.0,107.0
329,0.1874828678600136,0.13017723995098285,74.0,23.0
330,0.14774526159264267,0.07142743639877099,184.0,223.0
331,0.1783715169048972,0.10612560265165348,94.0,74.0
332,0.12948320929020168,0.091287243425373,263.0,125.0
333,0.15966832723675495,0.08237101096282932,140.0,163.0
334,0.17199149617245257,0.09860138634685427,103.0,100.0
335,0.23953580636353725,0.14497567167254313,7.0,11.0
336,0.2412562988048035,0.13359633348660455,6.0,21.0
337,0.16196038512483468,0.09832203186464508,132.0,101.0
338,0.20452648701353202,0.11644360918721687,39.0,52.0
339,0.2330014200955038,0.13646039621505354,11.0,18.0
340,0.17403976539859461,0.10718990576024807,99.0,71.0
341,0.20813038367925896,0.12099152250023239,32.0,41.0
342,0.15885681622321643,0.08410866824311343,144.0,153.0
409,0.1365961597759336,0.05720251419818,227.0,303.0
410,0.1135668016585802,0.05908797641048239,299.0,297.0
411,0.13708581904481562,0.08785286685932309,225.0,135.0
412,0.11764756906186304,0.06555548524410125,293.0,267.0
413,0.11876870130617473,0.0642540796859456,288.0,276.0
414,0.13788887119689397,0.07210227215278245,221.0,217.0
415,0.1282188000630528,0.06564284375432641,265.0,266.0
416,0.14889832476952247,0.07355257274900814,178.0,207.0
417,0.13544675043769303,0.06359735737251679,234.0,278.0
418,0.16254969173598857,0.11112678911839978,128.0,62.0
419,0.14284418474528052,0.08475404034021293,202.0,150.0
420,0.1520670295885158,0.08259865422289642,167.0,162.0
421,0.1616830123884101,0.07950354104432916,135.0,172.0
422,0.158076442092184,0.07731650435358346,145.0,189.0
423,0.12247217635491067,0.07566394799773302,279.0,194.0
424,0.14792057776912346,0.08394383927955044,182.0,154.0
425,0.13460473033584772,0.07330226014619552,236.0,211.0
426,0.1632980620488524,0.09261819698463475,126.0,116.0
427,0.1934092651343061,0.11755681936222587,59.0,50.0
428,0.18322468579539827,0.10528584159467193,83.0,77.0
429,0.15515535549511988,0.08186514072807595,156.0,164.0
430,0.21198231420878852,0.12570186919266624,28.0,33.0
431,0.2076257983133906,0.12508500213069576,33.0,34.0
432,0.15119891289495935,0.08644305274799646,170.0,142.0
433,0.17039990650992543,0.09166817934740162,107.0,121.0
434,0.290972926875665,0.1608659028652168,1.0,4.0
2511,0.16149634445817876,0.07473193136753427,137.0,197.0
2512,0.16216783347790892,0.1052640854044714,131.0,78.0
2513,0.15418656112271406,0.08442936907744125,159.0,152.0
2514,0.14661898194176576,0.07767778266376507,189.0,187.0
2515,0.18233711425850668,0.0934298650058548,86.0,112.0
2516,0.22024759767310953,0.1268956067831447,21.0,30.0
2517,0.14449791307930676,0.0704199371767038,197.0,232.0
2518,0.11948845631605576,0.06310126510973546,285.0,279.0
2519,0.1191325934278587,0.05812363462256535,286.0,298.0
2520,0.14039834178392846,0.062068901245763135,211.0,287.0
2521,0.1561022389691235,0.07144290737785577,149.0,222.0
2522,0.20404646133501364,0.1561340474342514,41.0,5.0
2523,0.20667920991157496,0.12141511975491921,36.0,39.0
2524,0.19726793579757224,0.10593276271700039,52.0,75.0
2525,0.1802980482445232,0.10473009951242673,87.0,82.0
2526,0.2437853907087138,0.11781774164280963,5.0,49.0
2527,0.167111501801345,0.07331397621153249,119.0,210.0
2528,0.21674286541159424,0.09992168170828668,24.0,95.0
2529,0.19150288207899968,0.1187922228785557,64.0,47.0
2530,0.15596288204607045,0.08705016293319028,150.0,138.0
2531,0.18461931562346834,0.11471066828558425,82.0,56.0
2532,0.23838259097011313,0.10172625563757874,8.0,92.0
2533,0.16365045720031327,0.0928220623852833,124.0,115.0
2534,0.15049185192892472,0.06868203967839244,173.0,244.0
2535,0.1297286392219128,0.0708637880316625,261.0,227.0
2536,0.1496075365064103,0.0882545157010475,177.0,134.0
2537,0.2218896071943972,0.10380215860371081,18.0,85.0
2538,0.22330812085419896,0.11905563548429025,17.0,46.0
2539,0.18987497604407721,0.08746832752312046,68.0,136.0
2540,0.12740244921740318,0.06916252690374791,266.0,240.0
2541,0.16380305805073558,0.10480402741462934,123.0,81.0
2542,0.19396390889564324,0.11488982622016458,58.0,55.0
2543,0.11797204695287206,0.07065405341951797,291.0,228.0
2544,0.20176083768407502,0.13662710092400038,46.0,17.0
2545,0.15557798963808822,0.07252471145456799,153.0,215.0
2546,0.12429134869090618,0.06721180783333405,275.0,255.0
2547,0.14689464698589988,0.08647206637136166,187.0,140.0
2548,0.20483922300830718,0.16285877913968377,38.0,3.0
2549,0.16161506858077782,0.08272462340426585,136.0,161.0
2550,0.17011999937868313,0.08969929000540147,110.0,129.0
2551,0.15285217020483252,0.07786465575327241,163.0,183.0
2552,0.16239656043933728,0.07698312845332399,130.0,190.0
2553,0.20058918166905643,0.10404301666809866,48.0,84.0
2554,0.14615091961468502,0.06374922822828272,191.0,277.0
2555,0.1398310341709663,0.07785314154212501,216.0,185.0
2556,0.20701595790063348,0.11982271109840702,34.0,44.0
2557,0.22770122887921482,0.1467018110662817,14.0,8.0
2558,0.20693913347619988,0.11285351913215388,35.0,58.0
2559,0.17442481243421162,0.09217381180404492,97.0,118.0
2560,0.15530710770704206,0.08070625745440047,155.0,170.0
2561,0.1663042499358574,0.0798841260769035,121.0,171.0
2611,0.10995868055652533,0.05796965659625592,303.0,299.0
2612,0.1823624910032822,0.09197536940346396,85.0,119.0
2613,0.21854745682831558,0.10533501049466729,22.0,76.0
2614,0.16938120112976143,0.08637785655002862,113.0,143.0
2615,0.05555907576566649,0.12314716894253502,307.0,37.0
2616,0.15395627622862187,0.07426655116964073,161.0,199.0
2617,0.1326644258204079,0.06622534102006328,247.0,259.0
2618,0.12436372292568049,0.05475094508239261,274.0,305.0
2619,0.16881893154174554,0.12004107412926497,115.0,43.0
2620,0.21371293435582792,0.12005813515057699,26.0,42.0
2621,0.17000543907402996,0.09185281530103924,112.0,120.0
2622,0.15539072267267676,0.11945757106545248,154.0,45.0
2623,0.17868607459619407,0.12777035389805122,91.0,27.0
2624,0.16727459641794362,0.09544799615451631,117.0,106.0
2625,0.19029714410592408,0.11284982313712436,65.0,59.0
2626,0.20238402301356906,0.12851313113286675,44.0,26.0
2627,0.15726645343478707,0.09607134786330992,147.0,104.0
2628,0.19455736348523736,0.12393352547253939,55.0,35.0
2629,0.17007914636254537,0.08943488719939652,111.0,131.0
2630,0.20647510073059014,0.11565483338310428,37.0,54.0
2631,0.17620730661447095,0.10950100354643331,96.0,66.0
2632,0.22154900855532594,0.09413155939814354,19.0,111.0
2633,0.20293130865764047,0.11079615219348364,43.0,65.0
2634,0.19745932954644402,0.10195373716719798,51.0,91.0
2635,0.19761608015110205,0.10709004950901821,50.0,73.0
2636,0.23684395327572774,0.10225166800572347,10.0,88.0
2637,0.1868895267690753,0.10116010623030543,78.0,94.0
2638,0.17096123855324494,0.09465666914225689,105.0,108.0
2639,0.16315592321759415,0.07862723064350172,127.0,180.0
2640,0.17441614465935837,0.08469913964832407,98.0,151.0
2641,0.19020402803425754,0.09460192430978791,66.0,109.0
2642,0.13594062801982676,0.07353969996920715,232.0,208.0
2643,0.1336733714307821,0.07370388571779052,242.0,205.0
2644,0.14568242453119995,0.07364217916924862,192.0,206.0
2645,0.13348464487445735,0.05997722481880043,243.0,295.0
2646,0.15567830489830137,0.07838157664777509,152.0,181.0
2647,0.13202454325935195,0.060978205353095546,249.0,293.0
2648,0.12831783072638597,0.06453975712111781,264.0,273.0
2711,0.25102633957470216,0.14246479368635584,3.0,14.0
2712,0.1799176105346147,0.07040393124888873,88.0,233.0
2713,0.1340132091992668,0.0658516379302397,239.0,264.0
2714,0.14737031543479553,0.06781579833219034,185.0,252.0
2715,0.18995855899143305,0.14596287032057137,67.0,9.0
2716,0.1464397653819077,0.06186057202451461,190.0,288.0
2717,0.14868351394044493,0.07192440603431019,179.0,219.0
2718,0.1372636035202988,0.06797382876661326,224.0,250.0
2719,0.17864653754033266,0.08848418077816149,92.0,133.0
2720,0.11881051338203835,0.06220240861118317,287.0,285.0
2721,0.12454849237590906,0.06431439520702475,273.0,274.0
2722,0.13399962640943983,0.07440749065810078,240.0,198.0
2723,0.12126133796271116,0.06264169230606288,282.0,281.0
2724,0.12261106527395665,0.06168368540238588,278.0,289.0
2725,0.1374366688009884,0.06817374021768395,222.0,249.0
2726,0.13444414808754881,0.0697331858968865,237.0,235.0
2727,0.17146715308347377,0.09927864432600991,104.0,96.0
2728,0.18697401688448972,0.11110710669308896,77.0,63.0
2729,0.1793217948327462,0.10910636070997472,90.0,69.0
2730,0.17236845246885746,0.08147703961077489,102.0,165.0
2731,0.13640483445118343,0.07768826141864767,229.0,186.0
2732,0.14139628661500797,0.07296108469581376,207.0,213.0
2733,0.13116919859829876,0.07062373550253966,254.0,230.0
2734,0.1565560450629582,0.0664989056250465,148.0,258.0
2735,0.18715203547229367,0.10161568465206537,76.0,93.0
2736,0.1520216774018037,0.07785374360262519,168.0,184.0
2737,0.15275225929088063,0.08554119544162872,164.0,146.0
2738,0.1793778070352143,0.13391362030820417,89.0,19.0
2739,0.12543753457093046,0.061399823133759815,270.0,291.0
2740,0.15571305779888037,0.07274977304558788,151.0,214.0
2741,0.14296596380364568,0.0775402607850819,201.0,188.0
2742,0.13851125407077017,0.06888093940566277,220.0,243.0
2743,0.13061864709274637,0.06928840690395899,256.0,237.0
2744,0.21275153064597682,0.12609671741457926,27.0,32.0
2745,0.13989824855493177,0.06605763707775625,215.0,262.0
2746,0.2118430860340594,0.13374755370970226,29.0,20.0
2747,0.22751366445232948,0.12112313281885158,15.0,40.0
2748,0.15409403054250614,0.0678604500826507,160.0,251.0
2749,0.1319258643535986,0.05787330151143824,250.0,300.0
2750,0.11604785568539107,0.06471992389350716,297.0,271.0
2751,0.13999916189719766,0.07045831748964412,214.0,231.0
2752,0.14450325118821292,0.062465185745589666,196.0,283.0
2753,0.1419703122450128,0.07138295590264042,203.0,224.0
2754,0.18467779755296687,0.08944868165999655,81.0,130.0
2755,0.2182385742013888,0.10756780099537637,23.0,70.0
2756,0.15955467016569203,0.1021878638423033,141.0,89.0
2757,0.16895079123713672,0.11599350457545364,114.0,53.0
2758,0.17051876965496288,0.11277452982806915,106.0,60.0
2759,0.17013776828756652,0.07915452031699556,109.0,174.0
2760,0.14680078790508325,0.06620323740625901,188.0,260.0
2761,0.1592274372185033,0.07188912427666343,142.0,220.0
2811,0.11146670691668988,0.062181287990616896,301.0,286.0
2812,0.13217229697823757,0.08124131616648461,248.0,166.0
2813,0.1532414135996193,0.08372356947585351,162.0,155.0
2814,0.1879576248648975,0.11152166973629465,72.0,61.0
2815,0.1507071218556828,0.09141723148539536,171.0,123.0
2816,0.18956523830928496,0.12771389180727832,69.0,28.0
2817,0.21376024013799105,0.11713727159085612,25.0,51.0
2818,0.19243616333290464,0.11783954364927635,63.0,48.0
2819,0.16174499340473653,0.09245228990986354,134.0,117.0
2820,0.23027066219420672,0.15256030885243993,13.0,6.0
2821,0.18237155768576827,0.08594243812064332,84.0,144.0
2822,0.1342179192377934,0.06923061739283776,238.0,238.0
2823,0.13917251047900034,0.06739454776979985,218.0,254.0
2824,0.13269398825331813,0.0686422804632919,246.0,245.0
2825,0.15745569478631732,0.08646543171655917,146.0,141.0
2826,0.21079195863936864,0.10280405340812333,31.0,86.0
2827,0.18775251328294712,0.10504748601436852,73.0,80.0
4101,0.13395280344263907,0.07325083954363235,241.0,212.0
4102,0.13186935897591331,0.06431159898416983,251.0,275.0
4103,0.15222252280939194,0.06521672522575253,166.0,270.0
4104,0.13045359079445162,0.06915818554171847,257.0,241.0
4105,0.16356571255813518,0.06705318441067541,125.0,256.0
4106,0.1409201139392006,0.06245757810520159,209.0,284.0
4107,0.11056890402521401,0.06084088498933448,302.0,294.0
4108,0.1265452872592187,0.06921802729382992,268.0,239.0
4109,0.11371447946876291,0.0592407327751437,298.0,296.0
4110,0.1254655924788307,0.06692974350991703,269.0,257.0
4111,0.12294741341518975,0.06598672382607468,277.0,263.0
4112,0.12068854474004295,0.07182455021769757,283.0,221.0
4113,0.10307484772906354,0.05262518208917406,305.0,306.0
4114,0.14083504304289818,0.07379141267802981,210.0,203.0
4115,0.12962407968820083,0.06261579912111517,262.0,282.0
4116,0.11739362100405352,0.06523457666681641,294.0,269.0
4117,0.12392752139814318,0.0695965077617161,276.0,236.0
4118,0.1196142430993773,0.06748937364845049,284.0,253.0
4119,0.09279512298101235,0.05106024639607069,306.0,307.0
4120,0.14016312468383046,0.07864518640193316,213.0,179.0
4121,0.13077369557604904,0.0712093938733377,255.0,225.0
4122,0.11730768520325897,0.057293698348341485,295.0,302.0
4123,0.11198272051082718,0.05627394759997962,300.0,304.0
4124,0.12482911463649508,0.06614467871730169,272.0,261.0
4125,0.14316467944798722,0.07001679966758409,200.0,234.0
4126,0.15239908930860352,0.08105278303403227,165.0,168.0
4127,0.19566083231401288,0.09150161350308549,53.0,122.0
4128,0.1730616660197339,0.09633436350831906,101.0,103.0
4129,0.16177513298120294,0.08283176318934517,133.0,160.0
4130,0.16713124680377192,0.08529344862474812,118.0,148.0
