station_id,station_name,mobility_visual_cluster,mobility_visual_pca_x,mobility_visual_pca_y
2519,까치산,0,-3.184058921312744,-6.417024471211634
2824,단대오거리,1,-21.864345169158298,-6.0330882439577564
2561,마천,1,-29.411625622726106,4.220031719691365
249,신정네거리,4,-8.033704827110911,-2.685861529440752
2716,중계,1,-12.679966318146999,-5.823113272787532
2611,응암,1,-12.642823000777494,0.2931432343256801
314,홍제,1,-31.556229376605835,-5.347550072289938
2560,거여,2,-7.449901571556373,10.393841548211864
4107,가양,2,-5.463437652623266,28.740937597274474
2823,남한산성입구(성남법원.검찰청),1,-32.310148360652164,-1.7704430390716837
2820,장지,3,-2.979936129770126,7.403988377316192
213,구의(광진구청),2,2.8244030917547893,15.892569995874885
2750,광명사거리,1,-27.819310557072978,-4.014379351993044
2749,철산,1,-21.53445883016214,-0.9757143860518803
2757,부천시청,0,4.762087346751538,4.6337493087589925
248,양천구청,4,-3.4951215835050626,3.166338495925104
4709,북한산보국문,1,-30.271902760891326,-3.5368441592052573
410,상계,1,-26.20563270491059,-10.177050626674601
211,성수,0,7.056880626571484,10.391254288568078
2518,화곡,4,-11.501411493221063,-8.965322806327693
2626,대흥(서강대앞),4,2.802155919266072,-5.485139353880301
310,구파발,1,-26.454744101637363,-1.5383968213846768
2517,우장산,1,-11.341784658330752,-0.8037234809984722
333,매봉,0,4.619008816115169,1.4091955763823372
2544,장한평,0,5.698217494803673,10.744964278098951
413,쌍문,0,-4.318390650339939,-6.272946350756951
4109,등촌,2,-13.418257020734114,9.35568772414863
2739,남성,4,-10.820882817208323,-3.81267559180242
2826,수진,1,-13.234537255840484,5.958761053787227
221,역삼,0,8.180147970915447,-5.616519344903524
2553,고덕,2,-9.628234416718279,19.0727496941023
4129,봉은사,2,6.913028383023597,21.325074319817965
2516,발산,0,3.502297385116556,-3.1792533284695668
2617,새절(신사),1,-21.87631056767228,-10.140881908226179
2522,오목교(목동운동장앞),0,2.0320806473334456,2.625302756629361
424,명동,4,-7.455373039499342,-3.5850520844733826
2554,상일동,2,-9.821924487687104,24.698540348611594
2525,영등포시장,0,12.01287833375533,-4.809598612395436
326,압구정,2,4.944329886947914,21.748164037309124
416,미아사거리,1,-15.475365642192642,-10.039824740691804
2819,문정,3,1.367053671698437,4.4809470327706515
341,경찰병원,3,5.111535093064434,-2.432068738145413
2815,잠실(송파구청),3,13.728722240407507,6.006560190679105
2740,숭실대입구(살피재),1,-14.542886742936915,-5.854033235503343
231,신대방,4,-6.897637398869034,-0.4128620867828333
331,남부터미널(예술의전당),1,-10.802299550104028,-0.6664051059395607
4114,국회의사당,2,5.646940208644931,26.693769136543278
2616,구산,1,-26.065298448729713,-5.755283121991023
2551,굽은다리(강동구민회관앞),0,-2.7030134101831043,-6.506623708525778
2546,아차산(어린이대공원후문),1,-20.787567663418347,-10.521513105736485
2618,증산(명지대앞),1,-15.684286817754472,-11.909594932455487
318,안국,1,-20.131861013471294,-7.094097071566878
2550,길동,3,3.64367269649035,-6.073802399340246
327,신사,0,4.21141353358561,1.8826006304799618
154,종로5가,5,10.540705388623834,-8.21583822540753
2528,여의나루,2,1.0189194432061173,28.045983169091397
225,방배,4,-12.582944677621441,-6.39902364677949
2747,남구로,0,1.6218980594189418,-5.920725299497315
417,길음,4,-4.157343842753698,-6.96334634226867
2825,신흥,1,-14.154624128703098,2.8461325461645046
2728,어린이대공원(세종대),0,-0.3894727888739715,1.6845064760650172
317,경복궁(정부서울청사),1,-18.826774375167467,-5.546811755581506
4110,염창,2,-7.2902237973952975,20.94270866251142
313,녹번,1,-30.628312673188308,-7.3923184378899665
4132,석촌고분,0,6.897311252263287,5.627883130984268
2717,하계,1,-21.80439673783331,-1.0244625937895595
2622,망원,2,2.496340007804831,14.257555477077585
2813,강동구청,2,1.7671603549925097,22.413581083265253
428,삼각지,3,5.555535743481025,-7.269699326630576
2624,상수,2,1.5512527147361967,23.966311930186926
2534,광화문(세종문화회관),5,9.661540807804462,-9.762781568015058
2725,용마산,1,-20.883560406114377,-1.266150382355104
412,창동,0,5.138700581798236,-0.012869767638408587
2549,강동,0,10.357793883446949,-7.99915482028035
419,한성대입구(삼선교),1,-24.396790748302383,-11.966547398623776
2515,마곡,3,6.903416527398966,1.8093642779835355
2729,건대입구,0,12.44008422532885,-0.9819115207892694
338,일원,1,-19.762871683634145,-0.00987024787734149
4111,신목동,2,-0.733115429226969,31.156418500562772
415,미아(서울사이버대학),1,-14.965784703291277,-4.417968591016169
202,을지로입구,0,13.861061070172566,-10.591879296009148
2642,월곡(동덕여대),4,-12.391137525504154,-5.604415661676242
411,노원,0,3.748471982066882,-10.16076744111921
2543,답십리,0,0.12272053277059808,-3.5810571845545818
2756,신중동,0,3.8365135840267373,1.2096251088320964
152,종각,5,15.934499161471724,-6.994198241466952
2733,학동,0,12.151120376919337,-9.227226320578902
2811,암사,2,-18.613010022977917,20.966459546662207
2521,목동,0,4.997157830276994,-5.528526779325186
2529,마포,2,-1.0202265949406708,21.08016334863924
414,수유(강북구청),0,-5.763317427224777,-7.876833654167492
425,회현(남대문시장),4,-3.796028304005367,-8.09393865230721
229,봉천,4,-1.978842172436667,-5.457312217094098
215,잠실나루,2,4.550332926473686,26.744345545550217
2718,공릉(서울과학기술대),4,-8.869738260070312,-5.530418763537934
2714,마들,4,-5.20109901324527,1.3562976726828608
2557,방이,3,2.6488206657115585,1.1069345923296243
4106,양천향교,2,-8.79403505765925,29.11349050449802
2640,안암(고대병원앞),4,-0.8359658859423609,-10.233260053569946
2641,고려대(종암),4,-7.314141186555965,-8.880834262181532
2748,가산디지털단지,0,5.553882144250793,2.1478704698239306
2746,대림(구로구청),0,10.457868947264483,-4.604164257224795
2817,송파,3,8.050818932493016,3.2715541127949823
2745,신풍,4,5.060814920330784,-8.738618053763586
420,혜화,1,-20.0472684977259,-8.295671643777931
2548,천호(풍납토성),2,6.479999914973381,18.359976822727194
2559,개롱,3,-1.3347544971167313,3.4029097784403666
4710,정릉,1,-20.441523448450784,-7.345351754880503
217,잠실새내,2,5.23747191349889,19.125729972305518
2547,광나루(장신대),2,-17.846250101162845,16.36189349870961
2723,면목,0,-2.3027028050887552,-3.202759515579209
2644,돌곶이,4,-9.393349306934295,-6.4387394363110335
2533,서대문,4,-0.5009926328133628,-13.45633422214891
2631,이태원,4,-4.332250486312197,-6.707172916594439
335,대치,3,13.93515880321887,-4.989751192666712
4138,중앙보훈병원,1,-24.86316577051604,-2.4754883230947993
2632,한강진,1,-18.318737389002703,-6.166931126696651
232,구로디지털단지,0,-2.273805888717723,-7.078928832411564
2539,신금호,4,-3.9613055803137183,-11.637374395967091
432,총신대입구(이수),4,2.612558424831857,-11.848933755020353
4128,삼성중앙,0,13.052700054795295,-6.561069943246581
2621,마포구청,2,-0.7024643308645003,15.555196153535519
227,낙성대,1,-16.17880577105267,-3.6069722292278947
2821,복정,1,-13.050816635799963,5.484365409914545
2555,둔촌동,0,8.351451210722807,-6.797584467457317
2742,장승배기,4,0.880471262742053,-11.045572904280167
228,서울대입구(관악구청),4,-4.203283881950912,-7.87594802012741
2726,중곡,1,-11.415641777606778,3.6623530480261057
2724,사가정,1,-16.644541288259152,-1.2060480923399097
4119,흑석(중앙대입구),2,-5.48415828619613,19.25473802670461
4704,가오리,1,-17.522684115714956,1.2752645751487264
4124,사평,3,11.854828027278243,-3.696782404267875
2552,명일,0,4.790328823704981,-8.635613486987491
4131,삼전,0,5.640263077445989,8.796081625838884
2758,상동,3,11.871031018112701,4.8662842061205955
2741,상도,4,-6.393284829591207,-9.682694077920768
4118,노들,2,-1.0242552553780577,26.718003678128444
4108,증미,2,-3.3632542985044993,27.728501259102565
2731,청담,2,2.6879668456229036,18.559501472777367
4130,종합운동장,2,7.724303195668812,20.081755050929534
2743,신대방삼거리,4,-5.204679461200092,-13.381449837883595
2647,화랑대(서울여대입구),4,-11.77451493726734,-3.2669036283201285
2615,연신내,1,-22.64123387510142,-1.9750768591301162
4134,송파나루,3,11.31059512722659,2.576933793815492
207,상왕십리,0,10.373129395702348,-8.423328588273474
2612,역촌,0,4.386442486208889,-10.937801060299405
2540,행당,4,-0.8910288679906391,-13.410273916781408
240,신촌,5,10.922792590294062,-11.810255343752356
4126,언주,0,11.098537054383263,-9.838449089028408
2523,양평,3,8.716729549181204,8.094825457526108
2737,내방,4,0.6143681304020734,-8.330584348271007
4115,여의도,3,13.150421456520396,9.709228063616326
2730,뚝섬유원지,2,3.024096945412146,25.419377991069844
4123,고속터미널,2,7.920257663335092,16.335310830905115
4122,신반포,2,3.394133784620254,21.202186037015352
223,교대(법원.검찰청),0,9.832346714602087,-9.90115191379418
247,도림천,3,8.760727403263097,7.132501677690314
2755,춘의,0,8.049629590049097,6.628096212326235
235,문래,3,14.596891583813667,0.666471248248983
2734,논현,0,9.350761995481298,-5.194375010287823
4113,당산,3,4.750059121671022,8.378277532020533
158,청량리(서울시립대입구),0,13.542427465674367,-1.3137695276533623
315,무악재,1,-27.1078301499055,-7.609167218240702
2537,동대문역사문화공원,5,18.013190045521764,-9.849260440310047
4112,선유도,2,2.994248325107166,23.45247227234092
242,아현,4,0.004893939238294674,-9.69529408953038
4104,신방화,0,5.944794902959722,-8.688274866229818
233,대림(구로구청),0,7.351614957700562,-7.332015310668303
2814,몽촌토성(평화의문),3,10.491206145167942,7.733284553196044
421,동대문,5,7.524988462818667,-3.0657735827246246
2727,군자(능동),0,9.541094673896433,-1.501411488988084
214,강변(동서울터미널),2,4.6521724803572075,23.493324519704004
2713,수락산,1,-22.868070889924468,-2.478211837164036
2736,고속터미널,5,9.24193143695428,-6.644986115811689
336,학여울,3,10.371585944384206,9.378061282344625
2531,애오개,4,0.18776300117850322,-8.741080304532009
4705,화계,1,-15.758610415309928,-1.4362503171467662
332,양재(서초구청),0,4.933840039252474,-5.080115002986826
2527,여의도,3,15.099978680741621,-3.5341405371859103
4708,솔샘,1,-27.85029514646078,-4.22989533623585
219,삼성(무역센터),0,17.80296537003219,-8.743114785643701
2751,천왕,1,-19.92448455745667,-1.7025463201168056
2530,공덕,5,5.885547515315193,-5.912959907083337
209,한양대,3,5.140822661871544,6.036788426345723
4137,둔촌오륜,1,-11.166574190455137,0.6337795240584201
206,신당,0,9.901822307944506,-7.9577511538069094
433,사당,0,1.7192911905809698,-7.760141557745424
210,뚝섬,3,11.326968533218743,4.48470354777938
328,잠원,2,-3.1245329911469053,18.045548929355018
2613,불광,4,5.88737064361356,-18.509601764880184
2520,신정(은행정),0,11.908545214693566,-7.12826652935956
316,독립문,1,-24.027980378227266,-9.932074185116873
337,대청,3,7.647217890998063,9.98931833242205
224,서초,4,1.066962369845184,-7.350981343559849
2715,노원,0,8.75660754446553,2.129172310805875
2511,방화,2,-13.112005141462319,20.49009363820277
212,건대입구,0,13.395003245253836,-5.182136723175185
157,제기동,0,14.232895909463261,-1.914687938346961
4117,노량진,3,8.071252923453518,17.319188230026754
2628,효창공원앞,4,2.741564766494649,-7.41857265058228
4703,4.19민주묘지,1,-22.11910166452892,3.1612842720469874
2720,먹골,4,-6.128743758542933,-0.8730934253393327
2630,녹사평(용산구청),4,-4.295383978861153,-7.401859770926826
322,동대입구,4,4.623149848074679,-4.702333704877727
220,선릉,0,15.992393686961627,-6.986233255041108
4711,성신여대입구(돈암),4,-0.43778584611481086,-12.854273643923394
334,도곡,3,9.166678416242927,5.293483359140824
4121,구반포,2,1.109261391806643,20.997122249672707
2532,충정로(경기대입구),4,3.1777093489955037,-16.64603806311272
2614,독바위,1,-28.940730037950065,-4.036669834133177
201,시청,5,14.999150467776099,-10.68216916123297
236,영등포구청,0,11.456011638540584,-7.988483559322562
339,수서,3,9.429130513279166,12.570666956708283
2759,삼산체육관,3,12.998592073869853,-3.1032128974668196
418,성신여대입구(돈암),4,-0.677679415935988,-12.75737894324689
239,홍대입구,0,9.98107000806846,-8.0893353083925
2822,산성,1,-19.756209944256145,1.398184409044589
4707,삼양사거리,0,5.50937572373662,-10.862043082215155
4105,마곡나루,2,3.0427416019449027,16.470453319376517
208,왕십리(성동구청),5,11.280369372591316,-9.335720765310576
427,숙대입구(갈월),4,-7.376427956658027,-13.578354536826447
2721,중화,4,0.7626942055022896,-4.6272136202531255
4701,북한산우이,1,-31.712940691244413,1.27283543199751
250,용두(동대문구청),0,9.91930174362277,0.23875314258103805
324,금호,4,-3.0685032172594267,-7.542949185680413
330,교대(법원.검찰청),0,14.126121103038116,-11.360771089665292
426,서울역,4,0.041342553783833204,-0.7199421249371935
2638,창신,4,-3.772265231998539,-7.88398662870851
2620,월드컵경기장(성산),2,-2.8907623657861024,12.856575025735655
329,고속터미널,5,18.96931094520046,1.5198050132872793
2514,송정,3,4.026948175407985,4.2365348135685865
4702,솔밭공원,1,-9.655701551506672,4.775015466178913
2633,버티고개,4,-13.501148841436994,-3.761107283792685
238,합정,0,14.065326908361179,-10.008306952013
2816,석촌,3,11.5796290144044,1.5177446064331337
241,이대,4,1.8604007713235098,-7.700271554754576
2643,상월곡(한국과학기술연구원),4,-10.319797380342749,-5.968641884686346
2648,봉화산(서울의료원),4,-16.488668245967354,-2.8380646553439246
2636,신당,5,17.71153374035949,-8.55178591359513
153,종로3가,5,16.71021846918586,-4.543692065888404
244,용답,3,4.3028047736163435,6.726795083902316
309,지축,1,-28.118616386197,5.191065355874572
2722,상봉(시외버스터미널),5,17.046141613429423,-9.400918241693415
2524,영등포구청,0,11.464556131687607,-8.091506735442021
245,신답,3,7.028166715231049,3.239404771719692
2827,모란,3,9.405688206078924,1.7743162335791436
2625,광흥창(서강),2,5.141659034465104,19.378921828010487
2623,합정,2,2.238796929744357,27.77600219200451
246,신설동,0,13.955281213133846,-1.1884888588118834
312,불광,4,-14.447276914524844,-16.752470176891812
2818,가락시장,3,14.12300861800627,0.3662662618539483
2634,약수,4,-0.4075972799447128,-13.738725890361353
2738,이수,4,4.619515401004095,-9.75285656835446
409,불암산,1,-29.299308485742362,0.09867692738253492
4135,한성백제,3,2.366522715729181,6.2504464079422055
2535,종로3가,5,8.35558594531304,-6.077153688646986
2645,석계,3,6.427092236465882,-1.3088701562749931
159,동묘앞,4,6.495220992334582,-7.530866513666504
325,옥수,2,-3.498498064070313,13.558431783946574
4133,석촌,3,10.039063219496759,-0.1248608268579008
2712,도봉산,1,-14.001572511368822,3.297275080001434
2732,강남구청,0,15.494394034629538,-7.646928521887613
203,을지로3가,5,18.433968249022538,-9.879229011420046
2545,군자(능동),0,9.352236246839107,-2.750353047847713
155,동대문,5,10.965274394201991,-6.059605577762087
429,신용산,3,8.91810694858737,-1.5316452588366223
4706,삼양,4,-9.057656472621368,-13.843971858455637
204,을지로4가,5,19.729833866646953,-7.9846691910149135
151,시청,5,11.734730900850307,-7.830874613662608
2752,온수(성공회대입구),4,-14.793071611679943,-0.9257916946463857
226,사당,4,-12.53834803976835,-6.886847991121396
311,연신내,1,-18.223603635057856,-9.79315842786415
205,동대문역사문화공원,5,12.494540278727639,-5.703545036297525
2512,개화산,4,-2.2129590731427897,-3.6458873511931955
4136,올림픽공원(한국체대),3,4.080873149599986,7.117842915776584
4101,개화,2,-6.717020564543109,18.39672245743087
340,가락시장,3,13.588843597777734,7.49638424557801
2541,왕십리(성동구청),5,15.458514349248162,-7.742784426878927
4116,샛강,3,15.736809770372796,6.291040927651779
2761,부평구청,3,9.411550801377645,-2.177528663159418
2719,태릉입구,0,13.84971890180955,2.1020498713332394
430,이촌(국립중앙박물관),2,7.101167882219725,19.627624830582246
2558,오금,3,8.220635199411692,-2.7691075954906585
218,종합운동장,2,7.892238331262634,21.269155212254397
321,충무로,5,10.02987475504312,-3.9057663782600454
2639,보문,4,5.258827789551538,-8.099420769923723
423,충무로,4,-7.312268442928474,-3.588823937548139
2542,마장,3,5.719356386995443,-3.744366785371916
2635,청구,0,11.825018947406633,-13.787140922781882
2735,반포,3,16.837480667549556,-1.4789216329530346
2753,까치울,1,-19.795674138894114,-6.363028210327286
2637,동묘앞,5,18.38832428078197,-6.1273793465425905
2812,천호(풍납토성),2,9.95383587588601,11.943694135529228
4713,신설동,5,8.165362092898292,-9.533887063746528
156,신설동,5,12.67024756832982,-7.304252580113351
2711,장암,1,-26.610331039059663,6.506815629590314
237,당산,2,2.145502986617578,29.59104380870865
2526,신길,3,6.561849246721919,0.7297733868653429
230,신림,4,-1.622081457073177,-3.3489450652744375
2760,굴포천,3,13.303037132852912,2.711732932064574
2619,디지털미디어시티,3,11.184974802860303,-1.8008158262235388
320,을지로3가,5,15.768551282847938,-9.772883328279923
4127,선정릉,0,9.614170081341202,-6.965239918972104
2744,보라매,5,11.034199434217843,-11.046806571079955
234,신도림,3,7.791197302875012,0.23232586456451204
4712,보문,4,7.488797565223222,-7.471819587903884
342,오금,3,9.095261081353344,-1.6413760997228655
2536,을지로4가,5,20.597527495225087,-7.947067754906508
2646,태릉입구,0,12.470468268205295,1.9292656723969084
4103,공항시장,5,15.382123770206883,-9.451359468961943
323,약수,4,-0.3883755794435915,-9.321345640119862
319,종로3가,5,12.47079680589624,-5.294765606961782
2513,김포공항,2,-1.0265029189296018,16.986140301500978
2629,삼각지,3,7.852690515933797,-6.995368131218256
2556,올림픽공원(한국체대),3,4.493317805079674,1.0074235073062423
216,잠실(송파구청),3,15.330179943359125,12.233746604518284
243,충정로(경기대입구),5,10.954010222505103,-13.435885879292199
434,남태령,1,-27.85878666338984,-5.344394320276641
422,동대문역사문화공원,5,13.88724966460002,-2.0670086983183698
431,동작(현충원),2,2.1632157962564627,22.20084296555291
2538,청구,0,12.025526151751373,-14.599215504439616
4120,동작(현충원),2,-6.167710642751631,21.449821293057028
2627,공덕,5,12.21194419796498,-7.003057015311123
150,서울역,3,13.44929451496304,1.7214706143933074
4102,김포공항,3,11.708460808099273,3.9330080020132434
2754,부천종합운동장,5,0.4653536586561059,-1.332061460576721
222,강남,0,14.26702751848682,-3.13238830261076
