station_id,nearest_station,cluster,pca_x,pca_y
2519,까치산,2,13.145070588987915,4.577021011660935
2824,단대오거리,2,12.699050331697723,-2.617890605882611
2561,마천,2,15.582888035388212,-6.875073476232799
249,신정네거리,2,8.662372957970454,-0.7518921238392555
2716,중계,2,6.540343170640005,1.7418019858973104
2611,응암,2,7.573613527367282,0.5605381764862949
314,홍제,2,9.479343671925081,-1.4047217366888953
2560,거여,2,6.864886431905386,-1.1545527968158678
4107,가양,4,7.040906181277374,-1.8343730349755685
2823,남한산성입구(성남법원.검찰청),2,12.809565198207642,-6.631121047008281
2820,장지,2,6.4810397636107755,0.7555346206678754
213,구의(광진구청),0,5.900950684498819,2.931053086368367
2750,광명사거리,2,10.938223273679359,-2.445435621731555
2749,철산,2,9.284066737656595,-1.416290862745934
2757,부천시청,2,7.427362268515299,-3.171650009959028
248,양천구청,0,3.9285996142391175,-0.31973835194913625
4709,북한산보국문,2,7.573732794743008,-5.900677373529034
410,상계,2,6.785225198573046,-0.9547771389670326
211,성수,5,6.548007971405933,5.529162978541796
2518,화곡,2,7.43262671862926,1.7294503367783125
2626,대흥(서강대앞),0,1.898423660225351,2.209963412305086
310,구파발,2,8.973215784005328,-3.4298536332856933
2517,우장산,2,5.2852984447081734,-0.4580850974593295
333,매봉,0,3.2084105251135764,1.2746207201577164
2544,장한평,2,5.201532060824693,0.7664086802076774
413,쌍문,2,6.1575463677607445,3.1344239553032622
4109,등촌,4,3.5009064347327583,-1.1086522320877086
2739,남성,0,2.858620663936232,1.1833091365842006
2826,수진,2,4.881242548311613,-2.4023383848199797
221,역삼,5,7.567521434206497,8.233765191538925
2553,고덕,2,4.193393416368713,-1.187470441441723
4129,봉은사,0,2.234516686929357,2.877599984625977
2516,발산,0,2.9087215973017004,2.8465934103584614
2617,새절(신사),2,4.0270675616648095,-0.37946581503751975
2522,오목교(목동운동장앞),0,3.674232422590464,2.731023335594785
424,명동,5,3.8445507890667194,5.3252753262226635
2554,상일동,2,5.987141028063198,-1.606920526269195
2525,영등포시장,0,0.9252445006887365,2.2267415795903465
326,압구정,5,4.316848286285668,4.17618087365161
416,미아사거리,0,4.493493331656852,2.4163704743648666
2819,문정,0,2.8114138339178076,1.9428333758617207
341,경찰병원,0,1.3023101144797173,1.10560062367179
2815,잠실(송파구청),5,0.13118398028487854,4.966348728773429
2740,숭실대입구(살피재),0,2.469287467166846,0.5148021058247975
231,신대방,0,4.306278750298919,1.843322095244439
331,남부터미널(예술의전당),0,5.048670135348562,2.1575649884810177
4114,국회의사당,4,2.0440395234805604,-0.7760155152347915
2616,구산,2,4.624020236423898,-3.142095048365988
2551,굽은다리(강동구민회관앞),0,2.018288554675187,0.13743307542614472
2546,아차산(어린이대공원후문),0,2.916484507556771,0.34737451255012236
2618,증산(명지대앞),0,3.086203270789648,-0.5780888615882585
318,안국,0,4.242802626516676,0.19135414283365326
2550,길동,0,0.9558325530050165,1.1433765846490238
327,신사,5,2.7504494491742126,4.770025935574585
154,종로5가,0,1.1924517500906477,3.2804995145057507
2528,여의나루,0,2.3743987779139712,0.9147721566434792
225,방배,0,3.405505096931886,1.073587596005249
2747,남구로,0,1.712431420726198,1.3324264882518915
417,길음,0,2.115966745695752,2.31183764579988
2825,신흥,2,4.083795504255177,-3.322365605272644
2728,어린이대공원(세종대),0,1.6964793230638737,1.4792010013233396
317,경복궁(정부서울청사),2,5.163982409880628,-0.04764963334182247
4110,염창,4,3.284045402844898,-1.962408999307036
313,녹번,2,5.534933652699878,-2.329440458640275
4132,석촌고분,0,0.8905664587122368,-0.9605729565961085
2717,하계,0,3.4674262523036594,-0.5774257695404894
2622,망원,0,1.9509294289764947,0.8650931551483073
2813,강동구청,0,1.7595054985829037,-0.10316230567074161
428,삼각지,0,0.087820358375464,1.97171755949805
2624,상수,0,0.8892965899004691,0.1200307538251956
2534,광화문(세종문화회관),5,2.2761069755948604,7.0819798811734955
2725,용마산,2,3.9197618574924906,-3.648997741013461
412,창동,0,1.8461761033824178,2.3274186547611273
2549,강동,0,1.2454636680789388,2.7368112006000027
419,한성대입구(삼선교),2,4.26735564155831,-0.456188130220232
2515,마곡,0,1.7438074364383536,-0.3584114824653999
2729,건대입구,0,0.35202230447819904,2.1887124734690278
338,일원,2,5.428896134363584,-3.963192362531208
4111,신목동,4,2.147818654771856,-3.1660928883093797
415,미아(서울사이버대학),0,3.125622601351465,-0.11599500696164096
202,을지로입구,5,3.04030299353894,9.938308181878348
2642,월곡(동덕여대),0,1.1119043870293497,0.6057363654863316
411,노원,0,1.7358710380149045,3.68470606605815
2543,답십리,0,2.283093091427573,0.41425714845975026
2756,신중동,2,3.577098628773883,-2.945818852024846
152,종각,5,-0.07509776236967154,5.86375203114668
2733,학동,0,0.9613070508262441,2.767070159970038
2811,암사,0,3.3749871303442607,-1.0413522246158233
2521,목동,0,2.8719264507338833,0.36820651891916617
2529,마포,0,1.4185587182869248,0.03634854630952875
414,수유(강북구청),5,3.980759768952003,4.075788918015691
425,회현(남대문시장),0,1.1356320409653817,3.075418335038842
229,봉천,0,1.5319898802974765,2.172126181153883
215,잠실나루,0,1.1777607088026278,0.27469786508191313
2718,공릉(서울과학기술대),0,0.9977257280323948,0.27632987593412806
2714,마들,0,0.8363843888909767,0.07018709792186928
2557,방이,0,-0.10811299972573542,0.4026068219851427
4106,양천향교,4,3.2790659933935653,-4.62070071490829
2640,안암(고대병원앞),0,-0.10487047955442733,1.5123792953848771
2641,고려대(종암),0,0.22387762214325915,0.09266051234550342
2748,가산디지털단지,0,2.1671928408067838,3.3428796008556887
2746,대림(구로구청),0,-0.22875950641569975,0.6062176849896573
2817,송파,0,-0.10900790269347752,0.06619139988518855
2745,신풍,0,0.29377504930693016,0.48686176856351665
420,혜화,0,2.8103380392536303,2.6903494749432832
2548,천호(풍납토성),0,0.9219349497097593,2.3710280780376736
2559,개롱,0,0.8603969545344772,-0.8805228119262013
4710,정릉,4,0.7106729413233716,-2.694554814320159
217,잠실새내,0,1.3567088059980283,1.4313297019510278
2547,광나루(장신대),0,2.2233486736381853,-1.5983791447339397
2723,면목,0,1.7030336239838135,-0.2218584006721287
2644,돌곶이,0,1.3418344248315104,-0.7850089988381294
2533,서대문,0,0.14265485193007404,2.0626682277470434
2631,이태원,0,-0.14580303433391983,0.8634420201703785
335,대치,0,-0.7346526398504222,1.3950356627596672
4138,중앙보훈병원,2,5.308946376326386,-5.971155345984325
2632,한강진,0,0.21524474433504662,-0.18377079067089216
232,구로디지털단지,5,7.615836395267052,6.30818112360218
2539,신금호,0,-0.8764960703960077,0.060635070656308125
432,총신대입구(이수),0,0.18235906018231832,2.051727010302942
4128,삼성중앙,0,-1.151774416332934,0.4359630730561127
2621,마포구청,0,0.7375113868472558,-0.5255745556244984
227,낙성대,0,2.873847712698924,0.8824675629767702
2821,복정,2,3.0097811862124186,-3.8262379267840507
2555,둔촌동,0,-0.3151555420703275,0.34069164239436467
2742,장승배기,0,-0.37255373647785545,0.2513957741134167
228,서울대입구(관악구청),5,3.99120514325506,5.804399826428842
2726,중곡,0,1.0914675476155482,-1.6688838366776801
2724,사가정,0,2.3080795753831036,-1.816405590943773
4119,흑석(중앙대입구),4,0.05943576805240633,-1.8142237671877441
4704,가오리,1,1.1992738848484514,-4.116893077708179
4124,사평,4,-1.4611503680476714,-0.678677325797889
2552,명일,0,-0.9348673803926532,0.4758104042137552
4131,삼전,0,-0.8661007210641969,-1.4328317586067616
2758,상동,0,-0.9031584130244179,-1.1485734123425404
2741,상도,0,-0.4494908079855333,0.3239138872907671
4118,노들,4,-0.27748418488027354,-1.920606527636507
4108,증미,4,1.5532077071348789,-3.8996496892774477
2731,청담,0,0.020759866275856555,0.722418829944477
4130,종합운동장,3,-0.6430388314822774,-1.6590307205780883
2743,신대방삼거리,0,0.12027582078621131,0.7285247736893438
2647,화랑대(서울여대입구),0,0.6335518073230583,-1.3039237555957626
2615,연신내,4,1.23223428892387,-7.0792993138436
4134,송파나루,3,-1.7433132116149226,-0.18386124641361107
207,상왕십리,0,-1.0353405043606163,1.2991332948124965
2612,역촌,3,-1.3014765669132016,-0.5567958934583925
2540,행당,3,-1.8133748252452537,0.5200598774318733
240,신촌,5,0.29722427546444474,7.169733818577497
4126,언주,3,-1.574966938901744,0.9735987216503774
2523,양평,0,-0.7982102153685491,-0.9905341441610742
2737,내방,0,-0.5285982908776908,0.503447421535471
4115,여의도,4,-1.3251440809315627,1.6916561392187688
2730,뚝섬유원지,0,0.14152098653290363,-1.6582176587830348
4123,고속터미널,4,-1.0568266096803378,-0.017019195830803475
4122,신반포,4,-0.8396199124506832,-1.4722178580422012
223,교대(법원.검찰청),5,0.2042120016244859,4.069807605448458
247,도림천,3,-1.5300317474809435,-1.5269706712163023
2755,춘의,1,0.7196066860941793,-3.1580507857101647
235,문래,0,-0.8794248117863348,2.174965949707567
2734,논현,3,-1.728135778056962,2.835195842858151
4113,당산,4,-1.3445728242989212,-0.354135538819718
158,청량리(서울시립대입구),3,-1.5717462112503917,1.534690400569924
315,무악재,1,1.4998241092835765,-4.287743137654535
2537,동대문역사문화공원,3,-2.990632002422869,0.7173352259151596
4112,선유도,4,-0.5848974716613132,-2.6418951222874587
242,아현,3,-1.4554937421594145,0.27978852055994646
4104,신방화,3,-1.897712460533597,-1.2137886378800273
233,대림(구로구청),0,-0.7611038845662735,2.1033241178432056
2814,몽촌토성(평화의문),3,-2.1015710248642416,-0.020055744423920472
421,동대문,3,-2.0873231353289707,2.325321972529609
2727,군자(능동),0,-1.2240503191206313,0.7745646509548633
214,강변(동서울터미널),5,1.3144627049778037,2.847118866445849
2713,수락산,1,0.30578684314579474,-2.4674218019393392
2736,고속터미널,3,-1.8617157778723272,1.439695979676926
336,학여울,3,-2.032077894691551,-1.6484516540218297
2531,애오개,3,-2.037985388699701,-0.2106094654564079
4705,화계,1,0.5787021176582712,-5.368641144041161
332,양재(서초구청),5,0.5091431111554292,4.299606613957281
2527,여의도,0,-1.7161303817576918,4.444802362183245
4708,솔샘,1,0.8305204531025409,-5.664000925674559
219,삼성(무역센터),5,1.58726134820192,7.516820719353475
2751,천왕,1,0.6655372169422837,-3.193695041786653
2530,공덕,3,-1.7718541661651868,1.136653309177726
209,한양대,3,-2.4162316298924074,0.3526391298843245
4137,둔촌오륜,1,-0.10902529410434793,-3.6377967580360333
206,신당,3,-1.875591304100413,1.0918243532487029
433,사당,5,-1.5173349375645346,3.5698526301950775
210,뚝섬,3,-1.502315651094416,1.961750335204046
328,잠원,3,-1.615389756486565,-1.7703533149186585
2613,불광,3,-3.14470966823524,0.22731265145737542
2520,신정(은행정),3,-1.6644127129745327,0.5445681896203004
316,독립문,3,-0.9124590372159646,-1.8847037974244203
337,대청,3,-1.0052314495160701,-1.3160281233159143
224,서초,3,-1.1439962520933236,1.0293476937046284
2715,노원,3,-1.316995921820584,1.4666873220191352
2511,방화,1,0.7400624551171204,-4.7370523531680995
212,건대입구,5,0.0661974181538998,5.923384041729571
157,제기동,3,-2.2523404538054845,0.6283735491709144
4117,노량진,4,-2.0838879447297094,0.11671413104695605
2628,효창공원앞,3,-2.1558964292754714,-0.18956177117641934
4703,4.19민주묘지,1,1.6809632710956122,-7.174990228947457
2720,먹골,3,-1.9893960475399621,-0.8045508137511899
2630,녹사평(용산구청),3,-1.1715334642273203,-2.088833658533631
322,동대입구,3,-2.692204622029462,-0.04843534462075542
220,선릉,5,-0.4095252800927361,7.088538768750133
4711,성신여대입구(돈암),3,-2.733058952675058,-0.9341437839314589
334,도곡,3,-3.2930242119080253,0.7303153446323117
4121,구반포,4,-2.155891032494068,-2.465621892601979
2532,충정로(경기대입구),3,-2.909720309794705,-0.057507086256488024
2614,독바위,1,3.1318811323221074,-7.611202746089563
201,시청,3,-2.637935966989788,3.255862061935912
236,영등포구청,3,-2.0082795018495596,1.8212903226245407
339,수서,3,-2.135091884115642,1.2091604950625034
2759,삼산체육관,3,-2.3521534873770302,-2.889172988080777
418,성신여대입구(돈암),3,-2.1057239964510517,1.841868182443681
239,홍대입구,5,3.115100018524067,11.157580867939755
2822,산성,1,-0.0709650598613497,-3.6968575920479414
4707,삼양사거리,3,-2.6541380442691187,-1.7980710636831632
4105,마곡나루,4,-1.7570429459082562,-2.6108862186033113
208,왕십리(성동구청),3,-3.084177420513484,1.4255114874872377
427,숙대입구(갈월),3,-1.1855434585030145,0.04343554993294681
2721,중화,3,-2.645391132224964,-0.15427520269164777
4701,북한산우이,1,4.633961266336961,-10.471676112298631
250,용두(동대문구청),3,-3.0789428026566426,-1.0449286058616027
324,금호,3,-3.115542105768867,-0.13306623220210223
330,교대(법원.검찰청),3,-2.7454509112592143,1.5978362068995497
426,서울역,4,-2.387738949358462,0.11366130778213941
2638,창신,3,-2.991027876010582,-1.429923123680477
2620,월드컵경기장(성산),1,-1.2448830757255553,-3.1655934439137074
329,고속터미널,5,-2.722273970994928,12.524767682493248
2514,송정,1,-1.037186344982743,-2.9886436960211644
4702,솔밭공원,1,1.1086789269130382,-6.925538326132382
2633,버티고개,3,-2.4664460527249683,-2.208508895316942
238,합정,3,-2.74685219237885,4.223444719994289
2816,석촌,3,-3.8995019518131073,0.5067135270102311
241,이대,3,-2.8546070187583577,0.854403237715118
2643,상월곡(한국과학기술연구원),3,-1.4425958022086562,-2.163816672326696
2648,봉화산(서울의료원),1,-0.8913139529038334,-2.4638399946428877
2636,신당,3,-4.656059464212973,1.296175490303553
153,종로3가,3,-3.7627725512161057,3.491863260053794
244,용답,3,-3.0013378857152864,-0.7740663656633162
309,지축,1,2.249216867111832,-7.1196596334458695
2722,상봉(시외버스터미널),3,-3.3724433376413976,1.547162999469179
2524,영등포구청,3,-3.54560274905281,-0.2935382927584131
245,신답,3,-3.1403241503497865,-1.6047108439571476
2827,모란,3,-3.1717707740827557,-0.9862975771867932
2625,광흥창(서강),3,-2.3199880081895516,-1.427224781081549
2623,합정,3,-2.0472820081306984,-1.111397372886662
246,신설동,3,-3.5595861180254675,-0.7225546586408456
312,불광,3,-2.543935231589407,-0.050463620843393224
2818,가락시장,3,-4.186433033193714,0.23827357929957185
2634,약수,3,-4.2502895374922325,-0.19517033994876037
2738,이수,3,-3.1473196790955527,0.7946335901264697
409,불암산,1,1.3370004573365069,-5.343265962773474
4135,한성백제,3,-3.132849738996044,-3.153042388203171
2535,종로3가,3,-3.942049989921994,1.2219318770516132
2645,석계,3,-3.4274037194598765,-0.08809506438147492
159,동묘앞,3,-4.17295083858678,0.4380464493004117
325,옥수,3,-3.5757746630436786,-0.7478709766077757
4133,석촌,3,-3.7882014939882955,-1.297717728703585
2712,도봉산,3,-2.7080203651133,-1.6204267285784464
2732,강남구청,3,-3.5940209080588805,1.3883713912068678
203,을지로3가,3,-3.9797552821303688,3.7451900279416885
2545,군자(능동),3,-2.721785583419847,-0.15767756726176424
155,동대문,3,-3.8387816996249193,0.1562857853180928
429,신용산,3,-3.5937735106339876,1.0798685626129192
4706,삼양,3,-3.305255029395021,-2.7746876821475874
204,을지로4가,3,-4.0094724092784455,1.450595514959354
151,시청,3,-4.3891392767813135,1.1011492992585035
2752,온수(성공회대입구),3,-2.139957804949602,-2.0177933719471324
226,사당,5,-1.0259762216147246,2.6577251576402703
311,연신내,3,-1.3194524824889682,1.5335827872901
205,동대문역사문화공원,3,-4.67991386242525,1.4295525116016419
2512,개화산,3,-3.2521726482087328,-1.9579247003944447
4136,올림픽공원(한국체대),3,-3.5561291005142674,-2.492568656175287
4101,개화,1,0.9228713619700201,-6.962646526698096
340,가락시장,3,-3.485092185144986,-0.779139762257107
2541,왕십리(성동구청),3,-4.635992974180587,0.41898052276160846
4116,샛강,3,-4.464899395324927,-0.3119744650919448
2761,부평구청,3,-3.6068149427957192,-2.225024857087994
2719,태릉입구,3,-4.117793967533228,0.04397779583089749
430,이촌(국립중앙박물관),3,-3.0370709044513995,-1.954635092098082
2558,오금,3,-4.320881268200553,-0.8077082091055524
218,종합운동장,3,-2.8813447412464654,-1.074527075290129
321,충무로,4,-5.214857226717236,-3.138098234763105
2639,보문,3,-3.960656682783035,-0.4203996325050143
423,충무로,3,-2.4950265459877703,0.7076345799248004
2542,마장,3,-4.223566362572753,-0.8102591259129096
2635,청구,3,-4.53463664028683,-0.4076261196322976
2735,반포,3,-4.844310004517842,-0.15736144753240972
2753,까치울,1,-1.1564063854186006,-5.761785190801197
2637,동묘앞,3,-4.833051848555133,0.1815314938825793
2812,천호(풍납토성),3,-3.462986088676516,0.0753958184452461
4713,신설동,3,-4.418101962832013,-2.073535073280458
156,신설동,3,-4.432538654155611,-0.2364471106319371
2711,장암,1,-0.8001770690378857,-7.112136244917387
237,당산,3,-3.1788262083176253,-0.7473205021273213
2526,신길,3,-3.9315360862472675,-1.9544538497678061
230,신림,5,-1.0099972635085213,6.567324295236816
2760,굴포천,3,-4.266551286284624,-2.501567605656686
2619,디지털미디어시티,3,-4.001508339193185,0.020993839087782802
320,을지로3가,3,-4.750975690980568,0.31226997933084105
4127,선정릉,3,-4.23655159078116,-1.0668091238659092
2744,보라매,3,-4.890728287900576,-0.34220734268950087
234,신도림,3,-3.618031259929263,4.274559987333558
4712,보문,3,-4.586441218071429,-2.253505331650739
342,오금,3,-4.191370449700326,-1.5022647336656432
2536,을지로4가,3,-5.418498359488038,-0.14271309509401078
2646,태릉입구,3,-5.108474953683871,-1.1047334769916914
4103,공항시장,3,-5.512497908526535,-1.930794844280135
323,약수,3,-5.181308968494265,0.12136965215038242
319,종로3가,3,-5.202181254808285,-0.8703131628634146
2513,김포공항,1,-2.0469075382794393,-5.084766593138134
2629,삼각지,3,-4.861815656042408,-1.1827922936897375
2556,올림픽공원(한국체대),3,-4.287164380277828,-2.0528539715798977
216,잠실(송파구청),5,3.889197903750992,11.594226195240207
243,충정로(경기대입구),3,-5.969539026389057,-0.09650640555223614
434,남태령,1,-1.6426001180711427,-6.562837226133597
422,동대문역사문화공원,3,-6.031267458678747,1.0007179492849658
431,동작(현충원),3,-4.617337713890036,-3.391722809939062
2538,청구,3,-5.741739263918331,-0.6936013805365007
4120,동작(현충원),1,-4.3511516732314695,-4.813261100825097
2627,공덕,3,-6.3863215738617525,0.6242355607325921
150,서울역,3,-6.466461983784454,3.5290474600771207
4102,김포공항,3,-6.9207498464915425,-1.6160888514493918
2754,부천종합운동장,1,-5.875357486382236,-5.053223381391406
222,강남,5,0.49224140069617955,13.65598384543188
