station_id,station_name,mob_vis_cosine_pca16,mobility_cluster,visual_cluster
2546,아차산(어린이대공원후문),-0.8845427185360417,0,1
2750,광명사거리,-0.8452120757657311,1,1
318,안국,-0.7834457158096041,0,1
410,상계,-0.7741618923015355,1,1
416,미아사거리,-0.7542649356080675,0,4
2537,동대문역사문화공원,-0.7506800597984915,3,2
2561,마천,-0.742729258641992,1,1
2749,철산,-0.7413210681912608,1,1
4116,샛강,-0.7285276773484255,3,3
2617,새절(신사),-0.7266362123119736,0,1
2717,하계,-0.7092462760972515,0,1
314,홍제,-0.7064330943515124,1,1
2541,왕십리(성동구청),-0.6919739927726757,3,3
2536,을지로4가,-0.6905759583434824,3,2
238,합정,-0.6867871439734489,3,3
2824,단대오거리,-0.6678410601866152,1,1
420,혜화,-0.6635664287076275,0,4
155,동대문,-0.6508852798947045,3,4
2719,태릉입구,-0.6438005192764478,3,3
2511,방화,-0.6435680503255431,4,5
2636,신당,-0.6260059886742221,3,4
310,구파발,-0.6224525635654613,1,1
208,왕십리(성동구청),-0.6173692644972264,3,4
230,신림,-0.6170288098406828,2,4
313,녹번,-0.613367934266832,1,1
2740,숭실대입구(살피재),-0.602675119889427,0,1
157,제기동,-0.6017507745217554,3,0
227,낙성대,-0.5976595804163887,0,1
201,시청,-0.5912780436117664,3,4
4101,개화,-0.5884097268705303,4,0
156,신설동,-0.5828203815469869,3,4
2816,석촌,-0.5734577366598461,3,3
2637,동묘앞,-0.5536626128672634,3,2
2716,중계,-0.5500947391274517,0,2
2625,광흥창(서강),-0.545690767607585,3,5
425,회현(남대문시장),-0.5426568635179198,0,4
2722,상봉(시외버스터미널),-0.5159874807186092,3,2
2616,구산,-0.5148673349136896,4,1
415,미아(서울사이버대학),-0.5140420932141838,0,0
2518,화곡,-0.508290659895814,1,0
203,을지로3가,-0.504804598087201,3,2
2618,증산(명지대앞),-0.5034957741785846,0,1
2646,태릉입구,-0.5034343621241308,3,4
320,을지로3가,-0.5019947015074359,3,2
433,사당,-0.4948719075704354,3,4
4103,공항시장,-0.4859925813188569,3,2
338,일원,-0.4808815884230616,1,1
321,충무로,-0.4693207082822829,5,3
4709,북한산보국문,-0.4688341967439762,1,1
2619,디지털미디어시티,-0.46465095459208416,3,4
317,경복궁(정부서울청사),-0.46248759029572173,0,1
340,가락시장,-0.45749482944606046,3,3
204,을지로4가,-0.45736012508455365,3,2
2725,용마산,-0.4561179015349745,4,1
151,시청,-0.4493924670257252,3,3
419,한성대입구(삼선교),-0.4476653136910103,0,1
2554,상일동,-0.4424523308307175,1,5
2730,뚝섬유원지,-0.44204536117272447,4,5
246,신설동,-0.44092889368254595,3,4
2734,논현,-0.4402054452058717,3,3
2547,광나루(장신대),-0.43598717879457294,0,5
239,홍대입구,-0.4327922690106266,2,0
331,남부터미널(예술의전당),-0.43276199999475023,0,0
2823,남한산성입구(성남법원.검찰청),-0.42804980450305885,1,1
432,총신대입구(이수),-0.4261130382445838,0,3
2818,가락시장,-0.42087616405061323,3,3
4106,양천향교,-0.4206923273987385,4,5
250,용두(동대문구청),-0.418055406887456,3,0
417,길음,-0.4144698764295314,0,0
2735,반포,-0.4116580618053103,3,3
2744,보라매,-0.4054240368921039,3,3
4102,김포공항,-0.4013401616128254,3,3
431,동작(현충원),-0.40126805399885485,3,5
430,이촌(국립중앙박물관),-0.40017324172447377,3,2
2736,고속터미널,-0.39307996816187807,3,2
2732,강남구청,-0.3896624490729859,3,3
2611,응암,-0.38868269676128375,1,0
421,동대문,-0.38544920197019483,3,4
4120,동작(현충원),-0.3825272165213356,4,5
4111,신목동,-0.38002752489838676,4,5
4117,노량진,-0.3795247162810359,3,4
414,수유(강북구청),-0.37805575337316416,0,0
2821,복정,-0.3763976598918508,4,4
4115,여의도,-0.36834473852069805,3,0
2826,수진,-0.36778091011082253,0,4
2621,마포구청,-0.3666528013108105,0,5
4121,구반포,-0.3659771507035175,3,5
4134,송파나루,-0.36462484408350504,5,3
229,봉천,-0.36185952659823567,0,0
2825,신흥,-0.3608219133871794,4,4
152,종각,-0.3599404014443254,2,3
4128,삼성중앙,-0.3511451789691245,3,2
2738,이수,-0.3505500391506873,3,3
336,학여울,-0.34685408484091695,3,4
342,오금,-0.3465436430813352,3,3
236,영등포구청,-0.34525240556647274,3,0
159,동묘앞,-0.342786238534874,3,4
2635,청구,-0.3425814808303692,3,3
226,사당,-0.34161762698845843,3,4
2811,암사,-0.3323654789151011,0,5
2715,노원,-0.3317597668768777,3,0
2533,서대문,-0.32523207623395545,0,2
4108,증미,-0.3245931467976351,4,5
424,명동,-0.3232039227997543,2,1
225,방배,-0.32301269641228053,0,0
2739,남성,-0.32192842658126086,0,4
422,동대문역사문화공원,-0.3215259089265967,3,2
330,교대(법원.검찰청),-0.3181162865437347,3,3
4112,선유도,-0.31387282533422656,4,5
2645,석계,-0.3070778060470666,3,4
2642,월곡(동덕여대),-0.30650946010555374,0,4
153,종로3가,-0.3043935775690536,3,2
243,충정로(경기대입구),-0.3023336810758607,3,3
2814,몽촌토성(평화의문),-0.30187907636901107,3,3
4704,가오리,-0.30007179655412436,4,1
234,신도림,-0.2990285541542515,3,4
2545,군자(능동),-0.2983586424914779,3,0
2526,신길,-0.29291144818357795,3,4
228,서울대입구(관악구청),-0.292797484375623,2,0
413,쌍문,-0.2877921288904588,0,0
2532,충정로(경기대입구),-0.28372801584221796,3,3
2538,청구,-0.28238834753320974,3,3
2724,사가정,-0.28040305171005386,0,1
2520,신정(은행정),-0.27763520081730964,3,0
2613,불광,-0.2770786583292788,3,3
235,문래,-0.27651795484926206,3,0
154,종로5가,-0.27293811634997595,0,2
4138,중앙보훈병원,-0.2720200419662715,1,1
2553,고덕,-0.26985526093685114,0,5
241,이대,-0.26955462400401303,3,3
2718,공릉(서울과학기술대),-0.2676656193142288,0,0
309,지축,-0.26623890887808643,4,1
2517,우장산,-0.2632708166304203,0,4
233,대림(구로구청),-0.2619547600433013,3,4
240,신촌,-0.26126300487522425,2,4
2760,굴포천,-0.2597264975852267,5,0
2516,발산,-0.25392554587808297,0,4
231,신대방,-0.25224617559018636,0,0
2629,삼각지,-0.25150187752129854,3,4
4118,노들,-0.24817988811139655,3,5
2523,양평,-0.24756564701714925,3,0
337,대청,-0.24429608902887381,3,0
232,구로디지털단지,-0.24094019243121462,2,0
428,삼각지,-0.2404350315989095,0,4
2627,공덕,-0.2367311382351131,3,3
4130,종합운동장,-0.23654773209663194,3,0
2729,건대입구,-0.23369024425970752,0,4
4127,선정릉,-0.22812738056309229,3,3
334,도곡,-0.2277680264734256,3,3
220,선릉,-0.22590630289106078,2,3
2746,대림(구로구청),-0.22455621335651116,0,0
2514,송정,-0.22383117060156904,4,2
2743,신대방삼거리,-0.22377575804476352,0,4
2639,보문,-0.22359098106721537,3,3
158,청량리(서울시립대입구),-0.22336855916279946,3,0
249,신정네거리,-0.22320459975129311,1,0
4705,화계,-0.2227285139872237,4,1
202,을지로입구,-0.2197440699936038,2,3
332,양재(서초구청),-0.2123915770592358,2,0
4701,북한산우이,-0.20446435897769838,4,1
207,상왕십리,-0.20264214235525252,3,4
4124,사평,-0.20185977467854066,3,3
205,동대문역사문화공원,-0.19977751628517065,3,4
218,종합운동장,-0.1958518286313522,3,0
4123,고속터미널,-0.1943653900361026,3,2
2534,광화문(세종문화회관),-0.19391716005689388,2,2
2827,모란,-0.19184289776196684,3,3
4105,마곡나루,-0.19069047514260568,3,2
224,서초,-0.18770029994975698,3,2
2623,합정,-0.18612072766581417,3,5
2615,연신내,-0.18239104861739142,5,1
411,노원,-0.17620959998589034,0,0
4133,석촌,-0.17573752434733397,5,3
4113,당산,-0.16721594457287908,3,4
222,강남,-0.16643602892178103,2,3
2558,오금,-0.16470083167668784,3,3
2530,공덕,-0.16408384798206946,3,4
2726,중곡,-0.16323716852423983,0,2
2614,독바위,-0.16304580740426106,4,1
2631,이태원,-0.15616322723400206,0,4
2728,어린이대공원(세종대),-0.1462303710042775,0,0
2556,올림픽공원(한국체대),-0.14531003489412758,3,3
2713,수락산,-0.14516970961216696,4,1
2524,영등포구청,-0.14461588566925274,3,3
2560,거여,-0.13731641456592286,1,0
4712,보문,-0.13587738077804865,3,3
223,교대(법원.검찰청),-0.13236233116983653,2,0
210,뚝섬,-0.13134100667024187,3,2
2755,춘의,-0.1282442833610541,5,0
2551,굽은다리(강동구민회관앞),-0.12591221719292459,0,0
247,도림천,-0.12236052391277275,3,4
2641,고려대(종암),-0.11900398873621842,0,4
248,양천구청,-0.11678782460821754,0,0
418,성신여대입구(돈암),-0.11344968998787114,3,4
4713,신설동,-0.11057259409700232,3,4
429,신용산,-0.10858062707814492,3,4
4114,국회의사당,-0.10478345840790367,0,5
206,신당,-0.0998486309863624,3,4
4702,솔밭공원,-0.09696385142140276,4,1
426,서울역,-0.0939229110960943,3,3
212,건대입구,-0.08196594013718858,2,0
2521,목동,-0.08023952132100409,0,0
2640,안암(고대병원앞),-0.0754005173253589,0,0
150,서울역,-0.07440091483040218,3,3
2626,대흥(서강대앞),-0.07032514390204408,0,4
2634,약수,-0.06879420656779381,3,3
4110,염창,-0.05514873089676281,0,5
2620,월드컵경기장(성산),-0.05198570420301333,4,4
329,고속터미널,-0.048764018619255875,2,2
4135,한성백제,-0.04793064272174291,5,0
2527,여의도,-0.047299796740944075,3,3
335,대치,-0.04206197393965891,0,3
4109,등촌,-0.041638298364462964,0,5
2721,중화,-0.039725703113885055,3,2
4122,신반포,-0.03787581072542978,3,5
2748,가산디지털단지,-0.03528267526619744,0,4
2542,마장,-0.03317627925524833,3,4
2761,부평구청,-0.03030132993796464,5,0
328,잠원,-0.029883282277671508,3,5
409,불암산,-0.028739515146017275,4,1
2630,녹사평(용산구청),-0.02444386869428626,3,4
2644,돌곶이,-0.023121030424983764,0,0
311,연신내,-0.02182877595997305,3,1
2535,종로3가,-0.01789964086855904,3,2
2742,장승배기,-0.014734086638935127,0,4
2733,학동,-0.013263573962892315,0,0
245,신답,-0.011785298088322812,3,4
319,종로3가,-0.010007215353797255,3,2
4703,4.19민주묘지,-0.009740139534545125,4,1
339,수서,-0.003386887330797948,3,3
2711,장암,-0.002785641122839501,4,1
323,약수,0.005311917138861255,3,3
4137,둔촌오륜,0.013240481648744945,5,0
423,충무로,0.013540831219822858,3,3
4708,솔샘,0.016419529049699573,4,1
2812,천호(풍납토성),0.016913961589833187,3,5
242,아현,0.021492733293509925,3,4
322,동대입구,0.022660114955003793,3,4
2540,행당,0.023715086140958908,3,4
2525,영등포시장,0.024074077227935267,0,4
2552,명일,0.02653862838650417,3,3
2519,까치산,0.035410204312398844,1,0
2628,효창공원앞,0.038453583024155635,3,4
4126,언주,0.03919039816836864,3,0
2737,내방,0.043704182530507604,3,0
2822,산성,0.05436681289486828,4,1
412,창동,0.05534056987720026,0,4
4107,가양,0.06478973721142255,1,5
219,삼성(무역센터),0.06935296669798754,2,2
237,당산,0.07032055514186586,3,5
325,옥수,0.07758083259879173,3,5
2531,애오개,0.08279609571821578,3,4
2813,강동구청,0.08455257543916514,0,5
2758,상동,0.08933430978047135,5,0
2522,오목교(목동운동장앞),0.0922756438097296,0,0
2513,김포공항,0.10098213293846045,4,0
315,무악재,0.10283620789404682,4,1
2529,마포,0.10429228974881292,0,5
2759,삼산체육관,0.10464798494607844,5,2
2820,장지,0.10576640778553259,1,0
2817,송파,0.10705112085777993,0,0
4710,정릉,0.11101475179942777,4,1
2754,부천종합운동장,0.11658470365086898,5,3
427,숙대입구(갈월),0.12148561809496525,3,4
2555,둔촌동,0.12812297900190656,0,0
2819,문정,0.13557602287517354,0,3
2757,부천시청,0.13855988092031224,1,0
2723,면목,0.13981166843430784,0,0
2543,답십리,0.1408227282061164,0,0
2648,봉화산(서울의료원),0.14643630860365373,4,1
215,잠실나루,0.1523586741753346,0,5
324,금호,0.15271630591712043,3,4
2751,천왕,0.1622203032318521,4,1
221,역삼,0.16734613661514378,2,0
2559,개롱,0.1723333997302578,0,0
2549,강동,0.1739564108941484,0,0
2632,한강진,0.1747756197175796,0,4
2815,잠실(송파구청),0.19303463140561505,2,3
2643,상월곡(한국과학기술연구원),0.21105121559077628,3,0
2512,개화산,0.21758916325905464,3,3
2731,청담,0.22122503852103526,0,5
2647,화랑대(서울여대입구),0.22905658891768438,0,0
4119,흑석(중앙대입구),0.23392890844690573,4,5
434,남태령,0.23657699165542326,4,1
213,구의(광진구청),0.24028901860536636,0,5
4104,신방화,0.2407019447991028,3,4
4132,석촌고분,0.2531330195132303,0,0
2753,까치울,0.2596565477769118,5,1
2712,도봉산,0.2696888473070238,3,4
2727,군자(능동),0.272332784626155,3,0
2550,길동,0.2763959447048614,0,3
2747,남구로,0.27691663491222185,0,0
2624,상수,0.2821014052045863,0,5
2741,상도,0.2840004315880781,3,4
2752,온수(성공회대입구),0.2890073363676022,3,2
2714,마들,0.30431569987107576,0,4
327,신사,0.3053762670071142,2,4
333,매봉,0.3063585751347665,0,0
4131,삼전,0.31416976849752354,5,0
2544,장한평,0.3183488214176786,0,0
4136,올림픽공원(한국체대),0.3257001057695982,5,3
4707,삼양사거리,0.3392735595023274,3,0
2638,창신,0.3450700442184628,3,4
2612,역촌,0.3599472841554591,3,0
2720,먹골,0.3649641267677266,3,0
2528,여의나루,0.37054169295014694,0,5
2539,신금호,0.38768927353348526,3,4
217,잠실새내,0.3928864813563713,0,5
312,불광,0.39864042471234284,3,3
2756,신중동,0.4169661642599668,5,0
4711,성신여대입구(돈암),0.4324546770230665,3,4
2745,신풍,0.4340195527555735,0,4
214,강변(동서울터미널),0.44516649572897804,0,5
244,용답,0.45264400945353384,3,4
211,성수,0.45802320817382264,2,0
316,독립문,0.48070644148561964,3,1
2622,망원,0.4970799181351462,0,5
2515,마곡,0.504308357217174,0,2
4129,봉은사,0.5111287483257424,0,5
4706,삼양,0.5112762867710777,3,1
209,한양대,0.5143589797177673,3,4
2548,천호(풍납토성),0.5327623379783238,0,5
341,경찰병원,0.5642131786105324,0,3
2633,버티고개,0.5772472674330018,3,4
216,잠실(송파구청),0.5964797505047406,2,0
326,압구정,0.639783533819776,2,5
2557,방이,0.6565101733110688,0,3
