station_id,nearest_station,nearest_line,cluster,quad_mobility_subway_label,quad_hidden_visual_label,quad_temporal_visual_label,quad_signature,axis_mobility_demand_score,axis_observed_subway_score,axis_hidden_gap_score,axis_visual_morphology_score,axis_temporal_dynamics_score,surrounding_total_flow,subway_total_activity,mobility_minus_subway_gap,outer_1km_plus_share
2519,까치산,5호선,0,Observed Core Demand,Behavioral Hidden Demand,Dynamic Behavioral Area,M+S+H+V-T+,0.956395573320638,0.32187488809927217,0.7948130384743927,0.5747395919767537,1.0,368935521.44,261857667,0.6781251119007279,0.1831055203801684
2824,단대오거리,8호선,1,Hidden Transit Demand,Behavioral Hidden Demand,Dynamic Behavioral Area,M+S-H+V-T+,0.796494601645585,0.11391769839729314,0.9602055102487025,0.20836575145496802,0.7660305664580683,269839175.43,92678671,0.6170014051339521,0.4435378622814079
2561,마천,5호선,1,Hidden Transit Demand,Behavioral Hidden Demand,Dynamic Behavioral Area,M+S-H+V-T+,1.0,0.07346211589568688,1.0,0.0906336817226091,0.6678655640485258,253468351.25,59766922,0.6130045307725955,0.4984772738170403
249,신정네거리,2호선,4,Hidden Transit Demand,Behavioral Hidden Demand,Dynamic Behavioral Area,M+S-H+V-T+,0.6826106985422558,0.10499493233789715,0.8555770440508486,0.47430596928849567,0.6555475949002469,239125569.46,85419751,0.5425260948670856,0.3603671281770421
2716,중계,7호선,1,Observed Core Demand,Behavioral Hidden Demand,Dynamic Behavioral Area,M+S+H+V-T+,0.6088980757302447,0.16082899971787942,0.6804715992459499,0.36298431302322065,0.6461775747987072,243142201.45,130842328,0.4975985742990838,0.1636961299298954
2611,응암,6호선,1,Observed Core Demand,Behavioral Hidden Demand,Dynamic Behavioral Area,M+S+H+V-T+,0.6416749524706503,0.1957095694151015,0.6759957286763615,0.3786653759455084,0.6476921191817634,240498375.91,159218648,0.4555391027043245,0.188167652312692
314,홍제,3호선,1,Observed Core Demand,Behavioral Hidden Demand,Dynamic Behavioral Area,M+S+H+V-T+,0.7310533883548023,0.19951884212781432,0.7957632028833866,0.0,0.6382292985437796,238227911.64,162317598,0.4455647332370832,0.3520344215027683
2560,거여,5호선,2,Hidden Transit Demand,Behavioral Hidden Demand,Dynamic Behavioral Area,M+S-H+V-T+,0.5553094214701543,0.10119025196867319,0.926384215990945,0.49294016370534754,0.5665761798910853,209602046.57,82324537,0.4661641865978613,0.5080543103592082
4107,가양,9호선,2,Observed Core Demand,Behavioral Hidden Demand,Dynamic Behavioral Area,M+S+H+V-T+,0.5781996219534808,0.12134400704589396,0.6620157293775285,0.5512512189958847,0.5717801260123194,212046872.73,98720181,0.4526489811880185,0.1719634998646272
2823,남한산성입구(성남법원.검찰청),8호선,1,Observed Core Demand,Behavioral Hidden Demand,Dynamic Behavioral Area,M+S+H+V-T+,0.8159171226252417,0.13425253759275357,0.832876990670097,0.015603159434820659,0.5644292487178295,214095899.07,109221632,0.4453042667318112,0.4007729411572984
2820,장지,8호선,3,Observed Core Demand,Behavioral Hidden Demand,Dynamic Behavioral Area,M+S+H+V-T+,0.5886593998600202,0.19034576753478344,0.7106083964362883,0.5749078349770453,0.6159393274703231,224103669.77,154855045,0.41638559992996,0.2616778461066073
213,구의(광진구청),2호선,2,Observed Core Demand,Morphology-Supported Hidden Demand,Dynamic Dense Urban Area,M+S+H+V+T+,0.6339412897958334,0.28383523720327475,0.5453437550713273,0.6917797945866833,0.6907832937949683,253085011.18,230911346,0.4015905084243417,0.0561534128541985
2750,광명사거리,7호선,1,Observed Core Demand,Behavioral Hidden Demand,Dynamic Behavioral Area,M+S+H+V-T+,0.8112481048629052,0.2334744872953647,0.707617055297124,0.087040967132076,0.6316233097782931,235605602.13,189941466,0.4044886096444441,0.2663429347294357
2749,철산,7호선,1,Observed Core Demand,Behavioral Hidden Demand,Dynamic Behavioral Area,M+S+H+V-T+,0.7202523865761594,0.2269933913534386,0.6658177875827812,0.20778770399281302,0.6109447474466719,228846966.66,184668913,0.3926176697707448,0.2202223258430845
2757,부천시청,7호선,0,Hidden Transit Demand,Morphology-Supported Hidden Demand,Dynamic Dense Urban Area,M+S-H+V+T+,0.5224895335679764,0.0692149270924231,0.8582106103542266,0.7432958316429825,0.5256877342459401,189524526.42,56311715,0.443622091424271,0.4351262478675028
248,양천구청,2호선,4,Hidden Transit Demand,Behavioral Hidden Demand,Dynamic Behavioral Area,M+S-H+V-T+,0.5051411534464841,0.07360253515651288,0.6134716142303698,0.5531649569590498,0.5147056384368025,187174444.5,59881157,0.4328531971143211,0.122733712453999
4709,북한산보국문,우이신설선,1,Hidden Transit Demand,Behavioral Hidden Demand,Dynamic Behavioral Area,M+S-H+V-T+,0.6163835073934979,0.03683042391963309,0.6600305849767922,0.03336908351298285,0.45048588432290465,173775205.82999998,29966015,0.4332417352075597,0.1833600673226721
410,상계,4호선,1,Observed Core Demand,Behavioral Hidden Demand,Dynamic Behavioral Area,M+S+H+V-T+,0.568384388490399,0.21976421544100835,0.6602732379631254,0.09506476932520937,0.551636119858983,208836382.0,178787776,0.3455111786684361,0.2469349627499292
211,성수,2호선,0,Observed Core Demand,Morphology-Supported Hidden Demand,Dynamic Dense Urban Area,M+S+H+V+T+,0.6641632204550979,0.40429892297855363,0.48311982373456364,0.7739394120443798,0.756056475183361,271949529.45,328911927,0.3323505225323114,0.0246796342452726
2518,화곡,5호선,4,Observed Core Demand,Behavioral Hidden Demand,Dynamic Behavioral Area,M+S+H+V-T+,0.6690332339926919,0.32757551428190124,0.6694406250604641,0.39056489304115793,0.656418156980607,240640177.86,266495286,0.3240581992377714,0.2743958685835722
2626,대흥(서강대앞),6호선,4,Hidden Transit Demand,Behavioral Hidden Demand,Dynamic Behavioral Area,M+S-H+V-T+,0.4146108476358902,0.10313158405045032,0.48998900075108637,0.6593414910122521,0.497168386068447,178231405.17,83903865,0.3790406994660885,0.0
310,구파발,3호선,1,Observed Core Demand,Behavioral Hidden Demand,Dynamic Behavioral Area,M+S+H+V-T+,0.6834541379222974,0.21974646067405101,0.6916873086271789,0.1132778066736818,0.5233961975357148,203777136.62,178773332,0.331791330212683,0.2979221372278403
2517,우장산,5호선,1,Observed Core Demand,Behavioral Hidden Demand,Dynamic Behavioral Area,M+S+H+V-T+,0.5141715765643367,0.16879373482705107,0.6363181954291813,0.3978676367788937,0.5230927127434399,190743877.69,137321863,0.3473542446488776,0.2142690442543241
333,매봉,3호선,0,Observed Core Demand,Morphology-Supported Hidden Demand,Dynamic Dense Urban Area,M+S+H+V+T+,0.4640551148043065,0.12205779686276734,0.5201280854535179,0.712170818320654,0.51248129027583,179798030.38,99300869,0.3643684166210259,0.0500060366679084
2544,장한평,5호선,0,Observed Core Demand,Morphology-Supported Hidden Demand,Dynamic Dense Urban Area,M+S+H+V+T+,0.527192986299711,0.21245681234987662,0.6660326868774452,0.7527570783957285,0.5561547237185791,200298569.81,172842999,0.3296354650204781,0.2659162996047555
413,쌍문,4호선,0,Observed Core Demand,Behavioral Hidden Demand,Dynamic Behavioral Area,M+S+H+V-T+,0.6332701925776242,0.3479715560422194,0.5617615087143664,0.5327623588625573,0.6529211675667317,239649333.77,283088037,0.3009716726439251,0.1501808997497218
4109,등촌,9호선,2,Hidden Transit Demand,Behavioral Hidden Demand,Dynamic Behavioral Area,M+S-H+V-T+,0.45438076511251246,0.06325993596997252,0.5413572874208437,0.3568530453747044,0.4678220291288519,166628277.6,51467163,0.3874058380324631,0.0611662331676169
2739,남성,7호선,4,Observed Core Demand,Behavioral Hidden Demand,Dynamic Behavioral Area,M+S+H+V-T+,0.4569702888466328,0.1262277000652505,0.4778713430864075,0.39079459671524075,0.48441647629700013,178544655.85,102693202,0.3567951675261577,0.0001881604343746
2826,수진,8호선,1,Hidden Transit Demand,Behavioral Hidden Demand,Dynamic Behavioral Area,M+S-H+V-T+,0.45536879126673435,0.049822419326030896,0.6603301929780618,0.3678429005012098,0.4481755671451558,163953600.81,40535367,0.3935806809513338,0.2123493109513731
221,역삼,2호선,0,Observed Core Demand,Morphology-Supported Hidden Demand,Dynamic Dense Urban Area,M+S+H+V+T+,0.7380581461834552,0.5206215822465419,0.4743271330760052,0.7787598271006075,0.921787078225768,321518950.32,423543667,0.3506260068103084,0.0
2553,고덕,5호선,2,Hidden Transit Demand,Behavioral Hidden Demand,Dynamic Behavioral Area,M+S-H+V-T+,0.4896568229954239,0.11790859854083179,0.5261375294005517,0.4469106449449504,0.4674039206640183,174606434.02,95925380,0.3544206329764241,0.0650401166700374
4129,봉은사,9호선(연장),2,Observed Core Demand,Morphology-Supported Hidden Demand,Dynamic Dense Urban Area,M+S+H+V+T+,0.42392420539826936,0.1662446129681263,0.4630500864194174,0.7653228950883221,0.4914401946399806,183475247.15,135248081,0.3301665174659014,0.0
2516,발산,5호선,0,Observed Core Demand,Morphology-Supported Hidden Demand,Dynamic Dense Urban Area,M+S+H+V+T+,0.46582756510997775,0.21064324477083732,0.45971508570715414,0.681110342525778,0.5271906533678767,191438578.78,171367611,0.3073910887393377,0.0120593448024551
2617,새절(신사),6호선,1,Observed Core Demand,Behavioral Hidden Demand,Dynamic Behavioral Area,M+S+H+V-T+,0.4781791084652911,0.14256997844906374,0.5706332350046802,0.1701034097652039,0.47567423296806566,175682743.69,115988103,0.3326818065481394,0.1389221659872632
2522,오목교(목동운동장앞),5호선,0,Observed Core Demand,Behavioral Hidden Demand,Dynamic Behavioral Area,M+S+H+V-T+,0.5047130424945018,0.26746243989437035,0.45077515135441126,0.6600511647270827,0.5532357249814158,204464706.26,217591617,0.2859423406702397,0.0158299554930727
424,명동,4호선,4,Observed Core Demand,Behavioral Hidden Demand,Dynamic Behavioral Area,M+S+H+V-T+,0.5049797337836417,0.3306774075287295,0.46282550240029596,0.4547211089390785,0.5903910686715195,223023993.25,269018763,0.273122264292377,0.0408375440564845
2554,상일동,5호선,2,Observed Core Demand,Behavioral Hidden Demand,Dynamic Behavioral Area,M+S+H+V-T+,0.5490515133475466,0.16479736099358852,0.5947496888198981,0.45703337275025724,0.49173966485459386,178306575.92000002,134070701,0.3175790371408212,0.1813600467798159
2525,영등포시장,5호선,0,Observed Core Demand,Morphology-Supported Hidden Demand,Dynamic Dense Urban Area,M+S+H+V+T+,0.3922994588159861,0.12280536548024912,0.4657437757962513,0.844853905199207,0.4769943858987635,169277354.28,99909037,0.3350535690832928,0.0
326,압구정,3호선,2,Observed Core Demand,Morphology-Supported Hidden Demand,Dynamic Dense Urban Area,M+S+H+V+T+,0.5623125374842092,0.3532800936904941,0.42643609307999214,0.7329605750597846,0.6066786453380616,227892489.42,287406681,0.2637392311917464,0.0
416,미아사거리,4호선,1,Observed Core Demand,Behavioral Hidden Demand,Dynamic Behavioral Area,M+S+H+V-T+,0.5635129850619831,0.33130418497447234,0.43964281347442313,0.29744867034263545,0.5760546825319821,215883702.2,269528664,0.2531071239640315,0.0249426838854721
2819,문정,8호선,3,Observed Core Demand,Behavioral Hidden Demand,Dynamic Behavioral Area,M+S+H+V-T+,0.44447547537465726,0.20229245288038933,0.45507103227105183,0.6446513608788302,0.5285599106598657,179469453.45000002,164574008,0.2832415604523063,0.0233970256178991
341,경찰병원,3호선,3,Hidden Transit Demand,Morphology-Supported Hidden Demand,Dynamic Dense Urban Area,M+S-H+V+T+,0.3648852441073111,0.0802146468721961,0.4674190094791486,0.7103529130794035,0.43598071157527823,154711473.7,65260295,0.3380928777541145,0.0
2815,잠실(송파구청),8호선,3,Observed Core Demand,Morphology-Supported Hidden Demand,Dynamic Dense Urban Area,M+S+H+V+T+,0.3773863020887018,0.18639885727251745,0.43786285855011997,0.8768231398604881,0.4641747610974438,174068740.20000002,151644123,0.2844703493201392,0.0
2740,숭실대입구(살피재),7호선,1,Observed Core Demand,Behavioral Hidden Demand,Dynamic Behavioral Area,M+S+H+V-T+,0.4509783777630759,0.1568252887060751,0.44047969002154896,0.31473661595214714,0.4506978626030485,164704799.93,127585197,0.2886175773222462,0.0004329020163972
231,신대방,2호선,4,Observed Core Demand,Behavioral Hidden Demand,Dynamic Behavioral Area,M+S+H+V-T+,0.5078685161062717,0.2892305844023706,0.5203846429908221,0.4811701021171395,0.5402579013237566,195200972.85,235300612,0.2390199519244265,0.140723235027668
331,남부터미널(예술의전당),3호선,1,Observed Core Demand,Behavioral Hidden Demand,Dynamic Behavioral Area,M+S+H+V-T+,0.5424301249725723,0.33973130859564016,0.4175361146469276,0.4043054167066372,0.5761306895134451,209156551.59,276384365,0.2264134568253413,0.015270891376432
4114,국회의사당,9호선,2,Hidden Transit Demand,Morphology-Supported Hidden Demand,Dynamic Dense Urban Area,M+S-H+V+T+,0.38233076883752853,0.09021106743791635,0.45626009791826483,0.7522409273691839,0.4361981689853884,150937096.54,73392663,0.3178477161326796,0.0
2616,구산,6호선,1,Hidden Transit Demand,Behavioral Hidden Demand,Dynamic Behavioral Area,M+S-H+V-T+,0.442254080264904,0.07840413880679267,0.5804275902786599,0.09985679015200649,0.40195958471293586,148916787.91,63787396,0.3241688072007402,0.1578729688570006
2551,굽은다리(강동구민회관앞),5호선,0,Hidden Transit Demand,Behavioral Hidden Demand,Dynamic Behavioral Area,M+S-H+V-T+,0.3892215422936924,0.11573000357355863,0.46490159275970383,0.5556386608321184,0.4229400602413795,155152599.10999998,94153032,0.3037753293025735,0.0214512339405952
2546,아차산(어린이대공원후문),5호선,1,Observed Core Demand,Behavioral Hidden Demand,Dynamic Behavioral Area,M+S+H+V-T+,0.459299334383057,0.17879928230669118,0.4376953424764118,0.18664426047574306,0.4573472067971538,166789824.09,145461656,0.2723051463596229,0.0085524917828936
2618,증산(명지대앞),6호선,1,Hidden Transit Demand,Behavioral Hidden Demand,Dynamic Behavioral Area,M+S-H+V-T+,0.41690555329414747,0.1131617440819311,0.6657858301175327,0.29251189475274897,0.4178547037290954,153862445.64000002,92063681,0.302840375343174,0.2849137724781065
318,안국,3호선,1,Observed Core Demand,Behavioral Hidden Demand,Dynamic Behavioral Area,M+S+H+V-T+,0.47954538464607827,0.2576360122490044,0.46141071849940096,0.2105423421905686,0.47463487056376086,183576844.96,209597543,0.2390509914224815,0.0635536211690649
2550,길동,5호선,3,Hidden Transit Demand,Behavioral Hidden Demand,Dynamic Behavioral Area,M+S-H+V-T+,0.36057885020419445,0.09833227042584498,0.45202403766131466,0.6770126539559163,0.4162277932647817,151097624.98,79999489,0.3101624034503287,0.0
327,신사,3호선,0,Observed Core Demand,Morphology-Supported Hidden Demand,Dynamic Dense Urban Area,M+S+H+V+T+,0.4726647891267664,0.330885748238115,0.4007862173452654,0.6944077696704352,0.5497420712973549,202507190.72,269188254,0.2172036997480206,0.0
154,종로5가,1호선,5,Observed Core Demand,Morphology-Supported Hidden Demand,Dynamic Dense Urban Area,M+S+H+V+T+,0.375093407968562,0.1850538107541,0.42654421549431043,0.8103463387007546,0.45847045119354146,166010835.2,150549890,0.2639353933121137,0.0
2528,여의나루,5호선,2,Observed Core Demand,Behavioral Hidden Demand,Dynamic Behavioral Area,M+S+H+V-T+,0.4107983898945878,0.13560689909483226,0.4494154298748174,0.6577836951476502,0.42639555578821886,156345624.33,110323443,0.2871379103980769,0.0131891677738775
225,방배,2호선,4,Observed Core Demand,Behavioral Hidden Demand,Dynamic Behavioral Area,M+S+H+V-T+,0.4633482523224799,0.20693833355559366,0.4226669060685787,0.3575627918652178,0.4725140366860852,170169907.48999998,168353562,0.2533441920641576,0.0025645722938742
2747,남구로,7호선,0,Observed Core Demand,Behavioral Hidden Demand,Dynamic Behavioral Area,M+S+H+V-T+,0.39662176902006296,0.1437484148440438,0.4361619339671566,0.6412768911341571,0.4539475804706198,157225083.44,116946794,0.2813844306890896,0.0
417,길음,4호선,4,Observed Core Demand,Behavioral Hidden Demand,Dynamic Behavioral Area,M+S+H+V-T+,0.4496865895488457,0.2555356936289926,0.40689073408622267,0.519633564740694,0.4871131796882035,178836222.14,207888875,0.2282788774091335,0.0
2825,신흥,8호선,1,Hidden Transit Demand,Behavioral Hidden Demand,Dynamic Behavioral Area,M+S-H+V-T+,0.4074120230443081,0.049173480381155224,0.5742608743183802,0.34785737461292415,0.3768928452018217,139196890.49,40007437,0.327006578131878,0.1477597740696484
2728,어린이대공원(세종대),7호선,0,Observed Core Demand,Behavioral Hidden Demand,Dynamic Behavioral Area,M+S+H+V-T+,0.3998718378836126,0.16365630868386696,0.42649153722434374,0.6049810830889366,0.42392696478892117,158095427.09,133142423,0.2638398212589081,0.0
317,경복궁(정부서울청사),3호선,1,Observed Core Demand,Behavioral Hidden Demand,Dynamic Behavioral Area,M+S+H+V-T+,0.5004034158868548,0.25372852287958814,0.5136854733375746,0.24211817344206943,0.4632673989060351,175745775.44,206418691,0.2216944151467518,0.1444521099095615
4110,염창,9호선,2,Hidden Transit Demand,Behavioral Hidden Demand,Dynamic Behavioral Area,M+S-H+V-T+,0.3971750459902583,0.10385677359792204,0.5872450947635376,0.49420576329475774,0.40345171521688916,146291421.26,84493827,0.2915873927907348,0.1902839315541694
313,녹번,3호선,1,Observed Core Demand,Behavioral Hidden Demand,Dynamic Behavioral Area,M+S+H+V-T+,0.5107756414624636,0.15580752164329018,0.6342164664409409,0.006521093439113281,0.4243199070822295,155135963.88,126757215,0.2636526408226141,0.2718720703126236
4132,석촌고분,9호선(연장),0,Hidden Transit Demand,Morphology-Supported Hidden Demand,Dynamic Dense Urban Area,M+S-H+V+T+,0.35316204858338174,0.05132027804078144,0.4572299539667236,0.7586399433937067,0.3824076467935427,137262517.05,41753917,0.3196072867093837,0.0
2717,하계,7호선,1,Observed Core Demand,Behavioral Hidden Demand,Dynamic Behavioral Area,M+S+H+V-T+,0.44526494563539054,0.20919015894667484,0.4360326183795468,0.17920778729642317,0.43774824578770666,164332297.23,170185485,0.2352412332535103,0.0331020448913126
2622,망원,6호선,2,Observed Core Demand,Behavioral Hidden Demand,Dynamic Behavioral Area,M+S+H+V-T+,0.3952726797300586,0.17312006780265732,0.44482981820544953,0.6770380160306654,0.42244726767388346,157131800.04999998,140841456,0.2517594810226004,0.0326998154947948
2813,강동구청,8호선,2,Observed Core Demand,Behavioral Hidden Demand,Dynamic Behavioral Area,M+S+H+V-T+,0.39553265634403784,0.12222993967840053,0.4404152728188489,0.670193600603771,0.4106693743405561,147096886.68,99440912,0.2754013442581255,0.0098781009088315
428,삼각지,4호선,3,Hidden Transit Demand,Morphology-Supported Hidden Demand,Dynamic Dense Urban Area,M+S-H+V+T+,0.3039548733088254,0.06411989899838691,0.449502321730577,0.706981644696041,0.383555416987353,136813104.95999998,52166767,0.3055873562960804,0.0
2624,상수,6호선,2,Observed Core Demand,Behavioral Hidden Demand,Dynamic Behavioral Area,M+S+H+V-T+,0.35457518030938806,0.12238327429068185,0.438437383072248,0.6636828774612956,0.3601514825455641,145193537.22,99565654,0.2700797567322762,0.0111277990806979
2534,광화문(세종문화회관),5호선,5,Observed Core Demand,Morphology-Supported Hidden Demand,Dynamic Dense Urban Area,M+S+H+V+T+,0.44339759276900786,0.3793205509066211,0.3757719972173766,0.7843446682536139,0.5950487484057614,203631362.42,308591322,0.1718214125455266,0.0
2725,용마산,7호선,1,Hidden Transit Demand,Behavioral Hidden Demand,Dynamic Behavioral Area,M+S-H+V-T+,0.3838548565777046,0.06879528941399174,0.7566801723407,0.20781342302123942,0.3634161496826315,135937264.54,55970328,0.2985337558367532,0.406923223276448
412,창동,4호선,0,Observed Core Demand,Morphology-Supported Hidden Demand,Dynamic Dense Urban Area,M+S+H+V+T+,0.43560538707439933,0.2777878485231775,0.38880328919541407,0.7145226261761259,0.4744745412834264,174946050.07,225991626,0.1954635581788218,0.0
2549,강동,5호선,0,Observed Core Demand,Morphology-Supported Hidden Demand,Dynamic Dense Urban Area,M+S+H+V+T+,0.3814349284041981,0.2215316555356361,0.3988698595254242,0.8141205081162752,0.44769873452801273,160954161.87,180225638,0.2137269293143177,0.0
419,한성대입구(삼선교),4호선,1,Observed Core Demand,Behavioral Hidden Demand,Dynamic Behavioral Area,M+S+H+V-T+,0.4585631553079694,0.1681960922114399,0.599886438322927,0.12040206831848635,0.40342590307178144,150057340.69,136835664,0.2374738495670708,0.2458389798217875
2515,마곡,5호선,3,Hidden Transit Demand,Morphology-Supported Hidden Demand,Dynamic Dense Urban Area,M+S-H+V+T+,0.35876716482017545,0.09753928849728329,0.5027270174136814,0.7582181273418386,0.3843152411358851,137164328.92,79354376,0.2731216614773952,0.0930354796358376
2729,건대입구,7호선,0,Observed Core Demand,Morphology-Supported Hidden Demand,Dynamic Dense Urban Area,M+S+H+V+T+,0.33749054795386085,0.16790451773474738,0.40930488612054844,0.8561076596185927,0.39239668274494705,148176678.8,136598460,0.2326587757394479,0.0
338,일원,3호선,1,Hidden Transit Demand,Behavioral Hidden Demand,Dynamic Behavioral Area,M+S-H+V-T+,0.49006122480537495,0.10517860886845422,0.7151973392619042,0.23699311830867048,0.3687780155239372,137677827.02,85569177,0.266876666272049,0.3754832174427792
4111,신목동,9호선,2,Hidden Transit Demand,Behavioral Hidden Demand,Dynamic Behavioral Area,M+S-H+V-T+,0.348371421712541,0.022950877005896087,0.6229169711828518,0.6349969193021249,0.33766623441068744,125987174.22,18674615,0.3173602273110782,0.2183650842264283
415,미아(서울사이버대학),4호선,1,Observed Core Demand,Behavioral Hidden Demand,Dynamic Behavioral Area,M+S+H+V-T+,0.4079429334609293,0.18126847452553008,0.5754632694927234,0.3117552863960929,0.4145341412464912,149639325.46,147470413,0.2232664111449114,0.2241337751082374
202,을지로입구,2호선,0,Observed Core Demand,Morphology-Supported Hidden Demand,Dynamic Dense Urban Area,M+S+H+V+T+,0.5389963515322589,0.5134405042485588,0.37284265655225574,0.866851364288387,0.7174314101033331,251067436.83,417701659,0.1665068283330752,0.0
2642,월곡(동덕여대),6호선,4,Observed Core Demand,Behavioral Hidden Demand,Dynamic Behavioral Area,M+S+H+V-T+,0.37387164132741424,0.13662755358129366,0.4161293559434972,0.35364467045550346,0.39043336329225536,141217859.31,111153774,0.2450401351392764,0.0
411,노원,4호선,0,Observed Core Demand,Behavioral Hidden Demand,Dynamic Behavioral Area,M+S+H+V-T+,0.3905035956621521,0.26780277729028173,0.44444810554948,0.6756462216470043,0.43689493972879634,165253309.7,217868491,0.1791294827124508,0.0845697963046606
2543,답십리,5호선,0,Observed Core Demand,Behavioral Hidden Demand,Dynamic Behavioral Area,M+S+H+V-T+,0.37168860246932633,0.17662966306001637,0.5295004633138758,0.61639548911011,0.409620114216428,146660977.34,143696610,0.2198179760630624,0.1664936139310743
2756,신중동,7호선,0,Hidden Transit Demand,Morphology-Supported Hidden Demand,Dynamic Dense Urban Area,M+S-H+V+T+,0.3692573591780348,0.07840638703919123,0.7330999316481187,0.7082058740541685,0.39347198273123457,130515006.01,63789225,0.2741993485751872,0.3936226778096595
152,종각,1호선,5,Observed Core Demand,Morphology-Supported Hidden Demand,Dynamic Dense Urban Area,M+S+H+V+T+,0.34630419758928466,0.2576051663529903,0.37929665319674083,0.9099365662917541,0.46283922162584057,161161367.39,209572449,0.1782160532390078,0.0
2733,학동,7호선,0,Observed Core Demand,Morphology-Supported Hidden Demand,Dynamic Dense Urban Area,M+S+H+V+T+,0.3745533365563201,0.23398846100191437,0.3847900665808916,0.8469149860208749,0.4447353681918868,156134300.39,190359598,0.1881825308124421,0.0
2811,암사,8호선,2,Observed Core Demand,Behavioral Hidden Demand,Dynamic Behavioral Area,M+S+H+V-T+,0.41240874543551553,0.20594014541333605,0.4080908262012734,0.26501745600429794,0.4007709260188147,150583863.26,167541508,0.2011594874774215,0.0211241454504837
2521,목동,5호선,0,Observed Core Demand,Morphology-Supported Hidden Demand,Dynamic Dense Urban Area,M+S+H+V+T+,0.40446974385648576,0.20922027100193333,0.5722566992970887,0.7193503174150068,0.41715814596876083,151060745.16,170209982,0.1991742613914635,0.2373105392935161
2529,마포,5호선,2,Observed Core Demand,Behavioral Hidden Demand,Dynamic Behavioral Area,M+S+H+V-T+,0.3553940327458994,0.14932889150463988,0.40599130840060915,0.6102814437565492,0.3836861406076743,139121732.04,121486668,0.2266470857892819,0.0
414,수유(강북구청),4호선,0,Observed Core Demand,Behavioral Hidden Demand,Dynamic Behavioral Area,M+S+H+V-T+,0.5208143240582848,0.4220697680549524,0.40242667860078524,0.4925059136054465,0.5461496200384295,203488513.32,343369007,0.1286843106220707,0.0659722319013107
425,회현(남대문시장),4호선,4,Observed Core Demand,Low Visual / Low Hidden,Dynamic Behavioral Area,M+S+H-V-T+,0.3698315252420367,0.2801979241533098,0.36975194229182196,0.5201349551134988,0.4393449216177892,163083128.9,227952290,0.1608415434440969,4.17679011062928e-05
229,봉천,2호선,4,Observed Core Demand,Low Visual / Low Hidden,Dynamic Behavioral Area,M+S+H-V-T+,0.4011295351825056,0.26233046039840224,0.37166750345854327,0.5649720252388561,0.440710899315039,157804166.3,213416608,0.1643747956359496,0.0
215,잠실나루,2호선,2,Observed Core Demand,Morphology-Supported Hidden Demand,Dynamic Dense Urban Area,M+S+H+V+T+,0.35290789498888286,0.1718474859077284,0.39231451961871716,0.7274220027552494,0.3738673409532316,138266495.53,139806175,0.2018062280932524,1.99103910853276e-05
2718,공릉(서울과학기술대),7호선,4,Observed Core Demand,Behavioral Hidden Demand,Dynamic Behavioral Area,M+S+H+V-T+,0.35281547342211494,0.1412574237442009,0.40776770227061254,0.4253700257150607,0.3645679816117925,133150589.4,114920303,0.2185048334762091,0.0081947151335704
2714,마들,7호선,4,Observed Core Demand,Behavioral Hidden Demand,Dynamic Behavioral Area,M+S+H+V-T+,0.35065516635455146,0.13670478755508644,0.40284245962536025,0.5071714867978788,0.3678311234642218,132368658.65,111216606,0.2209342568965576,0.0
2557,방이,5호선,3,Hidden Transit Demand,Behavioral Hidden Demand,Dynamic Behavioral Area,M+S-H+V-T+,0.3036512518061183,0.08908070683153146,0.4163157125711788,0.6619170039570677,0.34533980026894107,123831956.28,72473083,0.2453782344266534,0.0
4106,양천향교,9호선,2,Hidden Transit Demand,Behavioral Hidden Demand,Dynamic Behavioral Area,M+S-H+V-T+,0.4111154103516545,0.05038819948565336,0.5132936255945206,0.4783698983580875,0.32591914460045246,118123776.11,40995645,0.2685710558689385,0.1101394570038521
2640,안암(고대병원앞),6호선,4,Observed Core Demand,Behavioral Hidden Demand,Dynamic Behavioral Area,M+S+H+V-T+,0.3143926007361606,0.13693554666932994,0.3980745855358947,0.5775983021527779,0.34185521317200446,129267985.31,111404335,0.2122840959014438,0.0
2641,고려대(종암),6호선,4,Hidden Transit Demand,Behavioral Hidden Demand,Dynamic Behavioral Area,M+S-H+V-T+,0.33008118278518567,0.09980824298539784,0.4082891390756227,0.45121555088458304,0.3364466649922315,122419705.0,81200234,0.2308159469851542,0.0
2748,가산디지털단지,7호선,0,Observed Core Demand,Visually Dense but Transit-Captured,Dynamic Dense Urban Area,M+S+H-V+T+,0.3981143985622419,0.3420145944897333,0.35857667785152086,0.7244252415564456,0.5142380691795447,166908127.43,278241882,0.1094110687131117,0.022506314388887
2746,대림(구로구청),7호선,0,Hidden Transit Demand,Morphology-Supported Hidden Demand,Dynamic Dense Urban Area,M+S-H+V+T+,0.2929462382962906,0.08945379171750867,0.411408778684079,0.8169366029416534,0.3304844995397503,120690785.42,72776598,0.23647578286872,0.0
2817,송파,8호선,3,Hidden Transit Demand,Morphology-Supported Hidden Demand,Dynamic Dense Urban Area,M+S-H+V+T+,0.30898649926476834,0.09129092947492008,0.41008430344367425,0.7748707053750655,0.3410777719809928,120482412.71,74271161,0.2340728410442165,0.0
2745,신풍,7호선,4,Observed Core Demand,Morphology-Supported Hidden Demand,Dynamic Dense Urban Area,M+S+H+V+T+,0.3331634301614805,0.12207952199093157,0.3986777777804246,0.7045376641952668,0.3532607458261483,124199873.96,99318543,0.2133784431782975,0.0
420,혜화,4호선,1,Observed Core Demand,Behavioral Hidden Demand,Dynamic Behavioral Area,M+S+H+V-T+,0.45183187321005003,0.4029770852495934,0.37194484032967035,0.198056779428936,0.46536746251122274,181611425.6,327836575,0.0883731242350262,0.0551632418329521
2548,천호(풍납토성),5호선,2,Observed Core Demand,Visually Dense but Transit-Captured,Dynamic Dense Urban Area,M+S+H-V+T+,0.3438917615406876,0.2483591956823583,0.3588048585460903,0.7563078513579299,0.38330730503997246,144064688.28,202050593,0.1410386195482601,0.0
2559,개롱,5호선,3,Hidden Transit Demand,Behavioral Hidden Demand,Dynamic Behavioral Area,M+S-H+V-T+,0.32544988494181565,0.08156692116890969,0.45046706732019287,0.5910292616666892,0.33085652022132567,117179488.02,66360408,0.2348282650144906,0.0522823578044167
4710,정릉,우이신설선,1,Hidden Transit Demand,Behavioral Hidden Demand,Dynamic Behavioral Area,M+S-H+V-T+,0.3080845361478283,0.027065667169657352,0.4856711326937204,0.19394781826448798,0.30555102340268714,109561465.58,22022112,0.2686439499689728,0.0739523019074969
217,잠실새내,2호선,2,Observed Core Demand,Visually Dense but Transit-Captured,Dynamic Dense Urban Area,M+S+H-V+T+,0.3739318560052258,0.2830268716615539,0.3450156183882614,0.7339048929367693,0.39579182507044897,147618715.86,230253718,0.1160213592080486,0.0
2547,광나루(장신대),5호선,2,Observed Core Demand,Behavioral Hidden Demand,Dynamic Behavioral Area,M+S+H+V-T+,0.38503986171231486,0.1631329917217342,0.46938073833494875,0.2728201117463909,0.3345440834077658,125636623.54,132716690,0.1762262461033857,0.119278985838304
2723,면목,7호선,0,Observed Core Demand,Behavioral Hidden Demand,Dynamic Behavioral Area,M+S+H+V-T+,0.3541701872908457,0.17827651972007055,0.4424493887526747,0.5703952053739424,0.35887399509883405,127345932.81,145036374,0.165724084706675,0.0916210209666295
2644,돌곶이,6호선,4,Hidden Transit Demand,Behavioral Hidden Demand,Dynamic Behavioral Area,M+S-H+V-T+,0.3239769876898207,0.10744225438132032,0.5549579114662829,0.41982681476469424,0.32733141683821987,116805409.42,87410716,0.20793717885971,0.2083625485399202
2533,서대문,5호선,4,Observed Core Demand,Low Visual / Low Hidden,Dynamic Behavioral Area,M+S+H-V-T+,0.3102424049818031,0.1949630788182942,0.36549679724932893,0.580974195151309,0.3823398694750145,128871339.53,158611357,0.1531795331013981,0.0
2631,이태원,6호선,4,Observed Core Demand,Behavioral Hidden Demand,Dynamic Behavioral Area,M+S+H+V-T+,0.3115628877950873,0.1615311980467711,0.37551090980033647,0.5129183617108297,0.32462082013528903,123250074.33,131413586,0.1713477322115209,0.0
335,대치,3호선,3,Observed Core Demand,Morphology-Supported Hidden Demand,Dynamic Dense Urban Area,M+S+H+V+T+,0.27614264427886775,0.13491575017055008,0.3839606576110465,0.8808620218246638,0.3310066772423357,119093914.8,109761174,0.1866777676862926,0.0
4138,중앙보훈병원,9호선(연장),1,Hidden Transit Demand,Behavioral Hidden Demand,Dynamic Behavioral Area,M+S-H+V-T+,0.4999438511660401,0.07358522905266406,0.8265350949151173,0.13663128460720267,0.2990150687719091,111209893.78,59867078,0.2266004414994352,0.5501715076811217
2632,한강진,6호선,1,Hidden Transit Demand,Behavioral Hidden Demand,Dynamic Behavioral Area,M+S-H+V-T+,0.3166665830450968,0.10909194315042117,0.3995515678087392,0.23124599596740628,0.3066592558719955,115464183.94,88752784,0.2026455984462016,0.0088818938046876
232,구로디지털단지,2호선,0,Observed Core Demand,Behavioral Hidden Demand,Dynamic Behavioral Area,M+S+H+V-T+,0.721419817784511,0.6482028915349057,0.40692367064849344,0.5716858035771865,0.8333528855554645,290029165.87,527334634,0.1375390278319765,0.0654703815495271
2539,신금호,5호선,4,Hidden Transit Demand,Behavioral Hidden Demand,Dynamic Behavioral Area,M+S-H+V-T+,0.26815079175431084,0.0745367500855659,0.4044191376129708,0.510868150829505,0.31498959023288875,110527048.83,60641167,0.2237947599581669,0.0
432,총신대입구(이수),4호선,4,Observed Core Demand,Low Visual / Low Hidden,Dynamic Behavioral Area,M+S+H-V-T+,0.3151732481676416,0.2148628610749582,0.35566666024392696,0.6463523819655079,0.36414092142470533,129631965.36,174800387,0.1353451133778091,0.0
4128,삼성중앙,9호선(연장),0,Hidden Transit Demand,Morphology-Supported Hidden Demand,Dynamic Dense Urban Area,M+S-H+V+T+,0.25651160164062997,0.06082990282140223,0.4084732048326894,0.8616970126649334,0.3135957135638659,108187856.52,49490263,0.2311498900386909,0.0
2621,마포구청,6호선,2,Observed Core Demand,Behavioral Hidden Demand,Dynamic Behavioral Area,M+S+H+V-T+,0.3222350549247425,0.15610086372970888,0.38229998191422493,0.6123726003837809,0.3288273911839691,119860594.55,126995857,0.1675744551494806,0.0116018749549912
227,낙성대,2호선,1,Observed Core Demand,Low Visual / Low Hidden,Dynamic Behavioral Area,M+S+H-V-T+,0.42317220140166784,0.3241584849845063,0.3596924976130726,0.28796885058565785,0.4133134314549643,149104979.81,263715437,0.0789254672023567,0.0459474001386808
2821,복정,8호선,1,Hidden Transit Demand,Behavioral Hidden Demand,Dynamic Behavioral Area,M+S-H+V-T+,0.360718188341118,0.07161268968595803,0.7549042546475948,0.36941346389142565,0.29462104067582406,108702649.53,58262362,0.2217649444690368,0.4599536235425558
2555,둔촌동,5호선,0,Hidden Transit Demand,Morphology-Supported Hidden Demand,Dynamic Dense Urban Area,M+S-H+V+T+,0.28807940463433895,0.11527298180986881,0.38672686108358323,0.7731827021278393,0.3194068124345756,113708171.79,93781232,0.1916963786927271,0.0
2742,장승배기,7호선,4,Hidden Transit Demand,Behavioral Hidden Demand,Dynamic Behavioral Area,M+S-H+V-T+,0.2922009480524501,0.11304100576639406,0.3862391382821484,0.6151851650671539,0.3220033770967131,112560313.86,91965457,0.1908115229532015,0.0
228,서울대입구(관악구청),2호선,4,Observed Core Demand,Low Visual / Low Hidden,Dynamic Behavioral Area,M+S+H-V-T+,0.5532568426676316,0.5610823188424332,0.3097856445164663,0.5193524928705554,0.6169044462497189,226481265.15,456459609,0.0521050434399781,0.0
2726,중곡,7호선,1,Hidden Transit Demand,Behavioral Hidden Demand,Dynamic Behavioral Area,M+S-H+V-T+,0.3211814900057794,0.1138107604672885,0.4539818592316504,0.3900692547753509,0.3105071704008542,112011496.63,92591674,0.1885515394175224,0.0902477519195343
2724,사가정,7호선,1,Observed Core Demand,Behavioral Hidden Demand,Dynamic Behavioral Area,M+S+H+V-T+,0.3737599186399918,0.18515596212480442,0.4001836095263551,0.28568638276500147,0.3239321490850118,119710464.12,150632993,0.1381117006467868,0.0562403926798842
4119,흑석(중앙대입구),9호선,2,Hidden Transit Demand,Behavioral Hidden Demand,Stable Low-Intensity Area,M+S-H+V-T-,0.2798939741722104,0.058450745610909814,0.42385993209515943,0.5155163843363251,0.27055909148554846,102904220.32,47554752,0.2191821452436614,0.0287575296795174
4704,가오리,우이신설선,1,Hidden Transit Demand,Behavioral Hidden Demand,Stable Low-Intensity Area,M+S-H+V-T-,0.2814115498328685,0.024535476435484004,0.4300056148595125,0.27042989168741793,0.2667901227589774,98729262.22,19963731,0.2417609573901456,0.0205167710611096
4124,사평,9호선,3,Low Demand / Peripheral,Morphology-Supported Hidden Demand,Dynamic Dense Urban Area,M-S-H+V+T+,0.23142299464855995,0.020729298883612978,0.4151642390762559,0.839999154132755,0.2804573991426467,97890337.08,16867299,0.2432891626672509,0.0
2552,명일,5호선,0,Hidden Transit Demand,Morphology-Supported Hidden Demand,Dynamic Dense Urban Area,M+S-H+V+T+,0.26268197409129246,0.10645365410823102,0.3806133293066328,0.6949612748666872,0.30185522669382614,106375456.63,86606462,0.1806048454166683,0.0
4131,삼전,9호선(연장),0,Low Demand / Peripheral,Morphology-Supported Hidden Demand,Dynamic Dense Urban Area,M-S-H+V+T+,0.25262599891564397,0.05609353970395687,0.3997125319338806,0.7316604895831224,0.2829697189520692,100590115.71,45637099,0.2152557557603419,0.0
2758,상동,7호선,3,Low Demand / Peripheral,Morphology-Supported Hidden Demand,Dynamic Dense Urban Area,M-S-H+V+T+,0.25195411052219224,0.07721278828957132,0.3909539275185389,0.8535406058790512,0.283547596955444,102515787.98,62818199,0.1993653742478315,0.0
2741,상도,7호선,4,Observed Core Demand,Low Visual / Low Hidden,Dynamic Behavioral Area,M+S+H-V-T+,0.28315541890747914,0.12850099244955673,0.37194264605813365,0.4680898125662198,0.3026390571508023,108277828.38,104542589,0.1637231051676797,0.0008298266722219
4118,노들,9호선,2,Hidden Transit Demand,Behavioral Hidden Demand,Stable Low-Intensity Area,M+S-H+V-T-,0.2729449761553519,0.026580559095374313,0.4388130163791555,0.6112068923238692,0.26561112315901025,96622514.7,21627463,0.2339953256470659,0.0376375982481027
4108,증미,9호선,2,Hidden Transit Demand,Behavioral Hidden Demand,Dynamic Behavioral Area,M+S-H+V-T+,0.29332839791705345,0.03943226307920169,0.48513301053281926,0.5801458114973637,0.2735920756372508,97890754.79,32082684,0.2245873326989651,0.1050150499100059
2731,청담,7호선,2,Observed Core Demand,Low Visual / Low Hidden,Dynamic Behavioral Area,M+S+H-V-T+,0.3147435451701118,0.22331307056418367,0.3376043250549559,0.6769350626692457,0.3317368999847165,120675629.21,181674869,0.1025753496633014,0.0
4130,종합운동장,9호선(연장),2,Low Demand / Peripheral,Morphology-Supported Hidden Demand,Stable Dense Urban Area,M-S-H+V+T-,0.24695805011843783,0.05050319737182935,0.3996130983059807,0.7834106478168856,0.2667110249946092,98464883.75,41089199,0.2150753573535209,0.0
2743,신대방삼거리,7호선,4,Observed Core Demand,Behavioral Hidden Demand,Dynamic Behavioral Area,M+S+H+V-T+,0.28615284971993243,0.17512746767828816,0.42268027888994586,0.4895048643626565,0.32478710319046444,112795367.11,142474532,0.129363312013967,0.0919775597687666
2647,화랑대(서울여대입구),6호선,4,Observed Core Demand,Behavioral Hidden Demand,Dynamic Behavioral Area,M+S+H+V-T+,0.29811979860990145,0.12787829230663836,0.39034957549651544,0.37130226744818057,0.29677827876693463,106649946.97,104036005,0.1599255435473296,0.0276472091526629
2615,연신내,6호선,1,Low Demand / Peripheral,Behavioral Hidden Demand,Stable Low-Intensity Area,M-S-H+V-T-,0.24854439254180005,0.0,0.5017710956221917,0.16641940932368118,0.24364323619652642,93006426.98,3434,0.2507569543319379,0.1079108886975974
4134,송파나루,9호선(연장),3,Low Demand / Peripheral,Morphology-Supported Hidden Demand,Dynamic Dense Urban Area,M-S-H+V+T+,0.23100954895190778,0.04315521792669172,0.40014191995192006,0.8335746866006839,0.27285200687953093,96112123.17,35111412,0.2160347770632787,0.0
207,상왕십리,2호선,0,Observed Core Demand,Visually Dense but Transit-Captured,Dynamic Dense Urban Area,M+S+H-V+T+,0.2599934744464063,0.15783006051849496,0.35509769023034565,0.8053442309370991,0.30981696098697137,108247930.54,128402607,0.1343128541095234,0.0
2612,역촌,6호선,0,Low Demand / Peripheral,Morphology-Supported Hidden Demand,Stable Dense Urban Area,M-S-H+V+T-,0.2393826480527126,0.04641965751548684,0.39720850321558576,0.68612220162745,0.27009756455771616,95354378.32,37767125,0.2107127977997916,0.0
2540,행당,5호선,4,Low Demand / Peripheral,Behavioral Hidden Demand,Dynamic Behavioral Area,M-S-H+V-T+,0.24086575589396686,0.09023654535641017,0.3787977672817155,0.5685078566371585,0.28840591293273593,99189997.65,73413390,0.1773109447142884,0.0
240,신촌,2호선,5,Observed Core Demand,Visually Dense but Transit-Captured,Dynamic Dense Urban Area,M+S+H-V+T+,0.3657537031904949,0.4505864252389091,0.2760792023795012,0.8049497907834998,0.42209347452074303,163267181.77,366568106,-0.0090471903619677,0.0
4126,언주,9호선(연장),0,Low Demand / Peripheral,Morphology-Supported Hidden Demand,Dynamic Dense Urban Area,M-S-H+V+T+,0.22974916775812942,0.08984665342746649,0.3782965014351512,0.8195308217914431,0.2849997772205544,98711488.42,73096202,0.1764015183760985,0.0
2523,양평,5호선,3,Low Demand / Peripheral,Morphology-Supported Hidden Demand,Dynamic Dense Urban Area,M-S-H+V+T+,0.2523397130182404,0.07661875095861022,0.3830842080661083,0.7917841356356689,0.2840146590894363,97038861.95,62334933,0.185087660748578,0.0
2737,내방,7호선,4,Observed Core Demand,Low Visual / Low Hidden,Dynamic Behavioral Area,M+S+H-V-T+,0.27918980810972316,0.156373183798369,0.352667581978699,0.6115562279987403,0.3075132509190948,106087718.5,127217397,0.1299040070599037,0.0
4115,여의도,9호선,3,Transit-Dominant / Transfer-Oriented,Visually Dense but Transit-Captured,Dynamic Dense Urban Area,M-S+H-V+T+,0.22318707371047017,0.12677762459353936,0.3633858500027208,0.8711587894489827,0.3197574307968897,102349764.59,103140581,0.1493497269461354,0.0
2730,뚝섬유원지,7호선,2,Hidden Transit Demand,Visually Dense but Transit-Captured,Stable Dense Urban Area,M+S-H-V+T-,0.29751446008470206,0.10450899454416687,0.37152735974651624,0.6984648777691983,0.26892364565410914,99588489.38,85024427,0.1641205385711154,0.0
4123,고속터미널,9호선,2,Transit-Dominant / Transfer-Oriented,Visually Dense but Transit-Captured,Stable Dense Urban Area,M-S+H-V+T-,0.23835125104294572,0.12226201601762453,0.3635563074392049,0.7777952030752372,0.2709742057323086,100800660.32,99467007,0.149658980974395,0.0
4122,신반포,9호선,2,Low Demand / Peripheral,Morphology-Supported Hidden Demand,Stable Dense Urban Area,M-S-H+V+T-,0.23522512423621747,0.02211768502909926,0.4015376482369027,0.695695079907731,0.252326431361245,89297036.8,17996790,0.2185669904028065,0.0
223,교대(법원.검찰청),2호선,0,Observed Core Demand,Visually Dense but Transit-Captured,Dynamic Dense Urban Area,M+S+H-V+T+,0.31963162522738947,0.39490349955343945,0.27090243438848,0.7914500992523639,0.3922641958559964,139301573.28,321268487,-0.0184391910139197,0.0
247,도림천,2호선,3,Low Demand / Peripheral,Morphology-Supported Hidden Demand,Stable Dense Urban Area,M-S-H+V+T-,0.23179828526674134,0.01339408482582314,0.3997986990137064,0.7908448028104071,0.25076132745563856,84922454.67,10899897,0.2154120852059157,0.0
2755,춘의,7호선,0,Low Demand / Peripheral,Morphology-Supported Hidden Demand,Stable Dense Urban Area,M-S-H+V+T-,0.2525460912412698,0.05009418747760687,0.6253389296799781,0.7893010434452602,0.2673873560892967,87380292.53,40756458,0.1853858634929601,0.3166925253826453
235,문래,2호선,3,Observed Core Demand,Visually Dense but Transit-Captured,Dynamic Dense Urban Area,M+S+H-V+T+,0.2618534508670791,0.21872219721529756,0.3181526964382975,0.8988380287587945,0.321190751615905,105988303.36,177940065,0.0672850471104252,0.0
2734,논현,7호선,0,Transit-Dominant / Transfer-Oriented,Visually Dense but Transit-Captured,Dynamic Dense Urban Area,M-S+H-V+T+,0.24113059590731992,0.21269578261361302,0.31867378068515867,0.7819975157320715,0.29985483230445215,104117075.17,173037408,0.0682304291701834,0.0
4113,당산,9호선,3,Low Demand / Peripheral,Visually Dense but Transit-Captured,Dynamic Dense Urban Area,M-S-H-V+T+,0.22125113519138143,0.11395374263929604,0.3554610484525964,0.7061645299109004,0.2745653117827526,92332063.1,92707994,0.1349720802263187,0.0
158,청량리(서울시립대입구),1호선,0,Transit-Dominant / Transfer-Oriented,Visually Dense but Transit-Captured,Stable Dense Urban Area,M-S+H-V+T-,0.23585354200872094,0.18442998710958933,0.32808284882182454,0.877031506935921,0.26787426068338877,99994100.51,150042392,0.085300920686724,0.0
315,무악재,3호선,1,Hidden Transit Demand,Behavioral Hidden Demand,Stable Low-Intensity Area,M+S-H+V-T-,0.2880023547759954,0.046477978802738115,0.6884842183398794,0.06728363121144895,0.2264704962242592,84474111.95,37814571,0.1811107854831757,0.4023790766823207
2537,동대문역사문화공원,5호선,5,Low Demand / Peripheral,Morphology-Supported Hidden Demand,Stable Dense Urban Area,M-S-H+V+T-,0.17941827749309996,0.03473444934188295,0.3855337613581188,0.9508351369615418,0.246547754504202,83250500.50999999,28260881,0.18953178614795,0.0
4112,선유도,9호선,2,Low Demand / Peripheral,Morphology-Supported Hidden Demand,Stable Dense Urban Area,M-S-H+V+T-,0.23286470443189342,0.043052239294968,0.3817292612296067,0.6940112708650711,0.24142680233345057,83771774.48,35027636,0.1826294355405223,0.0
242,아현,2호선,4,Low Demand / Peripheral,Low Visual / Low Hidden,Stable Low-Intensity Area,M-S-H-V-T-,0.22273026384628078,0.11989498992005805,0.34959884259262475,0.5930468675921502,0.2632675371958898,90603253.94,97541365,0.1243365173897717,0.0
4104,신방화,9호선,0,Low Demand / Peripheral,Morphology-Supported Hidden Demand,Stable Dense Urban Area,M-S-H+V+T-,0.21498293837608945,0.03972135946047842,0.38130309211718333,0.7182208444223416,0.24029070113319206,82260342.51,32317872,0.1818562541677692,0.0
233,대림(구로구청),2호선,0,Observed Core Demand,Visually Dense but Transit-Captured,Dynamic Dense Urban Area,M+S+H-V+T+,0.2785053515510377,0.28841877091539114,0.2868443113544977,0.7463586397239547,0.3115780394713796,110737251.13,234640179,0.0104835111658705,0.0
2814,몽촌토성(평화의문),8호선,3,Low Demand / Peripheral,Visually Dense but Transit-Captured,Stable Dense Urban Area,M-S-H-V+T-,0.19984455265413248,0.07660089785453322,0.3643549804712994,0.8186467586304407,0.24377425685283305,84518347.45,62320409,0.1511079811326285,0.0
421,동대문,4호선,5,Transit-Dominant / Transfer-Oriented,Visually Dense but Transit-Captured,Stable Dense Urban Area,M-S+H-V+T-,0.21495945801194827,0.20955853717226158,0.311884619925692,0.7448634531157613,0.26475262462111476,98425519.35,170485171,0.055913129575202,0.0
2727,군자(능동),7호선,0,Transit-Dominant / Transfer-Oriented,Visually Dense but Transit-Captured,Stable Dense Urban Area,M-S+H-V+T-,0.2230169032315641,0.147180481116251,0.33476649567258504,0.7977209837316862,0.26040783357614483,90741639.41,119738876,0.0974267906674988,0.0
214,강변(동서울터미널),2호선,2,Observed Core Demand,Visually Dense but Transit-Captured,Dynamic Dense Urban Area,M+S+H-V+T+,0.3691806756622038,0.44234611510241606,0.2476266536980109,0.7241542019687924,0.3704185608657052,137671871.79,359864383,-0.0703070104736582,0.0069504990203053
2713,수락산,7호선,1,Observed Core Demand,Low Visual / Low Hidden,Stable Low-Intensity Area,M+S+H-V-T-,0.2716729854187218,0.149856346001083,0.3426631893541507,0.15072534600175894,0.2360850982104654,89803727.23,121915767,0.0922041694151022,0.014095858257174
2736,고속터미널,7호선,5,Transit-Dominant / Transfer-Oriented,Visually Dense but Transit-Captured,Stable Dense Urban Area,M-S+H-V+T-,0.22257200549507203,0.19065581463940692,0.3152217966257258,0.7790871189559672,0.2669138737867064,93693814.26,155107277,0.0619676341998557,0.0
336,학여울,3호선,3,Low Demand / Peripheral,Morphology-Supported Hidden Demand,Stable Dense Urban Area,M-S-H+V+T-,0.20062916429616703,0.02770083031328055,0.38090403203023315,0.8220181674443817,0.22238714572811866,77566824.15,22538835,0.1811322556027756,0.0
2531,애오개,5호선,4,Low Demand / Peripheral,Low Visual / Low Hidden,Stable Low-Intensity Area,M-S-H-V-T-,0.20177124501866048,0.07528044299131847,0.3593420822938631,0.5960917771185607,0.24183820651464916,80682684.52,61246182,0.1420132828513244,0.0
4705,화계,우이신설선,1,Low Demand / Peripheral,Behavioral Hidden Demand,Stable Low-Intensity Area,M-S-H+V-T-,0.23244768477300654,0.019235087246788386,0.40618565344372887,0.30547652402109254,0.20067108257604704,75904011.81,15651716,0.1850828873344729,0.0302237910130826
332,양재(서초구청),3호선,0,Observed Core Demand,Visually Dense but Transit-Captured,Dynamic Dense Urban Area,M+S+H-V+T+,0.3233515936747345,0.44395479606339844,0.2346518858750962,0.6997415608123133,0.387900973971943,133145229.05,361173090,-0.0842070940495268,0.0
2527,여의도,5호선,3,Transit-Dominant / Transfer-Oriented,Visually Dense but Transit-Captured,Dynamic Dense Urban Area,M-S+H-V+T+,0.22095111259303804,0.2845299508481452,0.2776398160305419,0.8932219552337967,0.32855410096031906,103155100.96,231476515,-0.0062158321760413,0.0
4708,솔샘,우이신설선,1,Low Demand / Peripheral,Behavioral Hidden Demand,Stable Low-Intensity Area,M-S-H+V-T-,0.23049344723275436,0.03467768423955052,0.37950863856955935,0.05893825693041837,0.20142075604454576,76139489.93,28214701,0.1702796949835527,0.0059997626779478
219,삼성(무역센터),2호선,0,Observed Core Demand,Visually Dense but Transit-Captured,Dynamic Dense Urban Area,M+S+H-V+T+,0.4077669800342157,0.5994875773156705,0.22129566117806015,0.9535760984265573,0.5235819880821625,181500432.71,487703362,-0.1084387519642239,0.0
2751,천왕,7호선,1,Hidden Transit Demand,Low Visual / Low Hidden,Stable Low-Intensity Area,M+S-H-V-T-,0.2968067137852933,0.10707668859735629,0.36695197766181253,0.21408567752483218,0.22444558691141175,81644003.02,87113318,0.1128273498772569,0.030999248767604
2530,공덕,5호선,5,Transit-Dominant / Transfer-Oriented,Visually Dense but Transit-Captured,Stable Dense Urban Area,M-S+H-V+T-,0.19978050849901227,0.15400321004564027,0.32406456796819855,0.7136166294102071,0.2579279173599374,86103798.05,125289357,0.0780107163618559,0.0
209,한양대,2호선,3,Low Demand / Peripheral,Visually Dense but Transit-Captured,Stable Dense Urban Area,M-S-H-V+T-,0.20809324711435,0.11691571814460862,0.3384965269193718,0.7075839912940592,0.2219901612751747,82088040.33,95117644,0.1041940353967167,0.0
4137,둔촌오륜,9호선(연장),1,Hidden Transit Demand,Behavioral Hidden Demand,Stable Low-Intensity Area,M+S-H+V-T-,0.2664116791670273,0.011878192312538201,0.4973278005621714,0.39035804079103287,0.20937423894714013,72897256.17,9666676,0.1842753994670399,0.1500343869527016
206,신당,2호선,0,Transit-Dominant / Transfer-Oriented,Visually Dense but Transit-Captured,Stable Dense Urban Area,M-S+H-V+T-,0.20784030621632352,0.17186450191707417,0.31513298975178683,0.7951856463007304,0.2499626561894284,86714066.8,139820018,0.06180651548266,0.0
433,사당,4호선,0,Transit-Dominant / Transfer-Oriented,Low Visual / Low Hidden,Dynamic Behavioral Area,M-S+H-V-T+,0.22507218583195296,0.26986795636979166,0.27820507583955617,0.6248349273792139,0.27337283064892476,98133101.93,219548572,-0.0051903041817421,0.0
210,뚝섬,2호선,3,Transit-Dominant / Transfer-Oriented,Visually Dense but Transit-Captured,Dynamic Dense Urban Area,M-S+H-V+T+,0.22754594950665055,0.24375377581504426,0.28710671777497415,0.8330080136525514,0.282195574263246,94463480.91,198303955,0.0109595845144281,0.0
328,잠원,3호선,2,Low Demand / Peripheral,Low Visual / Low Hidden,Stable Low-Intensity Area,M-S-H-V-T-,0.20886117750538488,0.06365328813631475,0.35855435998254787,0.5577099787568156,0.21029993852813353,75874352.13,51787166,0.1405841501426032,0.0
2613,불광,6호선,4,Low Demand / Peripheral,Visually Dense but Transit-Captured,Stable Dense Urban Area,M-S-H-V+T-,0.16591604381930888,0.057934704366418996,0.3603964036419153,0.6969131029228368,0.21791133121790565,74999090.47,47134938,0.1439260954026011,0.0
2520,신정(은행정),5호선,0,Transit-Dominant / Transfer-Oriented,Visually Dense but Transit-Captured,Stable Dense Urban Area,M-S+H-V+T-,0.2085811057006401,0.14761782808072185,0.3219539208493851,0.8417650456670417,0.23893092989356168,82341978.2,120094670,0.0741814547163045,0.0
316,독립문,3호선,1,Low Demand / Peripheral,Low Visual / Low Hidden,Stable Low-Intensity Area,M-S-H-V-T-,0.2394797435382299,0.08708055440162067,0.3470857198511141,0.11279156609678664,0.21202917119899164,76282015.39,70845903,0.1182638308019306,0.0010911030545597
337,대청,3호선,3,Low Demand / Peripheral,Morphology-Supported Hidden Demand,Stable Dense Urban Area,M-S-H+V+T-,0.2160788440338016,0.11043156883511657,0.3874511725429202,0.7734562847848039,0.21995911478544614,78071040.63,89842607,0.0997706394342403,0.0672298863656122
224,서초,2호선,4,Transit-Dominant / Transfer-Oriented,Low Visual / Low Hidden,Stable Low-Intensity Area,M-S+H-V-T-,0.23043144516972341,0.24044849190359208,0.2842206869094328,0.619029031834194,0.2675587799339637,91317917.89,195615014,0.0057235755185197,0.0
2715,노원,7호선,0,Transit-Dominant / Transfer-Oriented,Visually Dense but Transit-Captured,Stable Dense Urban Area,M-S+H-V+T-,0.2168409812868583,0.246075038275542,0.28133124478716576,0.7827065348258421,0.2491218879089233,91459464.65,200192367,0.0004813776175942,0.0
2511,방화,5호선,2,Hidden Transit Demand,Behavioral Hidden Demand,Stable Low-Intensity Area,M+S-H+V-T-,0.2610033710525331,0.07375183548845954,0.4154944545976213,0.37522000451857224,0.19163362539789483,73761149.69,60002617,0.124747526364131,0.0859055415571844
212,건대입구,2호선,0,Observed Core Demand,Visually Dense but Transit-Captured,Dynamic Dense Urban Area,M+S+H-V+T+,0.31418876696068987,0.4983681919922911,0.20820698799300583,0.8689819066724461,0.36420812823866194,135515272.23,405439911,-0.1321850019990776,0.0
157,제기동,1호선,0,Transit-Dominant / Transfer-Oriented,Visually Dense but Transit-Captured,Stable Dense Urban Area,M-S+H-V+T-,0.19512138820958017,0.15570044358289,0.3150150734082996,0.8887353337149678,0.23006090104905724,80682427.6,126670104,0.0615925846329816,0.0
4117,노량진,9호선,3,Transit-Dominant / Transfer-Oriented,Visually Dense but Transit-Captured,Stable Dense Urban Area,M-S+H-V+T-,0.19055320704582637,0.15612366442011952,0.31392639526064975,0.7769444165928837,0.23507947573874488,80110889.5,127014406,0.0596174399306831,0.0
2628,효창공원앞,6호선,4,Low Demand / Peripheral,Low Visual / Low Hidden,Stable Low-Intensity Area,M-S-H-V-T-,0.1733356234213286,0.08072323539222953,0.34507067989630846,0.6504748082478904,0.21283011001029983,73151698.37,65674046,0.116121255073649,0.0
4703,4.19민주묘지,우이신설선,1,Hidden Transit Demand,Behavioral Hidden Demand,Stable Low-Intensity Area,M+S-H+V-T-,0.2593660057471223,0.01840812123888098,0.3784961988780295,0.19037150618005125,0.1690950825861483,68407012.76,14978956,0.1655529047118442,0.0080835482750876
2720,먹골,7호선,4,Low Demand / Peripheral,Low Visual / Low Hidden,Stable Low-Intensity Area,M-S-H-V-T-,0.2027049389688917,0.11872386120228387,0.32758921800939694,0.47885896635713987,0.21489981457719978,75466216.05,96588619,0.0844053462819632,0.0
2630,녹사평(용산구청),6호선,4,Low Demand / Peripheral,Behavioral Hidden Demand,Stable Low-Intensity Area,M-S-H+V-T-,0.20512059903291777,0.06772992841449807,0.4588250360697268,0.5177603135461603,0.1888581505011214,71320654.14999999,55103627,0.1241426429037076,0.143024951209032
322,동대입구,3호선,4,Low Demand / Peripheral,Visually Dense but Transit-Captured,Stable Dense Urban Area,M-S-H-V+T-,0.1843319022481357,0.11216051240581952,0.33027748137645474,0.687703826747378,0.20677412071719153,74845248.71,91249151,0.0892825537094193,0.0
220,선릉,2호선,0,Observed Core Demand,Visually Dense but Transit-Captured,Dynamic Dense Urban Area,M+S+H-V+T+,0.31403585034370324,0.5355617109757564,0.19756007411662313,0.9129941790513235,0.4096884415726884,142099056.42,435697880,-0.1515012669430928,0.0
4711,성신여대입구(돈암),우이신설선,4,Low Demand / Peripheral,Low Visual / Low Hidden,Stable Low-Intensity Area,M-S-H-V-T-,0.15664189148996674,0.02158292900152028,0.36881615161902975,0.5788449792245873,0.19182779722206958,67237219.59,17561751,0.1592017033934338,0.0
334,도곡,3호선,3,Low Demand / Peripheral,Visually Dense but Transit-Captured,Stable Dense Urban Area,M-S-H-V+T-,0.1467071317348214,0.06464464184875496,0.34839606770896364,0.7836050521064558,0.20579816831168643,69452178.71000001,52593660,0.1221543715970513,0.0
4121,구반포,9호선,2,Low Demand / Peripheral,Low Visual / Low Hidden,Stable Low-Intensity Area,M-S-H-V-T-,0.184820181128376,0.014848499430315243,0.36990728755721036,0.6455046309450214,0.1885207834079244,65486125.89,12083104,0.1611813071656205,0.0
2532,충정로(경기대입구),5호선,4,Low Demand / Peripheral,Low Visual / Low Hidden,Stable Low-Intensity Area,M-S-H-V-T-,0.154255517479636,0.04861138048823659,0.354669301751043,0.6447433455395313,0.2179333801345498,67738958.29,39550153,0.1335356462292634,0.0
2614,독바위,6호선,1,Hidden Transit Demand,Behavioral Hidden Demand,Stable Low-Intensity Area,M+S-H+V-T-,0.327246013963749,0.03325286787886663,0.5873427455094071,0.052153379264393625,0.16719296549408943,66583902.120000005,27055573,0.1457577813412834,0.2955610335743416
201,시청,2호선,5,Transit-Dominant / Transfer-Oriented,Visually Dense but Transit-Captured,Stable Dense Urban Area,M-S+H-V+T-,0.19097908790543935,0.2647195484287679,0.2643355474036643,0.8857494909579572,0.2726639097060621,86970130.91,215360198,-0.030353228295416,0.0
236,영등포구청,2호선,0,Transit-Dominant / Transfer-Oriented,Visually Dense but Transit-Captured,Stable Dense Urban Area,M-S+H-V+T-,0.19184556166688982,0.22690143385440245,0.278244911083657,0.8256107248820458,0.24566820106356194,82336129.35,184594103,-0.005118032710582,0.0
339,수서,3호선,3,Transit-Dominant / Transfer-Oriented,Visually Dense but Transit-Captured,Stable Dense Urban Area,M-S+H-V+T-,0.19222482511303748,0.22394605922824806,0.2777354267113916,0.7994736046171428,0.23564010224846074,80907320.25,182189823,-0.0060423695873312,0.0
2759,삼산체육관,7호선,3,Low Demand / Peripheral,Visually Dense but Transit-Captured,Stable Dense Urban Area,M-S-H-V+T-,0.17231322562038975,0.02740258857987405,0.36103846312187166,0.8681302690882023,0.18310703140366746,64183802.1,22296207,0.1450909579316543,0.0
418,성신여대입구(돈암),4호선,4,Transit-Dominant / Transfer-Oriented,Low Visual / Low Hidden,Stable Low-Intensity Area,M-S+H-V-T-,0.20198683315166097,0.25990515480686033,0.26244696487357316,0.570523405028879,0.23993859363875933,83935242.7,211443554,-0.0337796071450469,0.0
239,홍대입구,2호선,0,Observed Core Demand,Visually Dense but Transit-Captured,Dynamic Dense Urban Area,M+S+H-V+T+,0.5184272268369563,0.7374715070807821,0.22126202965454594,0.7943774368227415,0.6009936336910565,232294290.37,599957152,-0.1084997682762007,0.0
2822,산성,8호선,1,Low Demand / Peripheral,Behavioral Hidden Demand,Stable Low-Intensity Area,M-S-H+V-T-,0.25097153883456086,0.061797312674415565,0.40893406129131676,0.21827689097272776,0.181671049594825,65223843.54,50277278,0.1135203065129269,0.0854188117046988
4707,삼양사거리,우이신설선,0,Low Demand / Peripheral,Visually Dense but Transit-Captured,Stable Dense Urban Area,M-S-H-V+T-,0.15860005109103992,0.014505672876062083,0.36457990174280597,0.7074324934273551,0.183646694404316,61800376.11,11804205,0.1515160466925091,0.0
4105,마곡나루,9호선,2,Low Demand / Peripheral,Visually Dense but Transit-Captured,Stable Dense Urban Area,M-S-H-V+T-,0.1776335290072232,0.05250122080309918,0.3467889711592889,0.6821622626898738,0.1816302377900564,63558328.78,42714647,0.1182939490433007,0.0006811922344569
208,왕십리(성동구청),2호선,5,Transit-Dominant / Transfer-Oriented,Visually Dense but Transit-Captured,Stable Dense Urban Area,M-S+H-V+T-,0.15593913547753063,0.17537668589910865,0.2911803660708189,0.8127604536294045,0.20571658627762732,72003570.48,142677278,0.0183502397488824,0.0
427,숙대입구(갈월),4호선,4,Transit-Dominant / Transfer-Oriented,Behavioral Hidden Demand,Stable Low-Intensity Area,M-S+H+V-T-,0.1946909422635076,0.16543114250068028,0.3984891426065248,0.4446347414025348,0.19919861845047812,70480289.66,134586300,0.0241595482090629,0.1361881156604769
2721,중화,7호선,4,Transit-Dominant / Transfer-Oriented,Low Visual / Low Hidden,Stable Low-Intensity Area,M-S+H-V-T-,0.18031113476499638,0.1301279960743625,0.3087559170939622,0.611362798447996,0.1964736811861959,67082622.120000005,105866202,0.050236850652458,0.0
4701,북한산우이,우이신설선,1,Hidden Transit Demand,Behavioral Hidden Demand,Stable Low-Intensity Area,M+S-H+V-T-,0.4446315564019372,0.01783348213398979,0.6793921033255114,0.013904643871444893,0.13636948888060801,59107439.46,14511471,0.1408759818662233,0.4194961569394297
250,용두(동대문구청),2호선,0,Low Demand / Peripheral,Visually Dense but Transit-Captured,Stable Dense Urban Area,M-S-H-V+T-,0.1529647484560621,0.02954237357365342,0.3522991562260448,0.8026643383101898,0.17762220882379526,59132665.23,24036982,0.1292355871277905,0.0
324,금호,3호선,4,Low Demand / Peripheral,Low Visual / Low Hidden,Stable Low-Intensity Area,M-S-H-V-T-,0.1616925980942778,0.09467526782609303,0.32258516533383463,0.5257021464116317,0.18738220720076793,63266209.14,77024415,0.0753266960367139,0.0
330,교대(법원.검찰청),3호선,0,Transit-Dominant / Transfer-Oriented,Visually Dense but Transit-Captured,Stable Dense Urban Area,M-S+H-V+T-,0.14298939928246646,0.13235232026071256,0.3056187913173585,0.8731991885886131,0.20120571713966268,65805718.27,107675752,0.0445452903217224,0.0
426,서울역,4호선,4,Transit-Dominant / Transfer-Oriented,Low Visual / Low Hidden,Stable Low-Intensity Area,M-S+H-V-T-,0.16566678279631383,0.16668054141964583,0.290635508507203,0.5966045596470948,0.2094556102886297,68301765.66,135602721,0.0169947022075224,0.00026464030359
2638,창신,6호선,4,Low Demand / Peripheral,Low Visual / Low Hidden,Stable Low-Intensity Area,M-S-H-V-T-,0.15449391855388458,0.03844412253214686,0.3461449523901161,0.5148483719899685,0.17623182913145752,58299042.65,31278804,0.1180702641812071,0.0
2620,월드컵경기장(성산),6호선,2,Low Demand / Peripheral,Low Visual / Low Hidden,Stable Low-Intensity Area,M-S-H-V-T-,0.19351752643264558,0.0748094487521368,0.3656298487153368,0.564285759458742,0.1565184453922762,60324109.02,60863015,0.087203694435985,0.0477454413631719
329,고속터미널,3호선,5,Observed Core Demand,Visually Dense but Transit-Captured,Dynamic Dense Urban Area,M+S+H-V+T+,0.2710560071094491,0.5923324836723474,0.1567974124438487,0.955071031214929,0.3389549937481272,135770848.99,481882493,-0.2254553142695354,0.0
2514,송정,5호선,3,Low Demand / Peripheral,Morphology-Supported Hidden Demand,Stable Dense Urban Area,M-S-H+V+T-,0.20436553557596437,0.0854317850845888,0.4131487979713168,0.6983252205951063,0.1754564817427354,60632369.51,69504583,0.0774183920844502,0.1169633723259053
4702,솔밭공원,우이신설선,1,Low Demand / Peripheral,Behavioral Hidden Demand,Stable Low-Intensity Area,M-S-H+V-T-,0.21714165174433675,0.014499411259966765,0.6146263220935976,0.44143283668713806,0.14586220548125034,56214834.69,11799111,0.1363556290810444,0.33803162483337
2633,버티고개,6호선,4,Low Demand / Peripheral,Low Visual / Low Hidden,Stable Low-Intensity Area,M-S-H-V-T-,0.1658661526101578,0.026514316753133208,0.3506062811987999,0.32455857907839447,0.1660941725829383,56855946.89,21573573,0.1260815652279487,5.963545038762435e-05
238,합정,2호선,0,Transit-Dominant / Transfer-Oriented,Visually Dense but Transit-Captured,Stable Dense Urban Area,M-S+H-V+T-,0.1890620668383169,0.36296959795963857,0.20881977120389775,0.8687474308106509,0.24175305521741622,86060495.03999999,295289364,-0.1310732542201189,0.0
2816,석촌,8호선,3,Low Demand / Peripheral,Visually Dense but Transit-Captured,Stable Dense Urban Area,M-S-H-V+T-,0.13197340132339155,0.09871843046109698,0.3162488960793017,0.8279225932025954,0.1760758499228427,60521633.16,80313641,0.0638310591697086,0.0
241,이대,2호선,4,Transit-Dominant / Transfer-Oriented,Low Visual / Low Hidden,Stable Low-Intensity Area,M-S+H-V-T-,0.16336874183850092,0.19171006969044732,0.2750064748252414,0.6274327682912536,0.19668415087537214,67212191.75,155964943,-0.0109933965482309,0.0
2643,상월곡(한국과학기술연구원),6호선,4,Low Demand / Peripheral,Behavioral Hidden Demand,Stable Low-Intensity Area,M-S-H+V-T-,0.1723998050483021,0.07008075715924009,0.392749982195153,0.39595742026601827,0.16664505046973987,58352517.63,57016092,0.0865788326431924,0.0836734229868052
2648,봉화산(서울의료원),6호선,4,Low Demand / Peripheral,Behavioral Hidden Demand,Stable Low-Intensity Area,M-S-H+V-T-,0.19786892993190744,0.10484317603638661,0.3958862786248069,0.2746186245288452,0.171204214692376,60296004.89,85296293,0.0570936547063287,0.1090362642101079
2636,신당,6호선,5,Low Demand / Peripheral,Visually Dense but Transit-Captured,Stable Dense Urban Area,M-S-H-V+T-,0.12353158995405003,0.09753010381030564,0.31358068043293424,0.941219151828506,0.16298281169665577,58301230.44,79346904,0.0589902235105297,0.0
153,종로3가,1호선,5,Transit-Dominant / Transfer-Oriented,Visually Dense but Transit-Captured,Stable Dense Urban Area,M-S+H-V+T-,0.1403171677221145,0.2335381396837164,0.2538669026622477,0.9208367907031565,0.19617187203565525,68492102.08000001,189993249,-0.0493460667627708,0.0
244,용답,2호선,3,Low Demand / Peripheral,Visually Dense but Transit-Captured,Stable Dense Urban Area,M-S-H-V+T-,0.15040198826548393,0.03320334530539827,0.34243700006709715,0.6932321056563964,0.15161531359456942,53846425.11,27015285,0.1112206428459865,8.827976955367464e-05
309,지축,3호선,1,Hidden Transit Demand,Behavioral Hidden Demand,Stable Low-Intensity Area,M+S-H+V-T-,0.29235266999555665,0.03691006715285793,0.6250965756455835,0.07038977633625773,0.1451161781975334,53812444.88,30030807,0.1074216529067277,0.3725910035255027
2722,상봉(시외버스터미널),7호선,5,Transit-Dominant / Transfer-Oriented,Visually Dense but Transit-Captured,Stable Dense Urban Area,M-S+H-V+T-,0.148992400558212,0.19330054476293582,0.2687133676962549,0.9332509923162599,0.18509991132606615,63593185.77,157258839,-0.0224107261177148,0.0
2524,영등포구청,5호선,0,Low Demand / Peripheral,Visually Dense but Transit-Captured,Stable Dense Urban Area,M-S-H-V+T-,0.12515956009986998,0.04769609176707904,0.33442644285028666,0.8244887857249367,0.17226329193400874,53876605.5,38805540,0.0968098465946208,0.0
245,신답,2호선,3,Low Demand / Peripheral,Visually Dense but Transit-Captured,Stable Dense Urban Area,M-S-H-V+T-,0.14144978405716033,0.02056657307640268,0.34675827097471107,0.7466054073295142,0.16014365565024494,52124938.68,16734917,0.1191829832670075,0.0
2827,모란,8호선,3,Low Demand / Peripheral,Visually Dense but Transit-Captured,Stable Dense Urban Area,M-S-H-V+T-,0.12885973990251684,0.05863999785615246,0.3280343049100251,0.7930047482478758,0.16043843898628385,53636086.98,47708714,0.0852128494322155,0.0
2625,광흥창(서강),6호선,2,Low Demand / Peripheral,Visually Dense but Transit-Captured,Stable Dense Urban Area,M-S-H-V+T-,0.14766692494079411,0.10723204280823294,0.3050417419270162,0.7259002344754063,0.16040666548121796,56168938.31,87239703,0.0434983729671679,0.0
2623,합정,6호선,2,Transit-Dominant / Transfer-Oriented,Low Visual / Low Hidden,Stable Low-Intensity Area,M-S+H-V-T-,0.1663641112739583,0.16863396036264505,0.2761139717634275,0.6755239810532743,0.1618971216694597,59453762.39,137191882,-0.0089841096758967,0.0
246,신설동,2호선,0,Low Demand / Peripheral,Visually Dense but Transit-Captured,Stable Dense Urban Area,M-S-H-V+T-,0.1201877655867395,0.03960135252726896,0.3353427600462441,0.8811629301123585,0.1570472551108757,51507735.63,32220243,0.0984722837980562,0.0
312,불광,3호선,4,Transit-Dominant / Transfer-Oriented,Low Visual / Low Hidden,Stable Low-Intensity Area,M-S+H-V-T-,0.16349221877321612,0.19120638696347167,0.26659646387447145,0.2902283716390303,0.1786309106916973,61007530.3,155555183,-0.0273375183314502,0.0007831815148891
2818,가락시장,8호선,3,Low Demand / Peripheral,Visually Dense but Transit-Captured,Stable Dense Urban Area,M-S-H-V+T-,0.1186985205417713,0.09245430676923588,0.3101801507748261,0.8777442898019969,0.1588100653543913,54159865.35,75217601,0.0528207801780628,0.0
2634,약수,6호선,4,Low Demand / Peripheral,Low Visual / Low Hidden,Stable Low-Intensity Area,M-S-H-V-T-,0.11277054135721533,0.04335057567785218,0.3329950025290335,0.5683010576098293,0.15565537826911988,51319833.89,35270341,0.094212842353025,0.0
2738,이수,7호선,4,Transit-Dominant / Transfer-Oriented,Visually Dense but Transit-Captured,Stable Dense Urban Area,M-S+H-V+T-,0.14464576033867216,0.182364927263837,0.26924029055134285,0.680553346787573,0.17894807215909395,59917911.39,148362408,-0.021454751307351,0.0
409,불암산,4호선,1,Observed Core Demand,Behavioral Hidden Demand,Stable Low-Intensity Area,M+S+H+V-T-,0.29528756391599653,0.1299729897310467,0.4264935467328929,0.037729957405172064,0.1371756044168415,54991395.7,105740100,0.017559990075353,0.1775808738020446
4135,한성백제,9호선(연장),3,Low Demand / Peripheral,Low Visual / Low Hidden,Stable Low-Intensity Area,M-S-H-V-T-,0.12524433186385286,0.02147876786593247,0.34104830717815937,0.6580024229822138,0.13475626454232134,48645764.98,17477013,0.1088236270445825,0.0
2535,종로3가,5호선,5,Transit-Dominant / Transfer-Oriented,Visually Dense but Transit-Captured,Stable Dense Urban Area,M-S+H-V+T-,0.12134989989343749,0.16968577050704747,0.27136109204740594,0.7546365872032956,0.15174279917652866,56665481.88000001,138047559,-0.0176070669861234,0.0
2645,석계,6호선,3,Transit-Dominant / Transfer-Oriented,Visually Dense but Transit-Captured,Stable Dense Urban Area,M-S+H-V+T-,0.13489493514824322,0.14330058145497357,0.283288667062125,0.7250873747107229,0.15976042178049427,54917832.81,116582469,0.004032649630257,0.0
159,동묘앞,1호선,4,Low Demand / Peripheral,Visually Dense but Transit-Captured,Stable Dense Urban Area,M-S-H-V+T-,0.10730609064168357,0.08890635880598956,0.30663738192056567,0.7170164488758324,0.14497187974025555,50486135.0,72331246,0.0463932780287216,0.0
325,옥수,3호선,2,Low Demand / Peripheral,Low Visual / Low Hidden,Stable Low-Intensity Area,M-S-H-V-T-,0.12568372315378923,0.09984586430895752,0.3012395444316717,0.533752812437649,0.15658482446128683,50908338.02,81230840,0.036600199933904,0.0
4133,석촌,9호선(연장),3,Low Demand / Peripheral,Visually Dense but Transit-Captured,Stable Dense Urban Area,M-S-H-V+T-,0.11091553020985252,0.061176240010827804,0.3192985609940839,0.800565896652711,0.15136406391382165,48733336.83,49772018,0.0693639427985573,0.0
2712,도봉산,7호선,1,Low Demand / Peripheral,Low Visual / Low Hidden,Stable Low-Intensity Area,M-S-H-V-T-,0.14887080225072874,0.1175770045440735,0.2919781134470346,0.3196463389913253,0.14801116367493986,51250283.66,95655619,0.0197975605271182,0.0
2732,강남구청,7호선,0,Transit-Dominant / Transfer-Oriented,Visually Dense but Transit-Captured,Stable Dense Urban Area,M-S+H-V+T-,0.12362862672021288,0.17695779927780408,0.2645691561886324,0.904061051768735,0.16883106418110144,54805569.73,143963558,-0.0299294013314633,0.0
203,을지로3가,2호선,5,Transit-Dominant / Transfer-Oriented,Visually Dense but Transit-Captured,Stable Dense Urban Area,M-S+H-V+T-,0.12143598062974335,0.24683142158658863,0.2328246386749141,0.9505142327055679,0.19672026638948867,59328318.43,200807706,-0.0875221946924672,0.0
2545,군자(능동),5호선,0,Transit-Dominant / Transfer-Oriented,Visually Dense but Transit-Captured,Stable Dense Urban Area,M-S+H-V+T-,0.13284575300544993,0.1466518478035858,0.27763565145935276,0.7908651248781001,0.160066254763116,52374963.39,119308818,-0.0062233877890012,0.0
155,동대문,1호선,5,Low Demand / Peripheral,Visually Dense but Transit-Captured,Stable Dense Urban Area,M-S-H-V+T-,0.11039134948792004,0.11305033672983722,0.2928683062675294,0.812168313747528,0.14291198671940444,50177997.96,91973048,0.0214126013334575,0.0
429,신용산,4호선,3,Transit-Dominant / Transfer-Oriented,Visually Dense but Transit-Captured,Stable Dense Urban Area,M-S+H-V+T-,0.12719514940765034,0.19165297270033596,0.2559331831883862,0.7730539528412697,0.15958766654144682,54447338.12,155918493,-0.0455972976307047,0.0
4706,삼양,우이신설선,4,Low Demand / Peripheral,Low Visual / Low Hidden,Stable Low-Intensity Area,M-S-H-V-T-,0.11732863231848652,0.012521946432779006,0.34004671448623497,0.40763549364235996,0.13297107229992206,44677957.81,10190388,0.1070064779600843,0.0
204,을지로4가,2호선,5,Transit-Dominant / Transfer-Oriented,Visually Dense but Transit-Captured,Stable Dense Urban Area,M-S+H-V+T-,0.1048800385389156,0.14237691441121972,0.27836038798850926,0.984009062252212,0.15986242610592577,51284836.05,115831040,-0.0049085276356898,0.0
151,시청,1호선,5,Transit-Dominant / Transfer-Oriented,Visually Dense but Transit-Captured,Stable Dense Urban Area,M-S+H-V+T-,0.10781782264753645,0.1331477446374842,0.28262229494608393,0.8189080977873939,0.1648172065898645,50733538.24,108322852,0.0028236776695365,0.0
2752,온수(성공회대입구),7호선,4,Low Demand / Peripheral,Low Visual / Low Hidden,Stable Low-Intensity Area,M-S-H-V-T-,0.1571114893309449,0.10709495840497792,0.32278963981110026,0.30352320782562164,0.14778359707218122,49034155.47,87128181,0.0242620511854627,0.0370872683044906
226,사당,2호선,4,Transit-Dominant / Transfer-Oriented,Low Visual / Low Hidden,Stable Low-Intensity Area,M-S+H-V-T-,0.24140554209617035,0.4909176567650443,0.13865861666432086,0.34044220734778446,0.24357974620431552,85434779.17,399378692,-0.2607203482978983,0.00169917358493
311,연신내,3호선,1,Transit-Dominant / Transfer-Oriented,Low Visual / Low Hidden,Stable Low-Intensity Area,M-S+H-V-T-,0.2064949888757551,0.40370033386816556,0.21987539272755385,0.22406084043636182,0.2107413757456301,72975649.59,328424958,-0.2073338768056563,0.069449659968419
205,동대문역사문화공원,2호선,5,Transit-Dominant / Transfer-Oriented,Visually Dense but Transit-Captured,Stable Dense Urban Area,M-S+H-V+T-,0.11299658728492447,0.18818701822747472,0.25602069123408017,0.834448557451958,0.14478616623908513,53229374.81,153098842,-0.0454385353250277,0.0
2512,개화산,5호선,4,Low Demand / Peripheral,Low Visual / Low Hidden,Stable Low-Intensity Area,M-S-H-V-T-,0.11990768472478422,0.059359131066266176,0.31590657107727593,0.554056657976409,0.1278505302563579,45797777.940000005,48293749,0.063209992773111,0.0
4136,올림픽공원(한국체대),9호선(연장),3,Low Demand / Peripheral,Visually Dense but Transit-Captured,Stable Dense Urban Area,M-S-H-V+T-,0.11677968699499229,0.06060864061449135,0.3149781296944529,0.6879601573477805,0.12354242287454945,45637605.34,49310260,0.0615255591481355,0.0
4101,개화,9호선,2,Low Demand / Peripheral,Behavioral Hidden Demand,Stable Low-Intensity Area,M-S-H+V-T-,0.2534251325976835,0.02096009610349034,0.8814516437553948,0.5112522690008983,0.10675200423073926,42607464.35,17055059,0.0929462215338598,0.7183814344962305
340,가락시장,3호선,3,Low Demand / Peripheral,Visually Dense but Transit-Captured,Stable Dense Urban Area,M-S-H-V+T-,0.12045967940362785,0.1076097987073947,0.2903666690922137,0.8804174692214495,0.14014843673674643,46502902.41,87547018,0.0168739822525438,0.0
2541,왕십리(성동구청),5호선,5,Low Demand / Peripheral,Visually Dense but Transit-Captured,Stable Dense Urban Area,M-S-H-V+T-,0.09042191462676266,0.06748404382203456,0.30913455436698556,0.8962194407377544,0.1302816262810857,44265272.46,54903593,0.0509237969326962,0.0
4116,샛강,9호선,3,Low Demand / Peripheral,Visually Dense but Transit-Captured,Stable Dense Urban Area,M-S-H-V+T-,0.08702927089790691,0.0321916112249054,0.3261249848849321,0.9151437580163043,0.14170384636655536,42620037.69,26192211,0.0817488473846907,0.0
2761,부평구청,7호선,3,Low Demand / Peripheral,Visually Dense but Transit-Captured,Stable Dense Urban Area,M-S-H-V+T-,0.10986317878115132,0.06729632686507284,0.3079362328259238,0.7902576403614444,0.13296276354740236,43395481.66,54750880,0.0487497306592182,0.0
2719,태릉입구,7호선,0,Low Demand / Peripheral,Visually Dense but Transit-Captured,Stable Dense Urban Area,M-S-H-V+T-,0.10589102030118036,0.102592094319773,0.290427908046777,0.8774928739865007,0.13648954558499662,44695913.36,83464975,0.0169850856093449,0.0
430,이촌(국립중앙박물관),4호선,2,Low Demand / Peripheral,Visually Dense but Transit-Captured,Stable Dense Urban Area,M-S-H-V+T-,0.1259692630912336,0.09791618886350387,0.29253850791685676,0.7632049625089423,0.12157091297805547,44384082.22,79660995,0.0208142615334312,0.0
2558,오금,5호선,3,Low Demand / Peripheral,Visually Dense but Transit-Captured,Stable Dense Urban Area,M-S-H-V+T-,0.09207955344412103,0.04523852176657173,0.31711438214907567,0.7579517024044465,0.1346516621777247,41404479.54,36806238,0.0654012755181467,0.0
218,종합운동장,2호선,2,Transit-Dominant / Transfer-Oriented,Visually Dense but Transit-Captured,Stable Dense Urban Area,M-S+H-V+T-,0.12751252196933832,0.1507764630748166,0.26546273879370935,0.7790281189960395,0.13174574002567296,45760629.33,122664308,-0.0283082105761481,0.0
321,충무로,3호선,5,Low Demand / Peripheral,Visually Dense but Transit-Captured,Stable Dense Urban Area,M-S-H-V+T-,0.0783589121986982,3.449174472591842e-06,0.33756538713267126,0.7947513206864316,0.1264005569474615,38409781.61,6240,0.1025047061667961,0.0
2639,보문,6호선,4,Low Demand / Peripheral,Visually Dense but Transit-Captured,Stable Dense Urban Area,M-S-H-V+T-,0.09681709810174746,0.08946390077341125,0.29362802411716293,0.6940223873328566,0.13201813177217753,41999258.25,72784822,0.0227909266807463,0.0
423,충무로,4호선,4,Transit-Dominant / Transfer-Oriented,Low Visual / Low Hidden,Stable Low-Intensity Area,M-S+H-V-T-,0.150383617961012,0.3033984520633529,0.1945080348287642,0.4469904452911857,0.16066339526137582,54473814.41,246826569,-0.1572708846976359,0.0001675893289074
2542,마장,5호선,3,Low Demand / Peripheral,Visually Dense but Transit-Captured,Stable Dense Urban Area,M-S-H-V+T-,0.10014298729789105,0.06945416163716858,0.3021987774553457,0.7074803203284804,0.12757672583271135,40356680.2,56506339,0.0383404975866761,0.0
2635,청구,6호선,0,Low Demand / Peripheral,Visually Dense but Transit-Captured,Stable Dense Urban Area,M-S-H-V+T-,0.08483284629289874,0.04430744379163635,0.3124325777220734,0.8225245338425476,0.12005844440344231,37933435.62,36048780,0.0569072672282286,0.0
2735,반포,7호선,3,Low Demand / Peripheral,Visually Dense but Transit-Captured,Stable Dense Urban Area,M-S-H-V+T-,0.08678935697675849,0.07014120990356033,0.2995962060000315,0.9291496829104161,0.12058961724040176,38870795.4,57065272,0.0336187575265733,0.0
2753,까치울,7호선,1,Low Demand / Peripheral,Behavioral Hidden Demand,Stable Low-Intensity Area,M-S-H+V-T-,0.17055918112533947,0.04435209007318282,0.6298471383831685,0.20998238130797298,0.10248260868425911,36773537.46,36085101,0.0537130957697017,0.4175316485856511
2637,동묘앞,6호선,5,Low Demand / Peripheral,Visually Dense but Transit-Captured,Stable Dense Urban Area,M-S-H-V+T-,0.07851388844528709,0.09333050525610861,0.2834451466984763,0.9591341836301416,0.10639288245763151,36619547.42,75930413,0.0043165443014453,0.0
2812,천호(풍납토성),8호선,2,Transit-Dominant / Transfer-Oriented,Visually Dense but Transit-Captured,Stable Dense Urban Area,M-S+H-V+T-,0.10273560432224212,0.21046030208103583,0.2257789666088619,0.8120351079454342,0.1258398515861928,41226098.03,171218782,-0.1003048723694608,0.0
4713,신설동,우이신설선,5,Low Demand / Peripheral,Visually Dense but Transit-Captured,Stable Dense Urban Area,M-S-H-V+T-,0.07629544806935266,0.01153372844524245,0.32191473720572905,0.7529987956726683,0.10789012107184756,32199133.09,9386445,0.0741103654174597,0.0
156,신설동,1호선,5,Transit-Dominant / Transfer-Oriented,Visually Dense but Transit-Captured,Stable Dense Urban Area,M-S+H-V+T-,0.07795517051465596,0.12340601598250835,0.26390103604761145,0.8431491147077205,0.11483236588512102,34637266.84,100397683,-0.0311415446631588,0.0
2711,장암,7호선,1,Low Demand / Peripheral,Low Visual / Low Hidden,Stable Low-Intensity Area,M-S-H-V-T-,0.18154843056158165,0.02092039863749152,0.3174506490598483,0.09210306855609486,0.06733796730742486,29919684.220000003,17022764,0.0585342021703164,0.0053913426630409
237,당산,2호선,2,Transit-Dominant / Transfer-Oriented,Low Visual / Low Hidden,Stable Low-Intensity Area,M-S+H-V-T-,0.10476640330427478,0.24036931085482974,0.2044691977652904,0.6698776942627307,0.10407620549413474,38002773.48,195550598,-0.1389663235333729,0.0
2526,신길,5호선,3,Low Demand / Peripheral,Visually Dense but Transit-Captured,Stable Dense Urban Area,M-S-H-V+T-,0.07702119557080177,0.04736993335461079,0.2992128161845055,0.7328778413586972,0.10043997297357464,30228492.51,38540201,0.0329231889008174,0.0
230,신림,2호선,4,Transit-Dominant / Transfer-Oriented,Low Visual / Low Hidden,Dynamic Behavioral Area,M-S+H-V-T+,0.23921403765085839,0.7119743722845718,0.04214761920189138,0.5587474046718969,0.272758743454289,98414593.26,579214519,-0.4465323736551617,0.0094258865405181
2760,굴포천,7호선,3,Low Demand / Peripheral,Visually Dense but Transit-Captured,Stable Dense Urban Area,M-S-H-V+T-,0.08220966936106656,0.050992463877060655,0.2972611575810377,0.8726174931947169,0.10083333593234295,30258586.39,41487231,0.0293823736840742,0.0
2619,디지털미디어시티,6호선,3,Transit-Dominant / Transfer-Oriented,Visually Dense but Transit-Captured,Stable Dense Urban Area,M-S+H-V+T-,0.08895740576007256,0.155163275837451,0.24463862902418046,0.82163264991928,0.10945463012856643,33462556.41,126233103,-0.066088550137619,0.0
320,을지로3가,3호선,5,Low Demand / Peripheral,Visually Dense but Transit-Captured,Stable Dense Urban Area,M-S-H-V+T-,0.06289031594686352,0.1077368736210808,0.26694545108168444,0.9022815945459892,0.10785343206458332,30900806.64,87650397,-0.0256181856804077,0.0
4127,선정릉,9호선(연장),0,Low Demand / Peripheral,Visually Dense but Transit-Captured,Stable Dense Urban Area,M-S-H-V+T-,0.06870476832996085,0.08244547237137065,0.2792348214783485,0.7859291257402763,0.09780052042980113,29797708.33,67075134,-0.0033220783451474,0.0
2744,보라매,7호선,5,Low Demand / Peripheral,Visually Dense but Transit-Captured,Stable Dense Urban Area,M-S-H-V+T-,0.06476807045102909,0.09464595475993189,0.27281997837845295,0.8048190394870128,0.09935989175841835,30004787.69,77000568,-0.0149602685597534,0.0
234,신도림,2호선,3,Transit-Dominant / Transfer-Oriented,Visually Dense but Transit-Captured,Stable Dense Urban Area,M-S+H-V+T-,0.12535246756631507,0.5210464600642379,0.06884485582892166,0.7490972154264761,0.15567289563702955,50752305.51,423889317,-0.3850240781200641,0.0
4712,보문,우이신설선,4,Low Demand / Peripheral,Visually Dense but Transit-Captured,Stable Dense Urban Area,M-S-H-V+T-,0.058417219547784074,0.008984219383908932,0.31053744448067633,0.7423261641210145,0.08201855541903655,23658465.26,7312348,0.0534690036881957,0.0
342,오금,3호선,3,Low Demand / Peripheral,Visually Dense but Transit-Captured,Stable Dense Urban Area,M-S-H-V+T-,0.06724122585703247,0.06640448663010182,0.28045810798251125,0.7809409449784038,0.08860949523533125,24707519.08,54025343,-0.0011027191494971,0.0
2536,을지로4가,5호선,5,Low Demand / Peripheral,Visually Dense but Transit-Captured,Stable Dense Urban Area,M-S-H-V+T-,0.05003573030797465,0.07139625214398122,0.27763466109225116,1.0,0.09052656138930294,24659385.29,58086284,-0.0062251845719516,0.0
2646,태릉입구,6호선,0,Low Demand / Peripheral,Visually Dense but Transit-Captured,Stable Dense Urban Area,M-S-H-V+T-,0.05963928881958266,0.07138800165964049,0.2764722173284169,0.849101293039906,0.07729682192674563,23879659.64,58079572,-0.0083341592462511,0.0
4103,공항시장,9호선,5,Low Demand / Peripheral,Visually Dense but Transit-Captured,Stable Dense Urban Area,M-S-H-V+T-,0.05367163582953986,0.016030228889590374,0.30326446831675025,0.8965179981768008,0.0750834566017053,21393908.14,13044474,0.0402739373858811,0.0
323,약수,3호선,4,Transit-Dominant / Transfer-Oriented,Low Visual / Low Hidden,Stable Low-Intensity Area,M-S+H-V-T-,0.05274791756789374,0.15319347147188592,0.23188526049433178,0.5708770408681684,0.0846930683273362,24215955.07,124630612,-0.0892264705069833,0.0
319,종로3가,3호선,5,Low Demand / Peripheral,Visually Dense but Transit-Captured,Stable Dense Urban Area,M-S-H-V+T-,0.04273114089947881,0.09772919468437176,0.25967972159237224,0.8393724601695727,0.0692309202879444,22360607.59,79508870,-0.0388001046342577,0.0
2513,김포공항,5호선,2,Low Demand / Peripheral,Low Visual / Low Hidden,Stable Low-Intensity Area,M-S-H-V-T-,0.10615280423827941,0.0912928937588856,0.32373507898324533,0.6120640629355697,0.045946229421314363,20844394.08,74272759,-0.0364808484529609,0.0821222695862599
2629,삼각지,6호선,3,Low Demand / Peripheral,Visually Dense but Transit-Captured,Stable Dense Urban Area,M-S-H-V+T-,0.05843636615295931,0.08018431478763233,0.2665966361934563,0.7478661661430787,0.07145458600618011,20520767.98,65235619,-0.0262510264148835,0.0
2556,올림픽공원(한국체대),5호선,3,Low Demand / Peripheral,Visually Dense but Transit-Captured,Stable Dense Urban Area,M-S-H-V+T-,0.06521555513587064,0.06291212126532385,0.27853907825200336,0.6891199279015322,0.06632114559868375,18780625.0,51184206,-0.0137039236945604,0.0065756102366135
216,잠실(송파구청),2호선,3,Observed Core Demand,Visually Dense but Transit-Captured,Dynamic Dense Urban Area,M+S+H-V+T+,0.592774866769703,0.9368482741965178,0.15415739115298557,0.9206756274518817,0.686080776616661,260884211.79,762155734,-0.2302449980506048,0.0
243,충정로(경기대입구),2호선,5,Low Demand / Peripheral,Visually Dense but Transit-Captured,Stable Dense Urban Area,M-S-H-V+T-,0.03916174143967384,0.12003854859342966,0.24037246546612112,0.7943613139136111,0.07599128804705975,17676483.33,97658154,-0.0738284780208315,0.0
434,남태령,4호선,1,Low Demand / Peripheral,Low Visual / Low Hidden,Stable Low-Intensity Area,M-S-H-V-T-,0.14703691214614759,0.0153418960945729,0.31564902567252673,0.052177215826583946,0.0337183101241565,14628581.6,12484496,0.0225920657931065,0.0289503447142134
422,동대문역사문화공원,4호선,5,Transit-Dominant / Transfer-Oriented,Visually Dense but Transit-Captured,Stable Dense Urban Area,M-S+H-V+T-,0.030413147907874454,0.2046626331410694,0.19267540928758345,0.8647535831081823,0.06380331100952896,16972796.259999998,166502216,-0.1603633166502611,0.0
431,동작(현충원),4호선,2,Low Demand / Peripheral,Low Visual / Low Hidden,Stable Low-Intensity Area,M-S-H-V-T-,0.04658512777645593,0.02272539859497915,0.287902333381023,0.6622185062002556,0.04461655157152791,13595370.63,18491182,0.0124030377083271,0.0
2538,청구,5호선,0,Low Demand / Peripheral,Visually Dense but Transit-Captured,Stable Dense Urban Area,M-S-H-V+T-,0.023792591975766247,0.04471318889348562,0.27327685435955906,0.8219295269828999,0.053802837778482784,11920952.76,36378865,-0.0141313769579177,0.0
4120,동작(현충원),9호선,2,Low Demand / Peripheral,Low Visual / Low Hidden,Stable Low-Intensity Area,M-S-H-V-T-,0.04189474001108413,0.011382487184396205,0.28254606733621485,0.49872969665598255,0.010855038110584461,5839244.6,9263406,0.0026853810020348,0.0
2627,공덕,6호선,5,Transit-Dominant / Transfer-Oriented,Visually Dense but Transit-Captured,Stable Dense Urban Area,M-S+H-V+T-,0.005590244425947114,0.18061810108792115,0.19046194602293293,0.8256056702867424,0.04072192021869956,6638818.28,146941316,-0.1643791134680297,0.0
150,서울역,1호선,3,Transit-Dominant / Transfer-Oriented,Visually Dense but Transit-Captured,Stable Dense Urban Area,M-S+H-V+T-,0.007454759878202379,0.4142077018155775,0.06316084661124242,0.8518477071548708,0.03414669436544222,7608259.34,336972996,-0.3953363460004744,0.0
4102,김포공항,9호선,3,Low Demand / Peripheral,Visually Dense but Transit-Captured,Stable Dense Urban Area,M-S-H-V+T-,0.0005124445221040759,0.05085646118212205,0.2580330363576215,0.825829739091346,0.024177973891260224,3998217.54,41376589,-0.04178761901102,0.0
2754,부천종합운동장,7호선,5,Low Demand / Peripheral,Low Visual / Low Hidden,Stable Low-Intensity Area,M-S-H-V-T-,0.0,0.027748808993969996,0.2657710748247704,0.6035540291691444,0.0,658370.1799999999,22577867,-0.02774880899397,0.0
222,강남,2호선,0,Observed Core Demand,Visually Dense but Transit-Captured,Dynamic Dense Urban Area,M+S+H-V+T+,0.3922185451174605,1.0,0.0,0.8712553484502703,0.5084562872551294,181141237.6,813531431,-0.5099265137614228,0.0
