station_id,station_name,mobility_cluster,visual_cluster_pca8,mob_vis_agreement_pca8,mob_vis_mismatch_pca8,surrounding_total_flow,subway_total_activity,mobility_minus_subway_gap,outer_1km_plus_share,mapped_cell_count,active_cell_count
2546,아차산(어린이대공원후문),0,0,-0.9216624160474732,1.9216624160474733,166789824.09,145461656,0.2723051463596229,0.0085524917828936,40,35
2740,숭실대입구(살피재),0,0,-0.9104472913307098,1.9104472913307098,164704799.93,127585197,0.2886175773222462,0.0004329020163972,38,34
2749,철산,1,5,-0.8960290950680668,1.8960290950680667,228846966.66,184668913,0.3926176697707448,0.2202223258430845,96,71
2619,디지털미디어시티,3,4,-0.8919615902239546,1.8919615902239546,33462556.41,126233103,-0.066088550137619,0.0,9,9
2750,광명사거리,1,5,-0.8809583024142206,1.8809583024142205,235605602.13,189941466,0.4044886096444441,0.2663429347294357,131,92
2541,왕십리(성동구청),3,1,-0.8772027794478228,1.8772027794478228,44265272.46,54903593,0.0509237969326962,0.0,3,3
415,미아(서울사이버대학),0,0,-0.870180786335853,1.870180786335853,149639325.46,147470413,0.2232664111449114,0.2241337751082374,33,31
2537,동대문역사문화공원,3,1,-0.856789082804253,1.856789082804253,83250500.50999999,28260881,0.18953178614795,0.0,5,5
201,시청,3,1,-0.854548617455233,1.854548617455233,86970130.91,215360198,-0.030353228295416,0.0,6,6
410,상계,1,5,-0.8512023350209026,1.8512023350209026,208836382.0,178787776,0.3455111786684361,0.2469349627499292,66,36
416,미아사거리,0,0,-0.8389401086469228,1.8389401086469228,215883702.2,269528664,0.2531071239640315,0.0249426838854721,40,35
314,홍제,1,5,-0.8299462505081036,1.8299462505081037,238227911.64,162317598,0.4455647332370832,0.3520344215027683,82,71
4116,샛강,3,3,-0.8287115916452331,1.828711591645233,42620037.69,26192211,0.0817488473846907,0.0,3,3
318,안국,0,5,-0.8262246351403264,1.8262246351403264,183576844.96,209597543,0.2390509914224815,0.0635536211690649,40,29
2824,단대오거리,1,5,-0.8257036940954782,1.8257036940954783,269839175.43,92678671,0.6170014051339521,0.4435378622814079,95,67
420,혜화,0,1,-0.814638671893436,1.814638671893436,181611425.6,327836575,0.0883731242350262,0.0551632418329521,28,23
2646,태릉입구,3,1,-0.8113767850429433,1.8113767850429432,23879659.64,58079572,-0.0083341592462511,0.0,7,6
433,사당,3,1,-0.8108270455795591,1.810827045579559,98133101.93,219548572,-0.0051903041817421,0.0,9,9
2719,태릉입구,3,1,-0.8093378435768606,1.8093378435768606,44695913.36,83464975,0.0169850856093449,0.0,7,7
2617,새절(신사),0,5,-0.8027291950259812,1.8027291950259812,175682743.69,115988103,0.3326818065481394,0.1389221659872632,40,35
2717,하계,0,5,-0.7995794197295336,1.7995794197295336,164332297.23,170185485,0.2352412332535103,0.0331020448913126,46,30
2561,마천,1,5,-0.7966228352873623,1.7966228352873623,253468351.25,59766922,0.6130045307725955,0.4984772738170403,312,105
238,합정,3,1,-0.7950236860223928,1.7950236860223927,86060495.03999999,295289364,-0.1310732542201189,0.0,6,6
2536,을지로4가,3,1,-0.7879796841639239,1.787979684163924,24659385.29,58086284,-0.0062251845719516,0.0,3,3
2636,신당,3,1,-0.7603864758901057,1.7603864758901056,58301230.44,79346904,0.0589902235105297,0.0,4,4
227,낙성대,0,5,-0.7528230486026294,1.7528230486026293,149104979.81,263715437,0.0789254672023567,0.0459474001386808,46,34
155,동대문,3,1,-0.7518924806559272,1.7518924806559273,50177997.96,91973048,0.0214126013334575,0.0,5,5
425,회현(남대문시장),0,1,-0.7499040977903397,1.7499040977903397,163083128.9,227952290,0.1608415434440969,4.17679011062928e-05,12,11
208,왕십리(성동구청),3,1,-0.7377407983403301,1.7377407983403301,72003570.48,142677278,0.0183502397488824,0.0,5,5
2736,고속터미널,3,3,-0.7303151912248029,1.730315191224803,93693814.26,155107277,0.0619676341998557,0.0,11,11
2722,상봉(시외버스터미널),3,0,-0.7271843172444304,1.7271843172444306,63593185.77,157258839,-0.0224107261177148,0.0,8,8
2637,동묘앞,3,1,-0.7263991632293231,1.7263991632293232,36619547.42,75930413,0.0043165443014453,0.0,4,4
2734,논현,3,1,-0.7147896600726285,1.7147896600726285,104117075.17,173037408,0.0682304291701834,0.0,10,10
157,제기동,3,4,-0.709407599436443,1.709407599436443,80682427.6,126670104,0.0615925846329816,0.0,11,11
250,용두(동대문구청),3,0,-0.703484784588347,1.703484784588347,59132665.23,24036982,0.1292355871277905,0.0,12,12
230,신림,2,1,-0.7027731608844371,1.702773160884437,98414593.26,579214519,-0.4465323736551617,0.0094258865405181,13,13
2511,방화,4,2,-0.7016243694566934,1.7016243694566935,73761149.69,60002617,0.124747526364131,0.0859055415571844,82,24
2625,광흥창(서강),3,2,-0.6825150814674611,1.6825150814674612,56168938.31,87239703,0.0434983729671679,0.0,17,11
310,구파발,1,5,-0.6793366025217457,1.6793366025217455,203777136.62,178773332,0.331791330212683,0.2979221372278403,145,65
313,녹번,1,5,-0.674978512814908,1.674978512814908,155135963.88,126757215,0.2636526408226141,0.2718720703126236,74,56
159,동묘앞,3,1,-0.6711571819143061,1.671157181914306,50486135.0,72331246,0.0463932780287216,0.0,4,4
2618,증산(명지대앞),0,0,-0.6664881689547837,1.6664881689547837,153862445.64000002,92063681,0.302840375343174,0.2849137724781065,33,31
2517,우장산,0,4,-0.6654205476012587,1.6654205476012587,190743877.69,137321863,0.3473542446488776,0.2142690442543241,46,35
156,신설동,3,1,-0.6590978506587477,1.6590978506587477,34637266.84,100397683,-0.0311415446631588,0.0,5,5
2816,석촌,3,3,-0.6503344593281897,1.6503344593281897,60521633.16,80313641,0.0638310591697086,0.0,5,5
203,을지로3가,3,1,-0.6433904766614209,1.643390476661421,59328318.43,200807706,-0.0875221946924672,0.0,3,3
233,대림(구로구청),3,0,-0.6392616128157975,1.6392616128157975,110737251.13,234640179,0.0104835111658705,0.0,17,17
2533,서대문,0,1,-0.6298158801466579,1.629815880146658,128871339.53,158611357,0.1531795331013981,0.0,15,15
151,시청,3,1,-0.6273902078341451,1.6273902078341451,50733538.24,108322852,0.0028236776695365,0.0,4,4
2716,중계,0,5,-0.6251431168924185,1.6251431168924184,243142201.45,130842328,0.4975985742990838,0.1636961299298954,33,32
224,서초,3,1,-0.6212364004991248,1.6212364004991247,91317917.89,195615014,0.0057235755185197,0.0,18,14
204,을지로4가,3,1,-0.6196008510930165,1.6196008510930167,51284836.05,115831040,-0.0049085276356898,0.0,3,3
4130,종합운동장,3,4,-0.6161304395985358,1.6161304395985359,98464883.75,41089199,0.2150753573535209,0.0,20,14
4101,개화,4,4,-0.6085031970520431,1.6085031970520431,42607464.35,17055059,0.0929462215338598,0.7183814344962305,125,36
421,동대문,3,1,-0.6052573285064532,1.605257328506453,98425519.35,170485171,0.055913129575202,0.0,6,6
320,을지로3가,3,1,-0.6039242121645533,1.6039242121645532,30900806.64,87650397,-0.0256181856804077,0.0,3,3
2518,화곡,1,1,-0.6032256215752776,1.6032256215752776,240640177.86,266495286,0.3240581992377714,0.2743958685835722,54,52
4111,신목동,4,2,-0.5946075969972995,1.5946075969972995,125987174.22,18674615,0.3173602273110782,0.2183650842264283,42,25
2616,구산,4,5,-0.5921685010313171,1.5921685010313171,148916787.91,63787396,0.3241688072007402,0.1578729688570006,60,38
317,경복궁(정부서울청사),0,5,-0.5809462459893399,1.58094624598934,175745775.44,206418691,0.2216944151467518,0.1444521099095615,54,40
2743,신대방삼거리,0,1,-0.5764597961872191,1.576459796187219,112795367.11,142474532,0.129363312013967,0.0919775597687666,18,18
4128,삼성중앙,3,0,-0.5749049760848711,1.5749049760848712,108187856.52,49490263,0.2311498900386909,0.0,12,12
321,충무로,5,4,-0.5704654827379609,1.570465482737961,38409781.61,6240,0.1025047061667961,0.0,3,3
2818,가락시장,3,3,-0.5587630491459054,1.5587630491459055,54159865.35,75217601,0.0528207801780628,0.0,5,5
2725,용마산,4,5,-0.557153987774881,1.557153987774881,135937264.54,55970328,0.2985337558367532,0.406923223276448,56,27
330,교대(법원.검찰청),3,0,-0.548046703615171,1.548046703615171,65805718.27,107675752,0.0445452903217224,0.0,5,5
229,봉천,0,0,-0.5428590493055895,1.5428590493055894,157804166.3,213416608,0.1643747956359496,0.0,24,24
417,길음,0,1,-0.5404401321845089,1.540440132184509,178836222.14,207888875,0.2282788774091335,0.0,26,25
4124,사평,3,4,-0.539814300468634,1.539814300468634,97890337.08,16867299,0.2432891626672509,0.0,11,11
431,동작(현충원),3,4,-0.5367051544567447,1.5367051544567447,13595370.63,18491182,0.0124030377083271,0.0,12,8
338,일원,1,5,-0.533512939549576,1.533512939549576,137677827.02,85569177,0.266876666272049,0.3754832174427792,111,53
225,방배,0,3,-0.5288801256545256,1.5288801256545255,170169907.48999998,168353562,0.2533441920641576,0.0025645722938742,43,33
432,총신대입구(이수),0,0,-0.5236887366772337,1.5236887366772338,129631965.36,174800387,0.1353451133778091,0.0,16,16
4115,여의도,3,3,-0.5214901521763546,1.5214901521763546,102349764.59,103140581,0.1493497269461354,0.0,6,6
2823,남한산성입구(성남법원.검찰청),1,5,-0.5213261335178706,1.5213261335178707,214095899.07,109221632,0.4453042667318112,0.4007729411572984,264,78
337,대청,3,4,-0.5201752005471306,1.5201752005471305,78071040.63,89842607,0.0997706394342403,0.0672298863656122,23,18
2821,복정,4,4,-0.5084098636875084,1.5084098636875085,108702649.53,58262362,0.2217649444690368,0.4599536235425558,66,38
4127,선정릉,3,1,-0.4947263828277968,1.4947263828277968,29797708.33,67075134,-0.0033220783451474,0.0,6,5
2547,광나루(장신대),0,2,-0.49225592599150353,1.4922559259915036,125636623.54,132716690,0.1762262461033857,0.119278985838304,56,36
246,신설동,3,1,-0.4890519510790532,1.4890519510790532,51507735.63,32220243,0.0984722837980562,0.0,7,7
2532,충정로(경기대입구),3,1,-0.4881545729549632,1.4881545729549632,67738958.29,39550153,0.1335356462292634,0.0,7,7
2611,응암,1,0,-0.4880326279179846,1.4880326279179845,240498375.91,159218648,0.4555391027043245,0.188167652312692,48,43
2645,석계,3,1,-0.48672234712846746,1.4867223471284674,54917832.81,116582469,0.004032649630257,0.0,10,9
2735,반포,3,3,-0.48437113313152774,1.4843711331315277,38870795.4,57065272,0.0336187575265733,0.0,5,5
4709,북한산보국문,1,5,-0.4833838074266066,1.4833838074266066,173775205.82999998,29966015,0.4332417352075597,0.1833600673226721,136,66
340,가락시장,3,3,-0.481764202501162,1.481764202501162,46502902.41,87547018,0.0168739822525438,0.0,11,10
4103,공항시장,3,1,-0.47798331241208764,1.4779833124120876,21393908.14,13044474,0.0402739373858811,0.0,6,6
4102,김포공항,3,3,-0.4772280485568891,1.4772280485568892,3998217.54,41376589,-0.04178761901102,0.0,1,1
226,사당,3,1,-0.4756226675094393,1.4756226675094393,85434779.17,399378692,-0.2607203482978983,0.00169917358493,26,21
424,명동,2,5,-0.4738728211990676,1.4738728211990675,223023993.25,269018763,0.273122264292377,0.0408375440564845,16,13
4118,노들,3,2,-0.4738024467638696,1.4738024467638695,96622514.7,21627463,0.2339953256470659,0.0376375982481027,30,23
2639,보문,3,1,-0.47327829691612877,1.4732782969161287,41999258.25,72784822,0.0227909266807463,0.0,6,6
2554,상일동,1,4,-0.4693192253908181,1.469319225390818,178306575.92000002,134070701,0.3175790371408212,0.1813600467798159,69,53
419,한성대입구(삼선교),0,5,-0.46793024733771904,1.4679302473377192,150057340.69,136835664,0.2374738495670708,0.2458389798217875,50,46
331,남부터미널(예술의전당),0,0,-0.46528610463014225,1.4652861046301422,209156551.59,276384365,0.2264134568253413,0.015270891376432,49,30
2827,모란,3,3,-0.46180171163441514,1.461801711634415,53636086.98,47708714,0.0852128494322155,0.0,9,8
336,학여울,3,4,-0.46008030193842664,1.4600803019384268,77566824.15,22538835,0.1811322556027756,0.0,17,14
2730,뚝섬유원지,4,2,-0.4546984109653944,1.4546984109653944,99588489.38,85024427,0.1641205385711154,0.0,46,26
4121,구반포,3,2,-0.4544195334632505,1.4544195334632506,65486125.89,12083104,0.1611813071656205,0.0,20,17
2732,강남구청,3,0,-0.452015983116695,1.452015983116695,54805569.73,143963558,-0.0299294013314633,0.0,6,6
4106,양천향교,4,2,-0.4505778442632812,1.450577844263281,118123776.11,40995645,0.2685710558689385,0.1101394570038521,89,44
2621,마포구청,0,2,-0.44598747990218446,1.4459874799021843,119860594.55,126995857,0.1675744551494806,0.0116018749549912,30,23
2553,고덕,0,2,-0.44508424980531885,1.445084249805319,174606434.02,95925380,0.3544206329764241,0.0650401166700374,53,37
2825,신흥,4,3,-0.4433484855128135,1.4433484855128134,139196890.49,40007437,0.327006578131878,0.1477597740696484,54,34
4117,노량진,3,4,-0.44330869689407115,1.4433086968940712,80110889.5,127014406,0.0596174399306831,0.0,10,10
430,이촌(국립중앙박물관),3,2,-0.4429558028651403,1.4429558028651404,44384082.22,79660995,0.0208142615334312,0.0,18,12
2523,양평,3,4,-0.43628560892871115,1.4362856089287113,97038861.95,62334933,0.185087660748578,0.0,21,17
414,수유(강북구청),0,0,-0.43097567567923845,1.4309756756792384,203488513.32,343369007,0.1286843106220707,0.0659722319013107,31,31
239,홍대입구,2,0,-0.4304349386019189,1.4304349386019188,232294290.37,599957152,-0.1084997682762007,0.0,12,12
2718,공릉(서울과학기술대),0,0,-0.4300177973174338,1.4300177973174337,133150589.4,114920303,0.2185048334762091,0.0081947151335704,26,25
2738,이수,3,1,-0.4239372522671827,1.4239372522671827,59917911.39,148362408,-0.021454751307351,0.0,9,9
4108,증미,4,2,-0.4202660338331666,1.4202660338331665,97890754.79,32082684,0.2245873326989651,0.1050150499100059,49,25
2629,삼각지,3,1,-0.4194755501230959,1.4194755501230958,20520767.98,65235619,-0.0262510264148835,0.0,8,8
243,충정로(경기대입구),3,1,-0.4151770212049943,1.4151770212049943,17676483.33,97658154,-0.0738284780208315,0.0,4,4
234,신도림,3,1,-0.41460289869214745,1.4146028986921475,50752305.51,423889317,-0.3850240781200641,0.0,9,9
413,쌍문,0,0,-0.4031355753792505,1.4031355753792505,239649333.77,283088037,0.3009716726439251,0.1501808997497218,42,42
422,동대문역사문화공원,3,1,-0.4025231866013349,1.4025231866013348,16972796.259999998,166502216,-0.1603633166502611,0.0,2,2
231,신대방,0,4,-0.40198707733080746,1.4019870773308074,195200972.85,235300612,0.2390199519244265,0.140723235027668,34,32
236,영등포구청,3,0,-0.39739978633106166,1.3973997863310617,82336129.35,184594103,-0.005118032710582,0.0,9,9
2744,보라매,3,1,-0.3930654820682451,1.393065482068245,30004787.69,77000568,-0.0149602685597534,0.0,4,4
2814,몽촌토성(평화의문),3,3,-0.3901316849136838,1.3901316849136838,84518347.45,62320409,0.1511079811326285,0.0,10,10
4105,마곡나루,3,2,-0.38312990823524823,1.3831299082352482,63558328.78,42714647,0.1182939490433007,0.0006811922344569,23,15
4120,동작(현충원),4,2,-0.3809041739337507,1.3809041739337506,5839244.6,9263406,0.0026853810020348,0.0,26,9
2728,어린이대공원(세종대),0,0,-0.37731910624409026,1.3773191062440904,158095427.09,133142423,0.2638398212589081,0.0,25,23
205,동대문역사문화공원,3,1,-0.37683957664010204,1.376839576640102,53229374.81,153098842,-0.0454385353250277,0.0,4,4
152,종각,2,1,-0.37481128862493274,1.3748112886249326,161161367.39,209572449,0.1782160532390078,0.0,6,6
2715,노원,3,1,-0.3737596844996874,1.3737596844996873,91459464.65,200192367,0.0004813776175942,0.0,13,10
2545,군자(능동),3,0,-0.36550647640920914,1.365506476409209,52374963.39,119308818,-0.0062233877890012,0.0,11,10
153,종로3가,3,1,-0.3652152862067963,1.3652152862067963,68492102.08000001,189993249,-0.0493460667627708,0.0,3,3
202,을지로입구,2,1,-0.3575300534375636,1.3575300534375636,251067436.83,417701659,0.1665068283330752,0.0,7,7
2826,수진,0,3,-0.3536864135158776,1.3536864135158777,163953600.81,40535367,0.3935806809513338,0.2123493109513731,47,34
2635,청구,3,1,-0.35096444797301907,1.350964447973019,37933435.62,36048780,0.0569072672282286,0.0,5,5
232,구로디지털단지,2,0,-0.3463091940613751,1.3463091940613752,290029165.87,527334634,0.1375390278319765,0.0654703815495271,37,36
342,오금,3,3,-0.3450814551143343,1.3450814551143342,24707519.08,54025343,-0.0011027191494971,0.0,8,8
220,선릉,2,1,-0.34424600208307926,1.3442460020830793,142099056.42,435697880,-0.1515012669430928,0.0,8,8
426,서울역,3,1,-0.33755551582595167,1.3375555158259518,68301765.66,135602721,0.0169947022075224,0.00026464030359,10,10
2627,공덕,3,3,-0.33251440643144914,1.3325144064314491,6638818.28,146941316,-0.1643791134680297,0.0,1,1
2811,암사,0,2,-0.3310868978813277,1.3310868978813277,150583863.26,167541508,0.2011594874774215,0.0211241454504837,56,26
4134,송파나루,5,3,-0.3246396391710538,1.3246396391710538,96112123.17,35111412,0.2160347770632787,0.0,12,12
2724,사가정,0,5,-0.3220933383029646,1.3220933383029645,119710464.12,150632993,0.1381117006467868,0.0562403926798842,58,36
334,도곡,3,3,-0.3194073415094338,1.3194073415094338,69452178.71000001,52593660,0.1221543715970513,0.0,4,4
4113,당산,3,4,-0.3147136453753832,1.3147136453753832,92332063.1,92707994,0.1349720802263187,0.0,13,11
228,서울대입구(관악구청),2,0,-0.31466049183750655,1.3146604918375067,226481265.15,456459609,0.0521050434399781,0.0,26,26
4112,선유도,4,2,-0.30992233721435813,1.309922337214358,83771774.48,35027636,0.1826294355405223,0.0,30,18
4704,가오리,4,5,-0.30841810113681417,1.3084181011368141,98729262.22,19963731,0.2417609573901456,0.0205167710611096,36,23
429,신용산,3,4,-0.29148947604161146,1.2914894760416114,54447338.12,155918493,-0.0455972976307047,0.0,8,7
2514,송정,4,4,-0.2898658476831718,1.289865847683172,60632369.51,69504583,0.0774183920844502,0.1169633723259053,34,25
2641,고려대(종암),0,0,-0.2879822683734628,1.2879822683734627,122419705.0,81200234,0.2308159469851542,0.0,26,25
154,종로5가,0,1,-0.28769229930050433,1.2876922993005042,166010835.2,150549890,0.2639353933121137,0.0,11,11
2534,광화문(세종문화회관),2,1,-0.2866421744601312,1.2866421744601313,203631362.42,308591322,0.1718214125455266,0.0,8,8
206,신당,3,1,-0.28589510769209037,1.2858951076920904,86714066.8,139820018,0.06180651548266,0.0,11,11
2613,불광,3,1,-0.28565642285668147,1.2856564228566816,74999090.47,47134938,0.1439260954026011,0.0,6,6
4138,중앙보훈병원,1,5,-0.2844283203525536,1.2844283203525535,111209893.78,59867078,0.2266004414994352,0.5501715076811217,130,74
2729,건대입구,0,0,-0.2840942605249443,1.2840942605249444,148176678.8,136598460,0.2326587757394479,0.0,11,11
4705,화계,4,5,-0.28351009605911054,1.2835100960591106,75904011.81,15651716,0.1850828873344729,0.0302237910130826,43,21
2631,이태원,0,1,-0.2803697275757007,1.2803697275757007,123250074.33,131413586,0.1713477322115209,0.0,19,19
2640,안암(고대병원앞),0,0,-0.2752021268202963,1.2752021268202962,129267985.31,111404335,0.2122840959014438,0.0,16,16
158,청량리(서울시립대입구),3,0,-0.27501475907006934,1.2750147590700693,99994100.51,150042392,0.085300920686724,0.0,11,11
241,이대,3,1,-0.2699866100595312,1.2699866100595312,67212191.75,155964943,-0.0109933965482309,0.0,10,10
2620,월드컵경기장(성산),4,4,-0.2634066363152947,1.2634066363152947,60324109.02,60863015,0.087203694435985,0.0477454413631719,38,20
2538,청구,3,1,-0.26095361711295184,1.2609536171129518,11920952.76,36378865,-0.0141313769579177,0.0,3,3
4133,석촌,5,3,-0.2433366165856346,1.2433366165856345,48733336.83,49772018,0.0693639427985573,0.0,6,6
309,지축,4,5,-0.24157273195477066,1.2415727319547707,53812444.88,30030807,0.1074216529067277,0.3725910035255027,89,51
240,신촌,2,1,-0.23835100425596834,1.2383510042559682,163267181.77,366568106,-0.0090471903619677,0.0,10,10
2626,대흥(서강대앞),0,0,-0.23727959717607655,1.2372795971760766,178231405.17,83903865,0.3790406994660885,0.0,15,15
2558,오금,3,3,-0.22234292205736378,1.2223429220573638,41404479.54,36806238,0.0654012755181467,0.0,5,5
2530,공덕,3,1,-0.22107070216003205,1.221070702160032,86103798.05,125289357,0.0780107163618559,0.0,9,9
4713,신설동,3,1,-0.2152875778766886,1.2152875778766885,32199133.09,9386445,0.0741103654174597,0.0,6,6
2739,남성,0,1,-0.20091758586370434,1.2009175858637042,178544655.85,102693202,0.3567951675261577,0.0001881604343746,30,27
2526,신길,3,4,-0.20027301367537803,1.200273013675378,30228492.51,38540201,0.0329231889008174,0.0,9,7
332,양재(서초구청),2,0,-0.1991293141774139,1.199129314177414,133145229.05,361173090,-0.0842070940495268,0.0,17,16
2760,굴포천,5,4,-0.19796344385360098,1.197963443853601,30258586.39,41487231,0.0293823736840742,0.0,9,9
4701,북한산우이,4,5,-0.19755814224260068,1.1975581422426007,59107439.46,14511471,0.1408759818662233,0.4194961569394297,366,36
249,신정네거리,1,3,-0.19605125721351763,1.1960512572135176,239125569.46,85419751,0.5425260948670856,0.3603671281770421,60,57
2615,연신내,5,5,-0.19599788428556916,1.1959978842855692,93006426.98,3434,0.2507569543319379,0.1079108886975974,28,17
2623,합정,3,2,-0.19505377568817997,1.19505377568818,59453762.39,137191882,-0.0089841096758967,0.0,23,14
411,노원,0,0,-0.18488745214743435,1.1848874521474344,165253309.7,217868491,0.1791294827124508,0.0845697963046606,16,16
207,상왕십리,3,1,-0.18397050919230182,1.1839705091923018,108247930.54,128402607,0.1343128541095234,0.0,13,13
222,강남,2,3,-0.17105304907838573,1.1710530490783857,181141237.6,813531431,-0.5099265137614228,0.0,7,7
2527,여의도,3,3,-0.16375431005243782,1.163754310052438,103155100.96,231476515,-0.0062158321760413,0.0,5,5
235,문래,3,1,-0.15537452424777143,1.1553745242477715,105988303.36,177940065,0.0672850471104252,0.0,15,15
218,종합운동장,3,4,-0.15182756805369788,1.1518275680536978,45760629.33,122664308,-0.0283082105761481,0.0,16,12
2614,독바위,4,5,-0.14827544751643051,1.1482754475164305,66583902.120000005,27055573,0.1457577813412834,0.2955610335743416,180,31
2746,대림(구로구청),0,0,-0.14802460848053325,1.1480246084805332,120690785.42,72776598,0.23647578286872,0.0,15,15
2560,거여,1,4,-0.14735553098758034,1.1473555309875803,209602046.57,82324537,0.4661641865978613,0.5080543103592082,40,37
2726,중곡,0,5,-0.14144710552290624,1.1414471055229063,112011496.63,92591674,0.1885515394175224,0.0902477519195343,38,27
2551,굽은다리(강동구민회관앞),0,0,-0.14089508608496026,1.1408950860849603,155152599.10999998,94153032,0.3037753293025735,0.0214512339405952,26,21
4135,한성백제,5,4,-0.1385403005930501,1.1385403005930501,48645764.98,17477013,0.1088236270445825,0.0,15,9
4123,고속터미널,3,2,-0.13657256934322032,1.1365725693432203,100800660.32,99467007,0.149658980974395,0.0,12,11
2516,발산,0,0,-0.13459286979792442,1.1345928697979244,191438578.78,171367611,0.3073910887393377,0.0120593448024551,22,22
2755,춘의,5,4,-0.13324092260371032,1.1332409226037103,87380292.53,40756458,0.1853858634929601,0.3166925253826453,25,24
210,뚝섬,3,1,-0.13252415378651794,1.1325241537865178,94463480.91,198303955,0.0109595845144281,0.0,12,12
150,서울역,3,3,-0.12859358899726164,1.1285935889972616,7608259.34,336972996,-0.3953363460004744,0.0,1,1
428,삼각지,0,1,-0.12356182738319979,1.1235618273831998,136813104.95999998,52166767,0.3055873562960804,0.0,9,8
248,양천구청,0,0,-0.12047813067713646,1.1204781306771365,187174444.5,59881157,0.4328531971143211,0.122733712453999,40,36
328,잠원,3,2,-0.11410794447991385,1.1141079444799138,75874352.13,51787166,0.1405841501426032,0.0,23,17
2524,영등포구청,3,0,-0.11359026176396261,1.1135902617639626,53876605.5,38805540,0.0968098465946208,0.0,7,7
418,성신여대입구(돈암),3,1,-0.11024948593553874,1.1102494859355387,83935242.7,211443554,-0.0337796071450469,0.0,11,11
2520,신정(은행정),3,0,-0.10044703649760317,1.1004470364976031,82341978.2,120094670,0.0741814547163045,0.0,14,14
4137,둔촌오륜,5,3,-0.09880391666152674,1.0988039166615267,72897256.17,9666676,0.1842753994670399,0.1500343869527016,42,37
2642,월곡(동덕여대),0,1,-0.09852016103379932,1.0985201610337993,141217859.31,111153774,0.2450401351392764,0.0,28,26
2737,내방,3,1,-0.09800675281419471,1.0980067528141948,106087718.5,127217397,0.1299040070599037,0.0,21,20
4122,신반포,3,2,-0.08221215911456817,1.0822121591145681,89297036.8,17996790,0.2185669904028065,0.0,20,17
2813,강동구청,0,2,-0.08137602502022362,1.0813760250202236,147096886.68,99440912,0.2754013442581255,0.0098781009088315,34,28
2519,까치산,1,0,-0.0751055600739623,1.0751055600739623,368935521.44,261857667,0.6781251119007279,0.1831055203801684,57,57
247,도림천,3,4,-0.0732609239513386,1.0732609239513387,84922454.67,10899897,0.2154120852059157,0.0,21,19
4114,국회의사당,0,2,-0.07136683907940447,1.0713668390794044,150937096.54,73392663,0.3178477161326796,0.0,29,21
4126,언주,3,0,-0.06807632309703716,1.0680763230970372,98711488.42,73096202,0.1764015183760985,0.0,10,10
2634,약수,3,1,-0.06470032076249521,1.0647003207624952,51319833.89,35270341,0.094212842353025,0.0,5,5
212,건대입구,2,0,-0.0646073837669512,1.0646073837669512,135515272.23,405439911,-0.1321850019990776,0.0,12,12
4702,솔밭공원,4,5,-0.062069844759847365,1.0620698447598473,56214834.69,11799111,0.1363556290810444,0.33803162483337,64,26
2556,올림픽공원(한국체대),3,3,-0.06104522807057709,1.061045228070577,18780625.0,51184206,-0.0137039236945604,0.0065756102366135,12,11
4110,염창,0,2,-0.059515874292035906,1.0595158742920359,146291421.26,84493827,0.2915873927907348,0.1902839315541694,39,28
2542,마장,3,1,-0.056528021591849276,1.0565280215918493,40356680.2,56506339,0.0383404975866761,0.0,8,8
4712,보문,3,1,-0.04698013325409353,1.0469801332540936,23658465.26,7312348,0.0534690036881957,0.0,6,6
4703,4.19민주묘지,4,5,-0.04442369628962953,1.0444236962896296,68407012.76,14978956,0.1655529047118442,0.0080835482750876,97,24
2711,장암,4,5,-0.03718557685625308,1.037185576856253,29919684.220000003,17022764,0.0585342021703164,0.0053913426630409,119,20
2644,돌곶이,0,0,-0.03632893951649145,1.0363289395164914,116805409.42,87410716,0.20793717885971,0.2083625485399202,27,27
2713,수락산,4,5,-0.034485756690916206,1.0344857566909162,89803727.23,121915767,0.0922041694151022,0.014095858257174,50,23
223,교대(법원.검찰청),2,0,-0.03348069857178804,1.033480698571788,139301573.28,321268487,-0.0184391910139197,0.0,12,11
4109,등촌,0,2,-0.03338979384756911,1.0333897938475691,166628277.6,51467163,0.3874058380324631,0.0611662331676169,37,34
329,고속터미널,2,3,-0.03235451543903162,1.0323545154390317,135770848.99,481882493,-0.2254553142695354,0.0,2,2
2733,학동,0,0,-0.016201333471542956,1.016201333471543,156134300.39,190359598,0.1881825308124421,0.0,17,17
2742,장승배기,0,1,-0.015383944742848599,1.0153839447428485,112560313.86,91965457,0.1908115229532015,0.0,20,20
237,당산,3,2,-0.012585999756816652,1.0125859997568167,38002773.48,195550598,-0.1389663235333729,0.0,18,9
323,약수,3,1,-0.009440844662105041,1.009440844662105,24215955.07,124630612,-0.0892264705069833,0.0,4,4
322,동대입구,3,1,-0.005092221350121912,1.0050922213501219,74845248.71,91249151,0.0892825537094193,0.0,13,11
2721,중화,3,1,-0.002321312803478244,1.0023213128034782,67082622.120000005,105866202,0.050236850652458,0.0,16,15
2761,부평구청,5,0,-0.0017427048185161553,1.0017427048185161,43395481.66,54750880,0.0487497306592182,0.0,9,9
2812,천호(풍납토성),3,0,0.0005393657293992493,0.9994606342706007,41226098.03,171218782,-0.1003048723694608,0.0,9,8
335,대치,0,3,0.005582083087190756,0.9944179169128092,119093914.8,109761174,0.1866777676862926,0.0,11,11
409,불암산,4,5,0.00619474309877123,0.9938052569012288,54991395.7,105740100,0.017559990075353,0.1775808738020446,145,37
2513,김포공항,4,4,0.0073756549552062844,0.9926243450447937,20844394.08,74272759,-0.0364808484529609,0.0821222695862599,72,10
242,아현,3,1,0.009622128327124668,0.9903778716728753,90603253.94,97541365,0.1243365173897717,0.0,13,13
219,삼성(무역센터),2,0,0.013760742664447018,0.986239257335553,181500432.71,487703362,-0.1084387519642239,0.0,11,11
245,신답,3,4,0.01548639720009308,0.984513602799907,52124938.68,16734917,0.1191829832670075,0.0,13,13
4708,솔샘,4,5,0.020732561846209627,0.9792674381537904,76139489.93,28214701,0.1702796949835527,0.0059997626779478,51,18
319,종로3가,3,1,0.029573569021946994,0.970426430978053,22360607.59,79508870,-0.0388001046342577,0.0,3,2
311,연신내,3,5,0.039174667067993316,0.9608253329320067,72975649.59,328424958,-0.2073338768056563,0.069449659968419,21,19
2522,오목교(목동운동장앞),0,4,0.04108827860376961,0.9589117213962304,204464706.26,217591617,0.2859423406702397,0.0158299554930727,27,25
4107,가양,1,2,0.044433608014248394,0.9555663919857516,212046872.73,98720181,0.4526489811880185,0.1719634998646272,55,40
2529,마포,0,2,0.05178100164244327,0.9482189983575567,139121732.04,121486668,0.2266470857892819,0.0,30,20
2543,답십리,0,0,0.058258510965698035,0.941741489034302,146660977.34,143696610,0.2198179760630624,0.1664936139310743,23,22
2630,녹사평(용산구청),3,0,0.06376735756367345,0.9362326424363265,71320654.14999999,55103627,0.1241426429037076,0.143024951209032,28,18
2727,군자(능동),3,0,0.06700753323084457,0.9329924667691554,90741639.41,119738876,0.0974267906674988,0.0,13,13
2647,화랑대(서울여대입구),0,1,0.06907506142401415,0.9309249385759859,106649946.97,104036005,0.1599255435473296,0.0276472091526629,32,24
325,옥수,3,2,0.0708052251775402,0.9291947748224598,50908338.02,81230840,0.036600199933904,0.0,9,9
2628,효창공원앞,3,1,0.08016235711254871,0.9198376428874513,73151698.37,65674046,0.116121255073649,0.0,10,9
2822,산성,4,3,0.08042857845327278,0.9195714215467272,65223843.54,50277278,0.1135203065129269,0.0854188117046988,59,33
2820,장지,1,4,0.10365527694473851,0.8963447230552615,224103669.77,154855045,0.41638559992996,0.2616778461066073,40,38
2535,종로3가,3,1,0.11029716945935863,0.8897028305406414,56665481.88000001,138047559,-0.0176070669861234,0.0,5,4
412,창동,0,1,0.11143350173758385,0.8885664982624162,174946050.07,225991626,0.1954635581788218,0.0,25,23
2751,천왕,4,5,0.11684878385976484,0.8831512161402352,81644003.02,87113318,0.1128273498772569,0.030999248767604,64,36
339,수서,3,3,0.11727605055856173,0.8827239494414383,80907320.25,182189823,-0.0060423695873312,0.0,10,10
2525,영등포시장,0,1,0.120038409857902,0.879961590142098,169277354.28,99909037,0.3350535690832928,0.0,14,14
2531,애오개,3,1,0.12068477511956666,0.8793152248804333,80682684.52,61246182,0.1420132828513244,0.0,13,13
2555,둔촌동,0,0,0.12129777556651834,0.8787022244334817,113708171.79,93781232,0.1916963786927271,0.0,18,18
2540,행당,3,1,0.12260583544905691,0.8773941645509431,99189997.65,73413390,0.1773109447142884,0.0,13,13
4710,정릉,4,5,0.13367665013597238,0.8663233498640276,109561465.58,22022112,0.2686439499689728,0.0739523019074969,30,26
324,금호,3,1,0.13480136344610702,0.865198636553893,63266209.14,77024415,0.0753266960367139,0.0,12,12
2648,봉화산(서울의료원),4,0,0.14658613358322103,0.853413866416779,60296004.89,85296293,0.0570936547063287,0.1090362642101079,33,23
315,무악재,4,5,0.14676811202777212,0.8532318879722278,84474111.95,37814571,0.1811107854831757,0.4023790766823207,57,32
2754,부천종합운동장,5,3,0.14803801025698587,0.8519619897430142,658370.1799999999,22577867,-0.02774880899397,0.0,6,2
2552,명일,3,0,0.1553341331792778,0.8446658668207222,106375456.63,86606462,0.1806048454166683,0.0,15,15
221,역삼,2,0,0.16157752672688147,0.8384224732731185,321518950.32,423543667,0.3506260068103084,0.0,21,21
2643,상월곡(한국과학기술연구원),3,0,0.16838287805183322,0.8316171219481667,58352517.63,57016092,0.0865788326431924,0.0836734229868052,24,17
4131,삼전,5,0,0.17617806238382971,0.8238219376161703,100590115.71,45637099,0.2152557557603419,0.0,18,15
2759,삼산체육관,5,4,0.1771652599126145,0.8228347400873854,64183802.1,22296207,0.1450909579316543,0.0,17,14
2758,상동,5,4,0.1810783000324796,0.8189216999675204,102515787.98,62818199,0.1993653742478315,0.0,15,14
4136,올림픽공원(한국체대),5,3,0.1909008405653187,0.8090991594346812,45637605.34,49310260,0.0615255591481355,0.0,12,9
2559,개롱,0,3,0.2022977453883102,0.7977022546116899,117179488.02,66360408,0.2348282650144906,0.0522823578044167,28,27
2624,상수,0,2,0.20568440540710003,0.7943155945928999,145193537.22,99565654,0.2700797567322762,0.0111277990806979,25,16
2550,길동,0,3,0.20993996388214028,0.7900600361178597,151097624.98,79999489,0.3101624034503287,0.0,16,16
423,충무로,3,1,0.21367916544895643,0.7863208345510435,54473814.41,246826569,-0.1572708846976359,0.0001675893289074,15,14
2757,부천시청,1,4,0.22007047977918112,0.7799295202208189,189524526.42,56311715,0.443622091424271,0.4351262478675028,47,39
4132,석촌고분,0,0,0.22610336748951887,0.7738966325104811,137262517.05,41753917,0.3196072867093837,0.0,25,22
2815,잠실(송파구청),2,3,0.2305922565372211,0.7694077434627788,174068740.20000002,151644123,0.2844703493201392,0.0,7,7
2723,면목,0,4,0.23200748946711913,0.7679925105328809,127345932.81,145036374,0.165724084706675,0.0916210209666295,31,29
427,숙대입구(갈월),3,0,0.23264388026040828,0.7673561197395917,70480289.66,134586300,0.0241595482090629,0.1361881156604769,19,17
2817,송파,0,3,0.24858477839296494,0.7514152216070351,120482412.71,74271161,0.2340728410442165,0.0,20,20
2521,목동,0,0,0.2605483475379212,0.7394516524620788,151060745.16,170209982,0.1991742613914635,0.2373105392935161,31,29
2549,강동,0,0,0.2610708921601832,0.7389291078398168,160954161.87,180225638,0.2137269293143177,0.0,16,16
215,잠실나루,0,2,0.27322594995988303,0.726774050040117,138266495.53,139806175,0.2018062280932524,1.99103910853276e-05,29,20
2752,온수(성공회대입구),3,0,0.27602782202562504,0.723972177974375,49034155.47,87128181,0.0242620511854627,0.0370872683044906,23,19
4119,흑석(중앙대입구),4,2,0.27621671016325694,0.7237832898367431,102904220.32,47554752,0.2191821452436614,0.0287575296795174,32,20
2712,도봉산,3,5,0.28309242577129506,0.716907574228705,51250283.66,95655619,0.0197975605271182,0.0,19,15
327,신사,2,1,0.2895104903130543,0.7104895096869457,202507190.72,269188254,0.2172036997480206,0.0,17,17
213,구의(광진구청),0,2,0.3176066942167024,0.6823933057832976,253085011.18,230911346,0.4015905084243417,0.0561534128541985,35,33
2741,상도,3,1,0.3247759645919782,0.6752240354080218,108277828.38,104542589,0.1637231051676797,0.0008298266722219,20,20
2753,까치울,5,3,0.3354170614884428,0.6645829385115571,36773537.46,36085101,0.0537130957697017,0.4175316485856511,48,28
4104,신방화,3,1,0.33867013155868064,0.6613298684413194,82260342.51,32317872,0.1818562541677692,0.0,16,16
2819,문정,0,3,0.34549451419065447,0.6545054858093455,179469453.45000002,164574008,0.2832415604523063,0.0233970256178991,24,23
2747,남구로,0,0,0.34847457965257295,0.651525420347427,157225083.44,116946794,0.2813844306890896,0.0,23,23
434,남태령,4,5,0.3498306346239844,0.6501693653760157,14628581.6,12484496,0.0225920657931065,0.0289503447142134,108,22
2544,장한평,0,4,0.3582814063194427,0.6417185936805573,200298569.81,172842999,0.3296354650204781,0.2659162996047555,39,34
2528,여의나루,0,2,0.38777355499629584,0.6122264450037042,156345624.33,110323443,0.2871379103980769,0.0131891677738775,39,25
333,매봉,0,0,0.40509882291772464,0.5949011770822754,179798030.38,99300869,0.3643684166210259,0.0500060366679084,29,29
2748,가산디지털단지,0,0,0.4062903683234976,0.5937096316765025,166908127.43,278241882,0.1094110687131117,0.022506314388887,18,17
2632,한강진,0,1,0.4301611195824463,0.5698388804175537,115464183.94,88752784,0.2026455984462016,0.0088818938046876,28,25
2745,신풍,0,1,0.43290893457212426,0.5670910654278758,124199873.96,99318543,0.2133784431782975,0.0,25,25
312,불광,3,1,0.44129949009435543,0.5587005099056446,61007530.3,155555183,-0.0273375183314502,0.0007831815148891,14,14
2756,신중동,5,4,0.4512968788259339,0.548703121174066,130515006.01,63789225,0.2741993485751872,0.3936226778096595,32,32
2612,역촌,3,0,0.45288900461865483,0.5471109953813451,95354378.32,37767125,0.2107127977997916,0.0,15,15
4707,삼양사거리,3,0,0.4531051684906848,0.5468948315093152,61800376.11,11804205,0.1515160466925091,0.0,12,12
217,잠실새내,0,4,0.46440083569394225,0.5355991643060578,147618715.86,230253718,0.1160213592080486,0.0,27,21
2714,마들,0,1,0.4923285292698314,0.5076714707301686,132368658.65,111216606,0.2209342568965576,0.0,29,24
2731,청담,0,2,0.49449263375900954,0.5055073662409905,120675629.21,181674869,0.1025753496633014,0.0,24,21
2539,신금호,3,1,0.49641215137839445,0.5035878486216055,110527048.83,60641167,0.2237947599581669,0.0,14,14
2720,먹골,3,4,0.5048654454219923,0.4951345545780077,75466216.05,96588619,0.0844053462819632,0.0,19,16
2638,창신,3,1,0.5059269463077446,0.4940730536922554,58299042.65,31278804,0.1180702641812071,0.0,13,13
2512,개화산,3,1,0.5144723747956563,0.48552762520434367,45797777.940000005,48293749,0.063209992773111,0.0,16,9
4711,성신여대입구(돈암),3,1,0.5253026609701087,0.4746973390298913,67237219.59,17561751,0.1592017033934338,0.0,8,8
2515,마곡,0,4,0.546023758417642,0.45397624158235805,137164328.92,79354376,0.2731216614773952,0.0930354796358376,26,24
214,강변(동서울터미널),0,2,0.548877684219087,0.451122315780913,137671871.79,359864383,-0.0703070104736582,0.0069504990203053,36,25
244,용답,3,4,0.5489087370994155,0.45109126290058454,53846425.11,27015285,0.1112206428459865,8.827976955367464e-05,17,14
211,성수,2,0,0.5660419591003627,0.4339580408996373,271949529.45,328911927,0.3323505225323114,0.0246796342452726,32,30
2622,망원,0,2,0.5831255278915939,0.4168744721084061,157131800.04999998,140841456,0.2517594810226004,0.0326998154947948,25,22
316,독립문,3,5,0.596427294547127,0.40357270545287305,76282015.39,70845903,0.1182638308019306,0.0010911030545597,33,26
2548,천호(풍납토성),0,2,0.6177450820532873,0.38225491794671274,144064688.28,202050593,0.1410386195482601,0.0,17,15
341,경찰병원,0,3,0.6217707329714944,0.37822926702850557,154711473.7,65260295,0.3380928777541145,0.0,15,15
2633,버티고개,3,1,0.6275095711893469,0.3724904288106531,56855946.89,21573573,0.1260815652279487,5.963545038762435e-05,19,17
4129,봉은사,0,2,0.6552739146569326,0.34472608534306737,183475247.15,135248081,0.3301665174659014,0.0,16,14
326,압구정,2,2,0.7022469574249531,0.29775304257504687,227892489.42,287406681,0.2637392311917464,0.0,31,27
4706,삼양,3,0,0.7069769355343942,0.2930230644656058,44677957.81,10190388,0.1070064779600843,0.0,12,10
216,잠실(송파구청),2,4,0.7138175053565962,0.28618249464340384,260884211.79,762155734,-0.2302449980506048,0.0,16,16
209,한양대,3,4,0.7394938032107461,0.2605061967892539,82088040.33,95117644,0.1041940353967167,0.0,14,14
2557,방이,0,3,0.7960468269307592,0.20395317306924077,123831956.28,72473083,0.2453782344266534,0.0,17,16
