env_name,seed,meta_file,pt_file,completed_episodes,target_episodes,done,status,eval_mean,best_eval_mean,last_reward,elapsed_sec,global_step,pt_size_mb,pt_top_keys,pt_score_candidates,pt_error
FULL_EU0,0,FULL_EU0_seed0_meta.json,FULL_EU0_seed0_latest.pt,,,,finished,,,,,,8.88,"epoch, policy, value, optim, value_optim, anchor_policy, baseline, ep_rewards, collapse_count, spike_count","{""ep_rewards"": ""<list>""}",
FULL_EU0,1,FULL_EU0_seed1_meta.json,FULL_EU0_seed1_latest.pt,,,,finished,,,,,,8.88,"epoch, policy, value, optim, value_optim, anchor_policy, baseline, ep_rewards, collapse_count, spike_count","{""ep_rewards"": ""<list>""}",
FULL_EU0,2,FULL_EU0_seed2_meta.json,FULL_EU0_seed2_latest.pt,,,,finished,,,,,,8.88,"epoch, policy, value, optim, value_optim, anchor_policy, baseline, ep_rewards, collapse_count, spike_count","{""ep_rewards"": ""<list>""}",
FULL_EU0,3,FULL_EU0_seed3_meta.json,FULL_EU0_seed3_latest.pt,,,,finished,,,,,,8.88,"epoch, policy, value, optim, value_optim, anchor_policy, baseline, ep_rewards, collapse_count, spike_count","{""ep_rewards"": ""<list>""}",
FULL_EU0,4,FULL_EU0_seed4_meta.json,FULL_EU0_seed4_latest.pt,,,,finished,,,,,,8.88,"epoch, policy, value, optim, value_optim, anchor_policy, baseline, ep_rewards, collapse_count, spike_count","{""ep_rewards"": ""<list>""}",
FULL_EU1,0,FULL_EU1_seed0_meta.json,FULL_EU1_seed0_latest.pt,,,,finished,,,,,,8.88,"epoch, policy, value, optim, value_optim, anchor_policy, baseline, ep_rewards, collapse_count, spike_count","{""ep_rewards"": ""<list>""}",
FULL_EU1,1,FULL_EU1_seed1_meta.json,FULL_EU1_seed1_latest.pt,,,,finished,,,,,,8.88,"epoch, policy, value, optim, value_optim, anchor_policy, baseline, ep_rewards, collapse_count, spike_count","{""ep_rewards"": ""<list>""}",
FULL_EU1,2,FULL_EU1_seed2_meta.json,FULL_EU1_seed2_latest.pt,,,,finished,,,,,,8.88,"epoch, policy, value, optim, value_optim, anchor_policy, baseline, ep_rewards, collapse_count, spike_count","{""ep_rewards"": ""<list>""}",
FULL_EU1,3,FULL_EU1_seed3_meta.json,FULL_EU1_seed3_latest.pt,,,,finished,,,,,,8.88,"epoch, policy, value, optim, value_optim, anchor_policy, baseline, ep_rewards, collapse_count, spike_count","{""ep_rewards"": ""<list>""}",
FULL_EU1,4,FULL_EU1_seed4_meta.json,FULL_EU1_seed4_latest.pt,,,,finished,,,,,,8.88,"epoch, policy, value, optim, value_optim, anchor_policy, baseline, ep_rewards, collapse_count, spike_count","{""ep_rewards"": ""<list>""}",
FULL_EU2,0,FULL_EU2_seed0_meta.json,FULL_EU2_seed0_latest.pt,,,,finished,,,,,,8.88,"epoch, policy, value, optim, value_optim, anchor_policy, baseline, ep_rewards, collapse_count, spike_count","{""ep_rewards"": ""<list>""}",
FULL_EU2,1,FULL_EU2_seed1_meta.json,FULL_EU2_seed1_latest.pt,,,,finished,,,,,,8.88,"epoch, policy, value, optim, value_optim, anchor_policy, baseline, ep_rewards, collapse_count, spike_count","{""ep_rewards"": ""<list>""}",
FULL_EU2,2,FULL_EU2_seed2_meta.json,FULL_EU2_seed2_latest.pt,,,,finished,,,,,,8.88,"epoch, policy, value, optim, value_optim, anchor_policy, baseline, ep_rewards, collapse_count, spike_count","{""ep_rewards"": ""<list>""}",
FULL_EU2,3,FULL_EU2_seed3_meta.json,FULL_EU2_seed3_latest.pt,,,,finished,,,,,,8.88,"epoch, policy, value, optim, value_optim, anchor_policy, baseline, ep_rewards, collapse_count, spike_count","{""ep_rewards"": ""<list>""}",
FULL_EU2,4,FULL_EU2_seed4_meta.json,FULL_EU2_seed4_latest.pt,,,,finished,,,,,,8.88,"epoch, policy, value, optim, value_optim, anchor_policy, baseline, ep_rewards, collapse_count, spike_count","{""ep_rewards"": ""<list>""}",
FULL_EU4,0,FULL_EU4_seed0_meta.json,FULL_EU4_seed0_latest.pt,,,,finished,,,,,,8.88,"epoch, policy, value, optim, value_optim, anchor_policy, baseline, ep_rewards, collapse_count, spike_count","{""ep_rewards"": ""<list>""}",
FULL_EU4,1,FULL_EU4_seed1_meta.json,FULL_EU4_seed1_latest.pt,,,,finished,,,,,,8.88,"epoch, policy, value, optim, value_optim, anchor_policy, baseline, ep_rewards, collapse_count, spike_count","{""ep_rewards"": ""<list>""}",
FULL_EU4,2,FULL_EU4_seed2_meta.json,FULL_EU4_seed2_latest.pt,,,,finished,,,,,,8.88,"epoch, policy, value, optim, value_optim, anchor_policy, baseline, ep_rewards, collapse_count, spike_count","{""ep_rewards"": ""<list>""}",
FULL_EU4,3,FULL_EU4_seed3_meta.json,FULL_EU4_seed3_latest.pt,,,,finished,,,,,,8.88,"epoch, policy, value, optim, value_optim, anchor_policy, baseline, ep_rewards, collapse_count, spike_count","{""ep_rewards"": ""<list>""}",
FULL_EU4,4,FULL_EU4_seed4_meta.json,FULL_EU4_seed4_latest.pt,,,,finished,,,,,,8.88,"epoch, policy, value, optim, value_optim, anchor_policy, baseline, ep_rewards, collapse_count, spike_count","{""ep_rewards"": ""<list>""}",
FULL_EU6,0,FULL_EU6_seed0_meta.json,FULL_EU6_seed0_latest.pt,,,,finished,,,,,,8.88,"epoch, policy, value, optim, value_optim, anchor_policy, baseline, ep_rewards, collapse_count, spike_count","{""ep_rewards"": ""<list>""}",
FULL_EU6,1,FULL_EU6_seed1_meta.json,FULL_EU6_seed1_latest.pt,,,,finished,,,,,,8.88,"epoch, policy, value, optim, value_optim, anchor_policy, baseline, ep_rewards, collapse_count, spike_count","{""ep_rewards"": ""<list>""}",
FULL_EU6,2,FULL_EU6_seed2_meta.json,FULL_EU6_seed2_latest.pt,,,,finished,,,,,,8.88,"epoch, policy, value, optim, value_optim, anchor_policy, baseline, ep_rewards, collapse_count, spike_count","{""ep_rewards"": ""<list>""}",
FULL_EU6,3,FULL_EU6_seed3_meta.json,FULL_EU6_seed3_latest.pt,,,,finished,,,,,,8.88,"epoch, policy, value, optim, value_optim, anchor_policy, baseline, ep_rewards, collapse_count, spike_count","{""ep_rewards"": ""<list>""}",
FULL_EU6,4,FULL_EU6_seed4_meta.json,FULL_EU6_seed4_latest.pt,,,,finished,,,,,,8.88,"epoch, policy, value, optim, value_optim, anchor_policy, baseline, ep_rewards, collapse_count, spike_count","{""ep_rewards"": ""<list>""}",
NoCollapse_EU4,0,NoCollapse_EU4_seed0_meta.json,NoCollapse_EU4_seed0_latest.pt,,,,finished,,,,,,8.881,"epoch, policy, value, optim, value_optim, anchor_policy, baseline, ep_rewards, collapse_count, spike_count","{""ep_rewards"": ""<list>""}",
NoCollapse_EU4,1,NoCollapse_EU4_seed1_meta.json,NoCollapse_EU4_seed1_latest.pt,,,,finished,,,,,,8.881,"epoch, policy, value, optim, value_optim, anchor_policy, baseline, ep_rewards, collapse_count, spike_count","{""ep_rewards"": ""<list>""}",
NoCollapse_EU4,2,NoCollapse_EU4_seed2_meta.json,NoCollapse_EU4_seed2_latest.pt,,,,finished,,,,,,8.881,"epoch, policy, value, optim, value_optim, anchor_policy, baseline, ep_rewards, collapse_count, spike_count","{""ep_rewards"": ""<list>""}",
NoCollapse_EU4,3,NoCollapse_EU4_seed3_meta.json,NoCollapse_EU4_seed3_latest.pt,,,,finished,,,,,,8.881,"epoch, policy, value, optim, value_optim, anchor_policy, baseline, ep_rewards, collapse_count, spike_count","{""ep_rewards"": ""<list>""}",
NoCollapse_EU4,4,NoCollapse_EU4_seed4_meta.json,NoCollapse_EU4_seed4_latest.pt,,,,finished,,,,,,8.881,"epoch, policy, value, optim, value_optim, anchor_policy, baseline, ep_rewards, collapse_count, spike_count","{""ep_rewards"": ""<list>""}",
NoEventUpd_EU4,0,NoEventUpd_EU4_seed0_meta.json,NoEventUpd_EU4_seed0_latest.pt,,,,finished,,,,,,8.881,"epoch, policy, value, optim, value_optim, anchor_policy, baseline, ep_rewards, collapse_count, spike_count","{""ep_rewards"": ""<list>""}",
NoEventUpd_EU4,1,NoEventUpd_EU4_seed1_meta.json,NoEventUpd_EU4_seed1_latest.pt,,,,finished,,,,,,8.881,"epoch, policy, value, optim, value_optim, anchor_policy, baseline, ep_rewards, collapse_count, spike_count","{""ep_rewards"": ""<list>""}",
NoEventUpd_EU4,2,NoEventUpd_EU4_seed2_meta.json,NoEventUpd_EU4_seed2_latest.pt,,,,finished,,,,,,8.881,"epoch, policy, value, optim, value_optim, anchor_policy, baseline, ep_rewards, collapse_count, spike_count","{""ep_rewards"": ""<list>""}",
NoEventUpd_EU4,3,NoEventUpd_EU4_seed3_meta.json,NoEventUpd_EU4_seed3_latest.pt,,,,finished,,,,,,8.881,"epoch, policy, value, optim, value_optim, anchor_policy, baseline, ep_rewards, collapse_count, spike_count","{""ep_rewards"": ""<list>""}",
NoEventUpd_EU4,4,NoEventUpd_EU4_seed4_meta.json,NoEventUpd_EU4_seed4_latest.pt,,,,finished,,,,,,8.881,"epoch, policy, value, optim, value_optim, anchor_policy, baseline, ep_rewards, collapse_count, spike_count","{""ep_rewards"": ""<list>""}",
NoSpike_EU4,0,NoSpike_EU4_seed0_meta.json,NoSpike_EU4_seed0_latest.pt,,,,finished,,,,,,8.88,"epoch, policy, value, optim, value_optim, anchor_policy, baseline, ep_rewards, collapse_count, spike_count","{""ep_rewards"": ""<list>""}",
NoSpike_EU4,1,NoSpike_EU4_seed1_meta.json,NoSpike_EU4_seed1_latest.pt,,,,finished,,,,,,8.88,"epoch, policy, value, optim, value_optim, anchor_policy, baseline, ep_rewards, collapse_count, spike_count","{""ep_rewards"": ""<list>""}",
NoSpike_EU4,2,NoSpike_EU4_seed2_meta.json,NoSpike_EU4_seed2_latest.pt,,,,finished,,,,,,8.88,"epoch, policy, value, optim, value_optim, anchor_policy, baseline, ep_rewards, collapse_count, spike_count","{""ep_rewards"": ""<list>""}",
NoSpike_EU4,3,NoSpike_EU4_seed3_meta.json,NoSpike_EU4_seed3_latest.pt,,,,finished,,,,,,8.88,"epoch, policy, value, optim, value_optim, anchor_policy, baseline, ep_rewards, collapse_count, spike_count","{""ep_rewards"": ""<list>""}",
NoSpike_EU4,4,NoSpike_EU4_seed4_meta.json,NoSpike_EU4_seed4_latest.pt,,,,finished,,,,,,8.88,"epoch, policy, value, optim, value_optim, anchor_policy, baseline, ep_rewards, collapse_count, spike_count","{""ep_rewards"": ""<list>""}",
Vanilla_EU4,0,Vanilla_EU4_seed0_meta.json,Vanilla_EU4_seed0_latest.pt,,,,finished,,,,,,8.88,"epoch, policy, value, optim, value_optim, anchor_policy, baseline, ep_rewards, collapse_count, spike_count","{""ep_rewards"": ""<list>""}",
Vanilla_EU4,1,Vanilla_EU4_seed1_meta.json,Vanilla_EU4_seed1_latest.pt,,,,finished,,,,,,8.88,"epoch, policy, value, optim, value_optim, anchor_policy, baseline, ep_rewards, collapse_count, spike_count","{""ep_rewards"": ""<list>""}",
Vanilla_EU4,2,Vanilla_EU4_seed2_meta.json,Vanilla_EU4_seed2_latest.pt,,,,finished,,,,,,8.88,"epoch, policy, value, optim, value_optim, anchor_policy, baseline, ep_rewards, collapse_count, spike_count","{""ep_rewards"": ""<list>""}",
Vanilla_EU4,3,Vanilla_EU4_seed3_meta.json,Vanilla_EU4_seed3_latest.pt,,,,finished,,,,,,8.88,"epoch, policy, value, optim, value_optim, anchor_policy, baseline, ep_rewards, collapse_count, spike_count","{""ep_rewards"": ""<list>""}",
Vanilla_EU4,4,Vanilla_EU4_seed4_meta.json,Vanilla_EU4_seed4_latest.pt,,,,finished,,,,,,8.88,"epoch, policy, value, optim, value_optim, anchor_policy, baseline, ep_rewards, collapse_count, spike_count","{""ep_rewards"": ""<list>""}",
