MASTER_STATION_ID,master_station_name,min_x,max_x,min_y,max_y,station_lon,station_lat,n_cells,min_lon,min_lat,max_lon,max_lat
150,서울역,953125,953625,1950625,1951125,126.972135,37.556228,1,126.96926943842882,37.55377852953204,126.97496196583205,37.55831043737188
151,시청,953125,954125,1951625,1952375,126.977088,37.565715,4,126.96918950417057,37.56279171935226,126.98055997306025,37.569601973953496
152,종각,953875,954875,1952125,1952875,126.982923,37.570161,6,126.97765067165028,37.567336186320595,126.98902108672844,37.57414563838263
153,종로3가,954625,955625,1952125,1952625,126.991847,37.570406,3,126.98615932331839,37.56737345273422,126.99751350926711,37.57192879733258
154,종로5가,955375,956375,1952125,1953375,127.001849,37.570926,11,126.99460656818472,37.56741010829198,127.00600594697849,37.57872455580029
155,동대문,956375,957125,1952125,1953375,127.01093,37.571687,5,127.005931520914,37.56745803214286,127.01449839960623,37.5787598002617
156,신설동,957875,958625,1952875,1953875,127.024634,37.576048,5,127.02289024143006,37.57428781544801,127.03144100053638,37.583335076034494
157,제기동,958375,959375,1952625,1954125,127.034893,37.578103,11,127.02853887773564,37.57205724893779,127.03994812563401,37.585621804047065
158,청량리(서울시립대입구),959125,960125,1952875,1954375,127.044585,37.579956,11,127.03701945992262,37.57434417053888,127.04842754120659,37.587907925275836
159,동묘앞,956875,957875,1952375,1953375,127.01648,37.573197,4,127.01159400726674,37.569734895197236,127.02297649663033,37.57879443360904
201,시청,953125,954125,1951125,1952125,126.975411,37.563588,6,126.96920549458345,37.55828512617804,126.98059125953195,37.56734867633112
202,을지로입구,953875,954875,1951375,1952375,126.982618,37.566014,7,126.97768214611739,37.560576291276774,126.98906725701565,37.569639039746185
203,을지로3가,954625,955375,1951625,1952375,126.991696,37.566306,3,126.986174803837,37.56286685087915,126.99471314093522,37.5696634108824
204,을지로4가,955375,956125,1951375,1952125,126.997817,37.566595,3,126.9946827000557,37.56065019531591,127.00322002424458,37.56744615299045
205,동대문역사문화공원,956375,957125,1951625,1952375,127.009054,37.565613,4,127.00599106508113,37.56295141660898,127.01452764688243,37.569746571672226
206,신당,957125,958125,1951125,1952625,127.019614,37.56564,11,127.01446914581449,37.55848001642573,127.02587881659187,37.572045910945185
207,상왕십리,957875,959125,1951375,1952625,127.029354,37.564354,13,127.02296212476618,37.560767940158165,127.03718683329518,37.57209085560097
208,왕십리(성동구청),958625,959375,1950625,1951625,127.036954,37.561238,5,127.03151157275781,37.554041982788824,127.04005896375594,37.563088650052606
209,한양대,959125,960625,1950125,1951375,127.043655,37.555273,14,127.03718683329518,37.54955765855714,127.05423743906343,37.5608896218806
210,뚝섬,959375,960875,1949375,1950625,127.047367,37.547184,12,127.04005896375594,37.5428087373664,127.05710759618383,37.55414029524923
211,성수,960125,961625,1948375,1950625,127.055961,37.544581,32,127.04854993914668,37.533828167285336,127.06564960664794,37.55417184490083
212,건대입구,961125,962375,1948375,1949875,127.069191,37.540373,12,127.05991101048758,37.533870880810646,127.07413832251548,37.54744277955407
213,구의(광진구청),962375,964125,1947125,1949625,127.085916,37.537077,35,127.07407423875215,37.52265603005617,127.09400644509036,37.54525923705091
214,강변(동서울터미널),963375,965375,1947125,1949625,127.094681,37.535095,36,127.08539424956946,37.522696286712986,127.10815225356255,37.54530705526232
215,잠실나루,963625,965875,1946375,1948125,127.10379,37.520733,29,127.08829859755485,37.5159461285188,127.11384542506457,37.53180560427792
216,잠실(송파구청),963875,965125,1945375,1946875,127.100159,37.513262,16,127.09118958231204,37.50694253389848,127.10540614783753,37.520510772018646
217,잠실새내,962875,964125,1945375,1947375,127.086162,37.511687,27,127.07984803402063,37.506902841865255,127.09409188512086,37.5249791184845
218,종합운동장,961625,962625,1944875,1947125,127.073704,37.511022,16,127.06571493131379,37.502345002830495,127.07714595128033,37.522666195870805
219,삼성(무역센터),960625,961625,1944625,1945875,127.06316,37.508844,11,127.05446535544391,37.500049531454124,127.0658454715776,37.511358399567975
220,선릉,959375,960625,1944375,1945375,127.048203,37.504286,8,127.0403494444263,37.49774201349561,127.05454569355857,37.50680957267641
221,역삼,958375,959875,1943625,1945375,127.036456,37.500622,21,127.02903531498012,37.49093743183268,127.04610200472622,37.50677726384506
222,강남,957375,958625,1944125,1944875,127.027912,37.49799,7,127.0177502002182,37.49539848419811,127.03193418183807,37.50221538212681
223,교대(법원.검찰청),956375,957875,1943375,1944625,127.014667,37.493961,12,127.00645163409854,37.48859175959211,127.02349281921336,37.499928115223426
224,서초,955625,956875,1942875,1944625,127.007917,37.491897,18,126.99796685758415,37.4840493494202,127.01221075034773,37.49988193255985
225,방배,954625,956875,1940875,1943375,126.997596,37.481426,43,126.98673095586979,37.465974071814294,127.0123278985324,37.48861524767544
226,사당,953125,955125,1940625,1942375,126.981544,37.476538,26,126.96982773371916,37.46364586776486,126.99255423250871,37.47951851844161
227,낙성대,951625,953375,1939875,1943125,126.963693,37.47693,46,126.95281362120797,37.456808582106106,126.97281347445,37.48619182004091
228,서울대입구(관악구청),950875,952375,1941625,1943625,126.952739,37.481247,26,126.94429709044806,37.47254229741928,126.96139383450542,37.49064742963567
229,봉천,950125,951375,1941875,1943875,126.941892,37.482362,24,126.9357965009168,37.47475543083158,126.95006848062614,37.49284862123887
230,신림,948375,950375,1941875,1943125,126.929715,37.484201,13,126.91605343827821,37.47465929330182,126.93875932657278,37.486035472987076
231,신대방,947375,948875,1941375,1944125,126.913149,37.487462,34,126.9046711473651,37.470096258660206,126.9218303671928,37.494966866016696
232,구로디지털단지,946375,948125,1941125,1943875,126.901401,37.485266,37,126.89337728564787,37.46778545973314,126.91336667429023,37.49267172440409
233,대림(구로구청),945375,946875,1943375,1944875,126.894932,37.493243,17,126.88199129711063,37.48800652956642,126.89906926049593,37.5016138151124
234,신도림,945375,947125,1945375,1946375,126.891084,37.508961,9,126.88187982467286,37.50603282078431,126.90175323929873,37.515147913601076
235,문래,945625,947125,1945875,1947125,126.89476,37.517933,15,126.88465309125836,37.51055415259758,126.9017172719836,37.52190777277717
236,영등포구청,946125,947375,1947125,1948375,126.89661,37.525706,9,126.89021945362045,37.52184989771155,126.90445636360937,37.53318849250724
237,당산,946625,948375,1948375,1949625,126.902767,37.534946,18,126.89578747539329,37.533145373685095,126.91568468722564,37.544511456760425
238,합정,947875,948875,1949875,1950875,126.913808,37.549457,6,126.9098481301152,37.54673658899434,126.921239155635,37.55580574373735
239,홍대입구,948375,949375,1950375,1951875,126.923708,37.55679,12,126.91543837367144,37.55127129923394,126.92686464156445,37.564846481702794
240,신촌,949625,950875,1950375,1951625,126.936926,37.555131,10,126.92960893790692,37.5513404972219,126.94384568589601,37.56267444144546
241,이대,950625,951625,1950125,1951625,126.946013,37.556733,10,126.94093133854018,37.54914134471074,126.95235272069112,37.56271414482512
242,아현,951375,952375,1950625,1952125,126.956141,37.557345,13,126.94938998969828,37.55368781775518,126.96081056379938,37.567259820939675
243,충정로(경기대입구),952375,953125,1950625,1951625,126.964378,37.559704,4,126.96074561148285,37.553740060088614,126.96930139967084,37.56279171935226
244,용답,959625,961125,1950375,1951875,127.050899,37.561904,17,127.04282045128416,37.55183303111884,127.05988451218313,37.56541751534726
245,신답,959375,960875,1951875,1953125,127.046481,37.57004,13,127.03992040066933,37.56534196935186,127.05697422300567,37.57667353643961
246,신설동,957625,958625,1952125,1953125,127.024932,37.574747,7,127.02010221104497,37.56751640979615,127.03148334858516,37.57657514444111
247,도림천,944625,946125,1945625,1947125,126.882768,37.514287,21,126.8733369807584,37.5082413973961,126.89042113788115,37.52184989771155
248,양천구청,942625,944875,1944875,1946875,126.865819,37.512398,40,126.85072438689991,37.50135939228292,126.87633477229743,37.519522754451074
249,신정네거리,940625,943625,1945375,1947625,126.852912,37.520074,60,126.82803246131603,37.50573941326083,126.86215515787357,37.52620700187153
250,용두(동대문구청),958375,959875,1952125,1953375,127.038091,37.574028,12,127.02858150536518,37.567550621896814,127.04563751604874,37.57888380150881
309,지축,946875,950125,1959875,1966125,126.913917,37.648033,89,126.89741830676232,37.636809754966364,126.93470780827488,37.69332307802619
310,구파발,945875,952875,1958625,1961875,126.918821,37.636763,145,126.88639170522036,37.62548518345854,126.96595615255711,37.65516331229288
311,연신내,947375,949625,1957875,1959125,126.921038,37.619229,21,126.90359435245024,37.61881257692128,126.92917885503788,37.63020494408005
312,불광,949375,951125,1956125,1957375,126.92982,37.610553,14,126.92638074727387,37.6031520956531,126.94629222669722,37.61451312215553
313,녹번,949125,953375,1954625,1957375,126.935756,37.600927,74,126.92354819071952,37.58961870516978,126.97187715701445,37.614630006471764
314,홍제,949375,953625,1953125,1956875,126.943736,37.589066,82,126.92641536122085,37.57611286481967,126.97480379350748,37.61013609634391
315,무악재,949875,953375,1952625,1955875,126.950291,37.582299,57,126.93214865968062,37.57163367412409,126.97200447613598,37.60111033017134
316,독립문,950625,952875,1951875,1954125,126.957748,37.574571,33,126.9407628606965,37.5649143559847,126.9663907766444,37.58531186338384
317,경복궁(정부서울청사),952625,954125,1952375,1956375,126.97353,37.575762,54,126.9632689316057,37.56952600966276,126.98051303028406,37.60565461787864
318,안국,953625,955375,1952625,1956125,126.985443,37.576477,40,126.97461375402943,37.5718302187631,126.99465225239476,37.603462845628314
319,종로3가,954875,955625,1952375,1953125,126.991791,37.571605,3,126.98895950234375,37.569639039746185,126.99749837155544,37.576435400130414
320,을지로3가,954875,955625,1951625,1952375,126.992548,37.566672,3,126.98900569320428,37.56287913528441,126.99754377963305,37.56967549463246
321,충무로,954875,955875,1951375,1951875,126.994072,37.56143,3,126.98903647853827,37.560625832062016,127.00038946742828,37.56518090055784
322,동대입구,955625,956875,1950375,1951625,127.005602,37.559052,13,126.99754377963305,37.55164904180509,127.01177051403307,37.56297496748296
323,약수,956375,957375,1950375,1951125,127.010541,37.554867,4,127.00606545799624,37.55168486259835,127.01743096074959,37.558491620328056
324,금호,956625,958125,1949375,1950625,127.015872,37.548034,12,127.00892550803111,37.54268340455678,127.02597872247502,37.55401938931155
325,옥수,956625,958125,1948625,1949875,127.017269,37.541684,9,127.00896985837525,37.53592344847666,127.02602151544573,37.547259429396995
326,압구정,957375,959125,1946875,1948875,127.028461,37.527072,31,127.01751810364051,37.52018515442665,127.03743747431355,37.53829102754028
327,신사,956875,958375,1945875,1947375,127.020114,37.516334,17,127.01194678506712,37.5111485957795,127.0290069992339,37.5247374920999
328,잠원,955625,957375,1945625,1947125,127.01122,37.512759,23,126.9978159097339,37.50883599389577,127.0177067136038,37.52243848288429
329,고속터미널,955875,956625,1944875,1945375,127.004916,37.504891,2,127.00075010303695,37.502087997096794,127.00926514897877,37.50663021530744
330,교대(법원.검찰청),956625,957625,1943125,1944125,127.013786,37.493025,5,127.0093093858735,37.48635019884599,127.02067937144332,37.495409994146215
331,남부터미널(예술의전당),956375,958125,1940875,1943625,127.016189,37.485013,49,127.00651094662923,37.46605834384155,127.02646287337137,37.49092612681149
332,양재(서초구청),957875,959375,1942125,1943875,127.033902,37.484477,17,127.02346418889606,37.47739468643168,127.0405289256734,37.49323532205349
333,매봉,959125,960625,1941875,1944125,127.046769,37.486947,29,127.03759039667843,37.47519749362909,127.05467947119573,37.49554283297695
334,도곡,960125,961375,1943125,1943875,127.055452,37.490922,4,127.04891639774992,37.48650796977271,127.06309594254044,37.49332116633501
335,대치,960875,961875,1943625,1944875,127.063642,37.494612,11,127.05734729392346,37.491046759170004,127.06872560177449,37.50235536439704
336,학여울,961375,962875,1943625,1945125,127.070594,37.496663,17,127.06299091196394,37.49106781236806,127.08003743522542,37.504649488110196
337,대청,962375,964125,1943125,1944875,127.079532,37.493514,23,127.07431756733682,37.486602389273784,127.09420163877273,37.5024455712075
338,일원,961625,964625,1939625,1943625,127.08439,37.483681,111,127.06589764699478,37.45502444276498,127.10002537112199,37.491198058378316
339,수서,964625,965875,1942875,1944125,127.101907,37.487378,10,127.09980915170013,37.48443795966505,127.11400785261011,37.49575184268221
340,가락시장,965375,966625,1942875,1944125,127.117757,37.492245,11,127.10829357984217,37.48446638495888,127.1224910260661,37.495779263945735
341,경찰병원,966125,967625,1943375,1944875,127.12454,37.495918,15,127.11674347077155,37.48900094362383,127.13377994226471,37.50257499026095
342,오금,966875,968125,1944375,1945625,127.128319,37.502129,8,127.12519489167923,37.49804163849564,127.13939241341872,37.509352504104825
409,불암산,961625,964875,1962125,1967125,127.079066,37.670272,145,127.06466535849246,37.65782415444485,127.10177421042246,37.703020156878345
410,상계,961625,964625,1960625,1963375,127.073572,37.660878,66,127.0648628665284,37.644304391967346,127.09901262860654,37.66921118814054
411,노원,960875,962625,1961125,1962875,127.063276,37.65627,16,127.05638561297562,37.648779325969386,127.07631691940279,37.66462530356328
412,창동,959125,960875,1960875,1962625,127.047274,37.653088,25,127.03655802793126,37.64644979083503,127.05649284767745,37.66229906269379
413,쌍문,957875,959875,1959875,1962625,127.034709,37.648627,42,127.02238593555258,37.63738015405845,127.0452124759846,37.662255879455756
414,수유(강북구청),957625,959625,1959125,1960875,127.025732,37.638052,31,127.01965313983786,37.630608795253586,127.04242044521617,37.64647191478669
415,미아(서울사이버대학),957625,959875,1957875,1959375,127.025983,37.62667,33,127.01974017791063,37.619342347719176,127.04532230428823,37.63296312244787
416,미아사거리,957375,959875,1956375,1958375,127.030053,37.613292,40,127.01696521388304,37.60581102639922,127.04540461131118,37.62394993696515
417,길음,957375,958875,1955125,1957125,127.025053,37.603407,26,127.01703809630293,37.59454453583137,127.03414572575328,37.61263924131269
418,성신여대입구(돈암),956625,958125,1954625,1955625,127.016441,37.592612,11,127.00862946007355,37.590002878607216,127.02567877100917,37.59908558936484
419,한성대입구(삼선교),953875,957125,1953875,1956125,127.006221,37.588458,50,126.97744591662793,37.583109244381,127.01439598281958,37.603546107337316
420,혜화,954625,956875,1953125,1955125,127.001844,37.582336,28,126.986004423265,37.5763866460323,127.01160872517573,37.59452123004131
421,동대문,956125,956875,1952125,1953375,127.009287,37.57093,6,127.00310028022041,37.56744615299045,127.01166758042211,37.5787481200093
422,동대문역사문화공원,956125,956875,1951375,1952375,127.007885,37.565133,2,127.003160165569,37.560686231270516,127.01171170465322,37.569734895197236
423,충무로,954875,955875,1949875,1951625,126.99408,37.561207,15,126.98905186863391,37.54710599450978,127.00047971671557,37.56292759428389
424,명동,954125,955125,1949875,1951875,126.986325,37.560989,16,126.9805443272109,37.547068958682054,126.9919895901272,37.565144655170485
425,회현(남대문시장),953375,954875,1949875,1951625,126.978246,37.558514,12,126.97206809316839,37.54703131244523,126.98915955132452,37.56287913528441
426,서울역,953125,954625,1949875,1950875,126.972556,37.55281,10,126.96928541993971,37.547018628053756,126.98632951423434,37.55610694158945
427,숙대입구(갈월),952375,954875,1949125,1950125,126.972106,37.54456,19,126.9608430291087,37.54022026798618,126.98920567535707,37.54935930293717
428,삼각지,952875,954125,1947625,1948875,126.9726,37.534075,9,126.96658352377541,37.526726133823175,126.9808100698204,37.53805572827931
429,신용산,952625,953625,1947125,1948375,126.967894,37.52917,8,126.963786111114,37.52220670630629,126.9751831113557,37.533524090349275
430,이촌(국립중앙박물관),953375,954375,1945875,1947875,126.974733,37.522295,18,126.97230640479553,37.51097835625182,126.98374801907472,37.52905488906499
431,동작(현충원),953875,954625,1943875,1946125,126.980347,37.502852,12,126.97807498600964,37.492976911368324,126.98670011699139,37.513294001453616
432,총신대입구(이수),953375,954875,1942875,1944125,126.981989,37.486263,16,126.97254431867277,37.483938493363055,126.98958944363811,37.495279661304856
433,사당,953375,955125,1941875,1942625,126.981651,37.476955,9,126.9726393730108,37.474925177979095,126.99247806535962,37.481771853869866
434,남태령,952375,956625,1938375,1941875,126.989134,37.463873,108,126.96137766409377,37.4433275104064,127.00964804492133,37.475083492704485
2511,방화,938625,941375,1952625,1955875,126.812741,37.577446,82,126.80470854133895,37.570952402481836,126.83612036998406,37.60042364642799
2512,개화산,937875,939375,1952125,1953625,126.806171,37.572399,16,126.7964036271205,37.5663956570295,126.81351485160567,37.580014999177614
2513,김포공항,935625,938375,1949625,1952625,126.801292,37.562384,72,126.77101098998543,37.54370897265415,126.80240222861174,37.570935701948905
2514,송정,938625,939875,1949375,1951875,126.811973,37.561184,34,126.80504375405954,37.541660425746585,126.8194016692226,37.56427519316316
2515,마곡,939625,941125,1949875,1951875,126.825448,37.560183,26,126.81636612548785,37.54623295788828,126.83351031739619,37.56435596123694
2516,발산,940875,942625,1950375,1951875,126.837668,37.558598,22,126.83051914129975,37.55082050066077,126.85045082775342,37.56445064356126
2517,우장산,939375,942625,1948875,1950875,126.836318,37.548768,46,126.81361821638863,37.537203588810726,126.85056811961348,37.55543764945565
2518,화곡,939625,943125,1947875,1950375,126.840461,37.541513,54,126.81648963122937,37.52820702402096,126.85630479819159,37.55096215002343
2519,까치산,940375,943625,1946875,1949375,126.846683,37.531768,57,126.82506116939231,37.51924282517869,126.8620400893931,37.54197984658376
2520,신정(은행정),942375,943625,1946875,1948625,126.856191,37.524997,14,126.84775814480784,37.51936994821707,126.8620400893931,37.53522006121464
2521,목동,943125,944625,1946625,1949125,126.864931,37.526065,31,126.85620795511797,37.51716323433732,126.87337466927802,37.539787210270205
2522,오목교(목동운동장앞),944125,945375,1946375,1948875,126.875181,37.524496,27,126.86754577072494,37.51497107893472,126.88187982467286,37.53757869649713
2523,양평,945125,946375,1946875,1948625,126.886129,37.525569,21,126.8788829370606,37.51953766244002,126.8931584456727,37.53538414197461
2524,영등포구청,945875,947125,1946875,1947875,126.89503,37.5242,7,126.8874268517648,37.519581979892145,126.90164531331799,37.528667624130385
2525,영등포시장,946875,948125,1946625,1947875,126.905139,37.522669,14,126.89874402437984,37.51738683605859,126.91297881730212,37.52872442883627
2526,신길,947625,948625,1945875,1947375,126.914839,37.517623,9,126.90726758403989,37.510669855911004,126.91868902012047,37.524245844114354
2527,여의도,948875,949875,1946625,1947625,126.924357,37.521747,5,126.92139587071362,37.51749985753383,126.93278103741095,37.526567932346474
2528,여의나루,949125,951375,1946875,1948875,126.932901,37.527098,39,126.92413848063153,37.519766975841414,126.94973789642829,37.53791475350183
2529,마포,949875,951875,1947625,1949625,126.945932,37.539574,30,126.93257622737791,37.526567932346474,126.95534674260149,37.54470089174176
2530,공덕,950875,952375,1949375,1950375,126.951372,37.544431,9,126.94384568589601,37.542394830159424,126.9608917135162,37.551486763575
2531,애오개,951375,952625,1949625,1951125,126.95682,37.553736,13,126.9494563203928,37.54467464339151,126.96370542326451,37.558259543583645
2532,충정로(경기대입구),951875,952875,1950875,1952125,126.9629,37.560236,7,126.95505155342865,37.5559673681427,126.96645505431168,37.56728554755485
2533,서대문,951875,953375,1951375,1952875,126.966641,37.565773,15,126.95500229767595,37.56047395262554,126.97208399299875,37.57407088380524
2534,광화문(세종문화회관),953125,954375,1952125,1953125,126.97717,37.571525,8,126.96914152224505,37.56729830905457,126.98335948025858,37.57637428777037
2535,종로3가,954625,955625,1952375,1953375,126.990305,37.57254,5,126.9861128714162,37.56962675236027,126.99749837155544,37.5786887002281
2536,을지로4가,955375,956125,1951875,1952625,126.998032,37.567352,3,126.99465225239476,37.565156804834075,127.00319009824014,37.5719527631339
2537,동대문역사문화공원,955875,956625,1951375,1952375,127.005353,37.564665,5,127.00032926772394,37.56067428714265,127.00888114286656,37.569723150842755
2538,청구,956625,957375,1950875,1951625,127.013639,37.560276,3,127.00886635118403,37.55620329330766,127.0174019001769,37.56299824690486
2539,신금호,957125,958375,1949875,1951375,127.020331,37.554548,14,127.01454226807769,37.54721343950396,127.02878024608636,37.560790674834344
2540,행당,957875,959125,1950375,1951625,127.029476,37.557322,13,127.02301960262004,37.55175467262743,127.03724257472801,37.56307758718261
2541,왕십리(성동구청),958625,959375,1951375,1952125,127.037059,37.56184,3,127.03148334858516,37.56080194038512,127.04001741103268,37.56759528778454
2542,마장,958875,960125,1951375,1952375,127.042973,37.5661,8,127.03430014980144,37.56081313807753,127.04850915346448,37.56988139472902
2543,답십리,959875,961875,1951375,1953375,127.052704,37.566747,23,127.04556906042768,37.56085725026125,127.06832327169948,37.57896882362648
2544,장한평,960875,962375,1950375,1953125,127.064623,37.56144,39,127.05690748069254,37.55188696636594,127.0740357713621,37.576736075709185
2545,군자(능동),962125,963875,1950625,1951875,127.079577,37.557088,11,127.07112803188383,37.55419253878585,127.09100501534698,37.56552951129264
2546,아차산(어린이대공원후문),962875,965375,1949375,1951625,127.089761,37.551691,40,127.07963299650127,37.54295638424004,127.10804613484487,37.56333379942026
2547,광나루(장신대),964125,966125,1948375,1951875,127.10357,37.545303,56,127.09377420041217,37.533992513167846,127.11658208937092,37.56561503589896
2548,천호(풍납토성),965625,967625,1948625,1949875,127.123308,37.53864,17,127.11085264062284,37.53630301956314,127.13354865278947,37.54764220786099
2549,강동,966875,968125,1947875,1949625,127.132481,37.535804,16,127.12501445856581,37.52958872118148,127.1392405931909,37.545406286900835
2550,길동,967625,969375,1948125,1949375,127.140004,37.537801,16,127.13351556725898,37.53186872104486,127.15337735121481,37.54319532087502
2551,굽은다리(강동구민회관앞),967625,970125,1948875,1950125,127.142853,37.545477,26,127.13348247067256,37.53862879201197,127.16183540802861,37.54998001888554
2552,명일,967625,969375,1949625,1951125,127.143999,37.55137,15,127.13343832468584,37.54538885519598,127.1533147602112,37.55896881129957
2553,고덕,968625,970375,1948875,1952875,127.154151,37.555004,53,127.14468557522846,37.53866337573278,127.16466519267043,37.57477498678391
2554,상일동,969625,971375,1948625,1953625,127.166417,37.556712,69,127.15597904706483,37.5364435129007,127.17599409244986,37.58156667968857
2555,둔촌동,966875,968625,1947125,1948375,127.136248,37.527788,18,127.12507087845384,37.52282864630279,127.14493150618583,37.534156657024674
2556,올림픽공원(한국체대),967125,968375,1945375,1946875,127.130923,37.516201,12,127.12796762912848,37.50706404891552,127.14217764447622,37.52062794145974
2557,방이,966125,967875,1944875,1946125,127.126133,37.508857,17,127.11668586343762,37.5025211502057,127.13654232641328,37.51385056694544
2558,오금,966375,967375,1944375,1945375,127.127938,37.502057,5,127.11954900588024,37.49802355929817,127.13090768834893,37.50707292211514
2559,개롱,967125,968875,1943125,1945625,127.13482,37.498079,28,127.12802355468752,37.48678371660034,127.14793003915926,37.50937810981694
2560,거여,967625,969625,1941875,1944875,127.14415,37.493105,40,127.13371391473964,37.475534493707336,127.15646509803429,37.50264298470523
2561,마천,968625,974375,1941625,1946375,127.152781,37.49499,312,127.14496353772016,37.47331561603756,127.21019461915436,37.516307405797235
2611,응암,946125,949625,1954875,1956625,126.915577,37.598605,48,126.88961291629741,37.591701172418404,126.92938544427484,37.607672353621005
2612,역촌,948125,949625,1955625,1957125,126.922744,37.606021,15,126.91223571918682,37.598575910547,126.9293338228499,37.61217887866731
2613,불광,948875,949875,1956625,1957625,126.92939,37.610873,6,126.92069815530685,37.607630954720854,126.93209727150615,37.61669906835068
2614,독바위,949375,953625,1956875,1961125,126.933031,37.618456,180,126.92612089672507,37.60991188380417,126.97456620445811,37.64844172300175
2615,연신내,945875,949125,1957375,1958875,126.920625,37.618636,28,126.88661406621031,37.614218976566086,126.92354819071952,37.627924137613086
2616,구산,945875,949125,1956375,1958625,126.91727,37.611377,60,126.88663258287936,37.6052059953863,126.92361775266953,37.62567088383654
2617,새절(신사),946375,949625,1953625,1955625,126.913629,37.591148,40,126.89251848946353,37.58044949540411,126.92947144166156,37.598659293097676
2618,증산(명지대앞),946875,949625,1953125,1954875,126.909645,37.583876,33,126.89823680391018,37.57597196947662,126.92950582720896,37.591899488578875
2619,디지털미디어시티,946875,948125,1952375,1953625,126.901391,37.576108,9,126.8983274950397,37.56921217638914,126.912572313204,37.580549801696264
2620,월드컵경기장(성산),944875,947875,1951375,1952875,126.899298,37.569532,38,126.8757339424633,37.56008156891719,126.90981258590182,37.57377587419281
2621,마포구청,945625,948125,1950625,1952375,126.903343,37.563515,30,126.88426400861438,37.55336636084393,126.91269614208558,37.56928345540789
2622,망원,946375,948625,1949875,1951625,126.910052,37.556094,25,126.89281135041452,37.546650512945035,126.91840916249112,37.56255166688673
2623,합정,946875,948625,1948875,1950625,126.913366,37.549209,23,126.89854494780676,37.537666371831996,126.91847917365351,37.553538554710876
2624,상수,948375,949625,1948625,1950625,126.922852,37.547716,25,126.91552638688724,37.535498321295755,126.92981495271576,37.55359378190509
2625,광흥창(서강),949375,950375,1948625,1950625,126.931993,37.547456,17,126.92684738559738,37.53555378393713,126.93830368366822,37.55363449001006
2626,대흥(서강대앞),950125,951375,1949125,1950625,126.942069,37.547771,15,126.93533815484294,37.540101254148524,126.94958889316801,37.55368781775518
2627,공덕,951625,952125,1949375,1949875,126.951678,37.543555,1,126.95236920618242,37.542434504648945,126.95806186441045,37.54696721226204
2628,효창공원앞,951625,952875,1948375,1949875,126.961384,37.539233,10,126.95236920618242,37.5334213086636,126.96661562326146,37.54700587583957
2629,삼각지,953125,954375,1948125,1949375,126.974032,37.535534,8,126.96938127163729,37.53124549423042,126.98360826970051,37.542574756307225
2630,녹사평(용산구청),953875,955125,1947625,1949875,126.986695,37.534675,28,126.97783941333391,37.526776698917,126.9921271497682,37.54711820413861
2631,이태원,954875,956125,1947375,1949375,126.994302,37.534488,19,126.98919030239176,37.524572862529894,127.00345919246793,37.54265973519279
2632,한강진,954625,956875,1948125,1950125,127.001725,37.539631,28,126.98631405094703,37.531320540728295,127.0119027393903,37.549455088643136
2633,버티고개,955125,956875,1949125,1950625,127.007055,37.548013,19,126.99194370626597,37.54035827068944,127.01184398892617,37.55396171839125
2634,약수,956125,957125,1950125,1950875,127.010358,37.554263,5,127.00324994358392,37.54941967772575,127.0146153496332,37.55622670277533
2635,청구,956625,957625,1950875,1951875,127.013986,37.560608,5,127.00885155785404,37.55620329330766,127.02023229638878,37.56526309774204
2636,신당,956875,957625,1951625,1952375,127.016146,37.566154,4,127.01165286906856,37.56297496748296,127.02018894909483,37.569769720983274
2637,동묘앞,956875,957625,1952125,1952875,127.015653,37.572279,4,127.01162344144556,37.56748158682628,127.02016004285163,37.57427634075654
2638,창신,956375,957875,1952875,1954125,127.015241,37.579661,13,127.00588684537671,37.574217948939214,127.02294775130125,37.58555435434798
2639,보문,956875,957875,1953625,1954625,127.019351,37.585274,6,127.01152039312775,37.58100142404428,127.02290462129996,37.59006096383865
2640,안암(고대병원앞),957875,959125,1953375,1955125,127.029005,37.586272,16,127.02281831805102,37.57879443360904,127.03707527590419,37.59462396597643
2641,고려대(종암),958125,960125,1953875,1955625,127.036296,37.590508,26,127.025621557811,37.58331245879258,127.04837310272775,37.5991744787037
2642,월곡(동덕여대),958625,960375,1954875,1956875,127.041518,37.601948,28,127.03121490513973,37.59234830602258,127.05115041815223,37.610451820215545
2643,상월곡(한국과학기술연구원),959125,960875,1955375,1957625,127.048491,37.606377,24,127.03683788614258,37.59687727224653,127.05678725082424,37.61723315224874
2644,돌곶이,959625,961625,1955875,1958125,127.056431,37.610537,27,127.04247569531691,37.60140597040297,127.06525689382833,37.62177138516727
2645,석계,960875,962125,1956875,1958125,127.065595,37.614872,10,127.05664013943534,37.61047323577801,127.07086937509959,37.6217921293084
2646,태릉입구,961875,963125,1957125,1958125,127.074735,37.617338,7,127.06797172161897,37.61276856089309,127.0821866705771,37.62183280149123
2647,화랑대(서울여대입구),962625,964375,1957125,1959875,127.084689,37.620064,32,127.07638090439919,37.6127993611078,127.09634950641242,37.63765528804597
2648,봉화산(서울의료원),963375,965125,1956625,1959375,127.091401,37.617283,33,127.08490648601638,37.60832291921204,127.10487106790231,37.63317745205311
2711,장암,959125,964375,1965625,1968375,127.053196,37.700109,119,127.0362354191665,37.6892620827265,127.09593461706638,37.71426725589764
2712,도봉산,959375,961625,1964875,1966125,127.046509,37.689241,19,127.03919737933887,37.682513378347245,127.06478390292096,37.693876701808584
2713,수락산,960125,962625,1963375,1965875,127.055315,37.67785,50,127.04771794551117,37.669026626255985,127.0762016565567,37.69166474371947
2714,마들,960125,962125,1962125,1963875,127.057675,37.66494,29,127.04782738181046,37.65776020720146,127.07059716459074,37.673617953958164
2715,노원,960375,961875,1961125,1962375,127.060462,37.654836,13,127.05074373872702,37.64875788096252,127.06781513744008,37.66008786553772
2716,중계,960875,963625,1959875,1961375,127.064303,37.644583,33,127.05646604796107,37.63751285485827,127.08771492179027,37.65114570697697
2717,하계,961125,964125,1958875,1960875,127.06799,37.636352,46,127.05932668207254,37.6285102750374,127.09343104804029,37.64665877807831
2718,공릉(서울과학기술대),961625,963875,1957875,1959875,127.072896,37.625742,26,127.06504690981073,37.619518079720876,127.09064731037422,37.637635757012745
2719,태릉입구,962125,963125,1957375,1958375,127.075397,37.618294,7,127.07079166563575,37.61503220533992,127.08217406302957,37.62408611103535
2720,먹골,961875,963875,1956125,1957375,127.077725,37.610637,19,127.06801083496954,37.6037553166812,127.09073375877212,37.615102650485206
2721,중화,962125,963625,1955375,1956625,127.079264,37.602545,16,127.07088232162826,37.59700570330325,127.08793881828323,37.60833284441282
2722,상봉(시외버스터미널),962875,964125,1954625,1955625,127.085716,37.595577,8,127.07943023598605,37.59027632227636,127.0936395181713,37.59933921046751
2723,면목,962375,965875,1953875,1955125,127.087503,37.588579,31,127.07379184585952,37.58349604634573,127.11349651212066,37.59489915416183
2724,사가정,962125,966125,1952625,1954375,127.088478,37.580894,58,127.070998775516,37.572219172479905,127.1163857876728,37.58814840212381
2725,용마산,961625,966125,1951625,1953625,127.086727,37.573647,56,127.0653748454832,37.56318516198017,127.11643200975023,37.581388401342714
2726,중곡,962125,965375,1951125,1952625,127.08432,37.565923,38,127.07108927008849,37.55869920240526,127.1079635244975,37.57234715073068
2727,군자(능동),961875,963375,1950125,1951625,127.079338,37.556897,13,127.06831027017013,37.549675560350046,127.08536928756081,37.56325642636593
2728,어린이대공원(세종대),961375,963375,1949125,1950875,127.074658,37.548014,25,127.06268842732528,37.54064139966369,127.08541920601876,37.55649642256704
2729,건대입구,961875,962875,1948375,1949625,127.071011,37.540786,11,127.0684142418722,37.53390220412159,127.07979747357768,37.545209723280905
2730,뚝섬유원지,960375,963125,1946875,1948875,127.066704,37.53154,46,127.05147478467435,37.52031892466317,127.08270237283938,37.538459739523645
2731,청담,959875,961625,1946375,1948125,127.05335,37.519365,24,127.04585631804301,37.5157906295611,127.06575410865766,37.53163849158348
2732,강남구청,958875,960125,1945875,1946875,127.041255,37.517179,6,127.03460843092029,37.511239914686,127.048807932269,37.520308149823144
2733,학동,957875,959375,1945625,1947125,127.031656,37.514229,17,127.02327793633268,37.50894146248284,127.04033562741193,37.5225287545023
2734,논현,957125,958375,1945375,1946375,127.021415,37.511093,10,127.014834350293,37.506653583149756,127.02903531498012,37.51572416175492
2735,반포,956375,957375,1945125,1945875,127.011727,37.508178,5,127.00637745627427,37.504365099055306,127.01773570629419,37.51117183192983
2736,고속터미널,955625,956875,1944125,1945375,127.005068,37.503367,11,126.99792159087717,37.495316019002644,127.01213747972251,37.50664193309156
2737,내방,954375,956125,1942625,1944375,126.993513,37.487618,21,126.98384110754411,37.48173510783388,127.00374265180292,37.49759325222869
2738,이수,953625,954875,1942375,1943375,126.981605,37.485196,9,126.97541967070768,37.479444423387015,126.98962009897274,37.488519670981646
2739,남성,952125,953875,1942125,1944125,126.971251,37.484596,30,126.95840398648548,37.47711456852009,126.97832583019594,37.49523023660952
2740,숭실대입구(살피재),950375,953125,1943375,1945125,126.953822,37.496029,38,126.93854011395308,37.48828878614392,126.96976403861629,37.50420573733046
2741,상도,950375,952125,1943875,1945875,126.94791,37.502834,20,126.93848948134573,37.49279540985339,126.95842025806569,37.510914338984065
2742,장승배기,949625,951125,1944125,1945875,126.93915,37.504898,20,126.93000355792438,37.49500809783762,126.94709175329416,37.510861905948836
2743,신대방삼거리,948875,950625,1943875,1945375,126.928276,37.499701,18,126.92155242880472,37.49271356208788,126.94145242906872,37.50632867103778
2744,보라매,948125,949125,1944125,1944875,126.920428,37.499872,4,126.91310232942139,37.49492502494707,126.92446737630712,37.5017405875802
2745,신풍,946875,948375,1943875,1945625,126.90993,37.50008,25,126.89890672392463,37.49260064116526,126.9160008123351,37.50845883148465
2746,대림(구로구청),946375,947625,1943125,1945125,126.897075,37.493013,15,126.89328613786093,37.485811851487185,126.90757036525447,37.50390997677596
2747,남구로,944875,946625,1942125,1944125,126.887249,37.486056,23,126.876390990402,37.476710366775734,126.89633214677117,37.49483951507736
2748,가산디지털단지,944625,946625,1941375,1942625,126.882656,37.480338,18,126.87367587546113,37.469935538291296,126.89638651390426,37.48131974030069
2749,철산,942125,945125,1938125,1943375,126.867911,37.47605,96,126.84534206135328,37.44048960336514,126.87966603014044,37.487991706131744
2750,광명사거리,940625,943875,1937875,1943375,126.854876,37.479252,131,126.82837573855575,37.43814124591053,126.8655552236394,37.48791657382683
2751,천왕,940375,942625,1940375,1944125,126.838713,37.486637,64,126.82548723996351,37.46065796181958,126.8512312952614,37.49459957488282
2752,온수(성공회대입구),939125,940625,1942375,1944875,126.823023,37.492092,23,126.81128535600006,37.47860260141513,126.82845641527999,37.50123289315224
2753,까치울,938375,941125,1945125,1947125,126.810939,37.506207,48,126.8026120749404,37.50333865070937,126.83389108920485,37.52154426055714
2754,부천종합운동장,937875,938625,1944375,1945625,126.797337,37.50538,6,126.79708095962994,37.496545387327636,126.80567067026577,37.50786180795566
2755,춘의,936125,937125,1943875,1947375,126.787036,37.503663,25,126.77712971874973,37.49191947369691,126.7887452401989,37.523533471141
2756,신중동,935375,936625,1944625,1947875,126.77596,37.503048,32,126.76859863752036,37.498626983973146,126.78302492014707,37.52800570551167
2757,부천시청,934375,935875,1945125,1948375,126.763538,37.504631,47,126.757237191429,37.50306288144122,126.77449702361862,37.532460298810655
2758,상동,933375,934375,1944375,1946375,126.753083,37.505781,15,126.74610120508622,37.49623156687385,126.75759441422494,37.51432899955425
2759,삼산체육관,932375,933625,1944375,1945875,126.742153,37.506411,17,126.7348325763138,37.496158850617434,126.74911044223019,37.509768905505325
2760,굴포천,931375,932375,1944875,1946625,126.73128,37.506997,9,126.72344862422082,37.50059147113516,126.73492456186186,37.51643776592293
2761,부평구청,930375,931875,1944875,1946125,126.721599,37.507394,9,126.71218110342605,37.50051657672991,126.72926827869523,37.51189456132475
2811,암사,965375,967875,1949375,1952375,127.127562,37.55021,56,127.1079044776632,37.54305370834883,127.13634551046252,37.57018444449265
2812,천호(풍납토성),965625,967125,1948125,1949125,127.123254,37.538113,9,127.1108877777086,37.53179631643568,127.12791167242098,37.540864447135576
2813,강동구청,965125,967375,1946875,1948875,127.120508,37.530341,34,127.105239965801,37.520510772018646,127.13079671863963,37.53861997656347
2814,몽촌토성(평화의문),965125,966375,1946125,1947375,127.112359,37.517409,10,127.10531121840023,37.513750702419955,127.11951469272697,37.52506390870035
2815,잠실(송파구청),964625,965625,1945625,1946625,127.104338,37.514692,7,127.09968884240617,37.509224950221736,127.11105159564725,37.51827618629185
2816,석촌,964625,965625,1944875,1945875,127.106832,37.505557,5,127.09972494926258,37.50246487226808,127.11108666627557,37.511516109542534
2817,송파,964875,966625,1943625,1945375,127.112183,37.499703,20,127.1025775801535,37.491207603468155,127.12245700591346,37.50704609932553
2818,가락시장,965875,966875,1943375,1944375,127.118398,37.492888,5,127.11393827181016,37.488991737735425,127.12529624411594,37.49804163849564
2819,문정,965625,967875,1942125,1943625,127.1225,37.485855,24,127.11114509129374,37.477715609041425,127.13666240876299,37.4913168646145
2820,장지,965375,968875,1941625,1943125,127.126191,37.478703,40,127.10834064665107,37.4731995249715,127.14799346807521,37.48684436247055
2821,복정,964375,968625,1940125,1942125,127.126732,37.471052,66,127.09707784212786,37.45964126256344,127.14523005144603,37.47782238142128
2822,산성,967875,971125,1938875,1942125,127.149908,37.457122,59,127.13666240876299,37.44850259206692,127.17354710895415,37.477903915854185
2823,남한산성입구(성남법원.검찰청),969125,975125,1937625,1942375,127.159816,37.451535,264,127.15078932704371,37.43727819218244,127.21881164823596,37.48027369495586
2824,단대오거리,968875,972875,1935625,1939125,127.156866,37.44521,95,127.14809908881288,37.4192426020026,127.19345136063558,37.45091618934862
2825,신흥,967875,970875,1935125,1939125,127.147564,37.440918,54,127.13679324005403,37.414701630249745,127.17086874827963,37.450855351192445
2826,수진,967625,970125,1935375,1938625,127.140722,37.437428,47,127.13398873864453,37.416946324260174,127.16238328346756,37.446324627404934
2827,모란,966375,967875,1936875,1937875,127.129837,37.433824,9,127.11989150771666,37.430422141113375,127.13689124887192,37.439489021255
4101,개화,935375,939125,1952125,1956125,126.798153,37.578608,125,126.76787126864734,37.56622358902584,126.81068417234152,37.60253067840054
4102,김포공항,938125,938625,1951375,1951875,126.802152,37.561916,1,126.79938258229458,37.55965281961437,126.80508561366496,37.56419272862362
4103,공항시장,938625,939625,1951375,1952375,126.810678,37.563726,6,126.80500188512931,37.55968627502433,126.81640730323839,37.56876529677537
4104,신방화,938875,940375,1951625,1953125,126.816601,37.567532,16,126.80777007995256,37.56195612953947,126.82487826248034,37.57557386920226
4105,마곡나루,939875,941375,1951875,1953875,126.82731,37.566778,23,126.81903260358868,37.56427519316316,126.83618036341136,37.58239780673518
4106,양천향교,940875,943625,1951625,1954875,126.841333,37.568381,89,126.83027700006183,37.5620867050722,126.86167519823678,37.59155136657318
4107,가양,942125,944625,1950125,1953875,126.854456,37.561391,55,126.8445142329992,37.548646623107125,126.87311067328196,37.582599112111744
4108,증미,942625,945375,1950125,1953125,126.861939,37.557402,49,126.85023558901362,37.54867789473322,126.88160081751089,37.57588417351581
4109,등촌,942625,945125,1948875,1951375,126.865689,37.550632,37,126.85037258962771,37.53741161944831,126.87886424731307,37.560096498627786
4110,염창,943625,945875,1948625,1951625,126.874916,37.546936,39,126.86167519823678,37.53522006121464,126.8873715610021,37.56239414465434
4111,신목동,944625,946875,1948375,1951375,126.88308,37.544277,42,126.87301628920447,37.53302740757997,126.89870784677586,37.56019910676391
4112,선유도,945375,947375,1948125,1950375,126.893525,37.53802,30,126.88158220045695,37.53081888033761,126.90438470522032,37.551214719883724
4113,당산,946625,948125,1947625,1948625,126.902809,37.533406,13,126.8958602034186,37.5263855345393,126.91290819570978,37.535484286153405
4114,국회의사당,947625,949375,1947125,1949125,126.917874,37.528105,29,126.90714274272594,37.521936303756355,126.92708879434788,37.540060362381006
4115,여의도,948375,949375,1946625,1947875,126.92403,37.52176,6,126.91571984353733,37.51747200865669,126.92712325059834,37.52879390975601
4116,샛강,948875,949625,1946375,1947125,126.928422,37.517274,3,126.92143067496151,37.51524656229094,126.92996928325012,37.52204771728829
4117,노량진,949875,950875,1945625,1947125,126.941005,37.513534,10,126.93274692140915,37.50854153835432,126.94416348241535,37.52211514853471
4118,노들,951125,952625,1945125,1947375,126.953222,37.512887,30,126.94687563667772,37.504101980200744,126.96399568938305,37.5244600151452
4119,흑석(중앙대입구),951875,953625,1944375,1946625,126.963708,37.50877,32,126.95541225987688,37.497381453881445,126.97535662684336,37.51775090576408
4120,동작(현충원),952875,954125,1943875,1946125,126.978153,37.502878,26,126.96675998250892,37.492926407607776,126.9810441311663,37.513269273103376
4121,구반포,954125,955375,1943875,1945875,126.987332,37.501364,20,126.98091934710249,37.49298936807992,126.99518410858408,37.51107726164731
4122,신반포,954625,955875,1943875,1946125,126.995925,37.503415,20,126.98656125701585,37.49301407842793,127.0008401114389,37.51335463685517
4123,고속터미널,955375,956625,1944875,1946375,127.004403,37.50598,12,126.99503236114363,37.50206395588933,127.00926514897877,37.51564353342355
4124,사평,956625,957625,1944375,1945625,127.015259,37.504206,11,127.00922089730366,37.49761688332413,127.02060736691138,37.50893001467687
4126,언주,958125,959375,1944875,1946125,127.033868,37.507287,10,127.02616405547163,37.5021928306498,127.04037707383965,37.513515406262165
4127,선정릉,959125,960375,1945125,1946125,127.043999,37.510297,6,127.03747919899183,37.5044910045373,127.0516770739292,37.51355890162508
4128,삼성중앙,959875,961125,1945375,1946625,127.053282,37.513011,12,127.04593826832864,37.50677726384506,127.06014922982575,37.51809749989125
4129,봉은사,960625,962125,1945625,1947125,127.060245,37.514219,16,127.05439836599928,37.50906291801885,127.07145054370322,37.52264579647474
4130,종합운동장,962125,963125,1944875,1947375,127.076275,37.511426,20,127.07136033088473,37.50236565824635,127.08280272340326,37.52493967184222
4131,삼전,962625,964125,1944125,1945625,127.088025,37.504738,18,127.07710782022927,37.49562597618884,127.09415287295106,37.5092056444752
4132,석촌고분,963625,965125,1943875,1945625,127.097033,37.502558,25,127.08842239019314,37.49341256247329,127.10547728943781,37.509243985028995
4133,석촌,964875,965875,1944375,1945375,127.10704,37.505208,6,127.1025775801535,37.497967696714596,127.11393827181016,37.507018666964974
4134,송파나루,965125,966375,1945125,1946375,127.112216,37.510372,12,127.10535869369022,37.504737264178075,127.11956044105088,37.51605047273643
4135,한성백제,965625,966875,1945625,1947375,127.116503,37.516404,15,127.11096971860353,37.50926274889622,127.12519489167923,37.52508200546049
4136,올림픽공원(한국체대),966625,967625,1945875,1947375,127.130288,37.516269,12,127.12228673457138,37.51155282742461,127.13366987187476,37.52510864229509
4137,둔촌오륜,967125,969875,1945375,1947375,127.137989,37.519683,42,127.12794525018431,37.50706404891552,127.15914917399267,37.52518489297555
4138,중앙보훈병원,968125,972125,1945875,1949125,127.148739,37.529191,130,127.13918631429215,37.51160587201389,127.18458758181116,37.5410292421212
4701,북한산우이,952125,958625,1961875,1967375,127.012706,37.662909,366,126.95688278078366,37.65512449839277,127.03093171864909,37.70501251011136
4702,솔밭공원,952625,958625,1961375,1962625,127.013273,37.65603,64,126.96286360053433,37.65064392459021,127.03096006569834,37.662200368019214
4703,4.19민주묘지,952625,958125,1959625,1961625,127.013684,37.649502,97,126.96292852938628,37.63487108484624,127.02539244993376,37.653164571578216
4704,가오리,954125,958125,1959625,1961125,127.016789,37.641537,36,126.97996420398322,37.634947227436584,127.02539244993376,37.64865800880978
4705,화계,953375,958125,1958875,1960125,127.017511,37.634133,43,126.97152644388386,37.62814965151185,127.02543543876996,37.63964487286289
4706,삼양,956125,957875,1958125,1959375,127.018106,37.626914,12,127.0027404072909,37.62152524570026,127.02264553842502,37.6328735809932
4707,삼양사거리,957125,958375,1957125,1958625,127.020473,37.621337,12,127.01411759154249,37.6125592838903,127.02836822470661,37.62613650293231
4708,솔샘,953375,957625,1957125,1959625,127.013626,37.620238,51,126.97155836242247,37.612376729259104,127.01987062599284,37.635115368195116
4709,북한산보국문,953125,957625,1955625,1959375,127.008251,37.612072,136,126.9687410487476,37.59884433974426,127.0199575187563,37.632862082158105
4710,정릉,955125,957625,1955125,1956875,127.013396,37.603133,30,126.99156074396431,37.5944375196763,127.01998647010835,37.6103291740785
4711,성신여대입구(돈암),956875,958375,1954375,1955375,127.016516,37.592467,8,127.0114762049622,37.58776133094565,127.02852466536027,37.59684363567982
4712,보문,957375,958125,1953625,1954875,127.019381,37.585286,6,127.01716918241263,37.581024718531026,127.02573595872293,37.59232568146479
4713,신설동,957375,958125,1952625,1953875,127.023242,37.576095,6,127.01722740073886,37.572011489654464,127.0257931209643,37.58331245879258
